#,Song,Artist,BPM,Camelot,Energy,Added At,Duration,Popularity,Genres,Album,Album Date,Dance,Acoustic,Instrumental,Valence,Speech,Live,Loud (Db),Key,Time Signature,Spotify Track Id,ISRC
1,"Ready to Run","The Chicks",99,9B,64,2026-01-29,03:52,59,"country","Fly",1999-08-27,64,25,0,29,0,20,-8,G Major,4,7yNTZj1ugKCeRJdSP1meOk,USSM19806736
2,"If I Fall You're Going Down with Me","The Chicks",123,4B,81,2026-01-29,03:04,43,"country","Fly",1999-08-27,72,12,0,56,0,30,-7,G#/A♭ Major,4,2MMZ1Llts0rTaU834P2Xct,USSM19901547
3,"Cowboy Take Me Away","The Chicks",164,2B,62,2026-01-29,04:51,70,"country","Fly",1999-08-27,47,37,1,46,0,10,-7,F#/G♭ Major,4,3rXCZRMiMZp0feGcYXpwYX,USSM19901550
4,"Cold Day in July","The Chicks",129,9B,37,2026-01-29,05:12,43,"country","Fly",1999-08-27,57,2,0,30,0,0,-11,G Major,4,2dtitppHZmA0MxLZ3Giq3o,USSM19901540
5,"Goodbye Earl","The Chicks",123,8B,70,2026-01-29,04:19,67,"country","Fly",1999-08-27,71,2,0,77,0,0,-7,C Major,4,7rqaqQurHzR5xHAhdm1gmM,USSM19901548
6,"Hello Mr. Heartache","The Chicks",110,8B,60,2026-01-29,03:49,43,"country","Fly",1999-08-27,68,0,0,86,0,30,-8,C Major,4,4GuMdwLD8vYsv1j50F8LcK,USSM19901549
7,"Don't Waste Your Heart","The Chicks",86,12B,32,2026-01-29,02:50,39,"country","Fly",1999-08-27,57,25,0,60,0,10,-10,E Major,4,3ikcT8s3oLYrqRWVV1V0X9,USSM19901542
8,"Sin Wagon","The Chicks",144,6B,94,2026-01-29,03:40,51,"country","Fly",1999-08-27,60,1,2,90,0,20,-6,A#/B♭ Major,4,5aUoUiLkJ0aUhNZtF2RdQK,USSM19901539
9,"Without You","The Chicks",92,10B,42,2026-01-29,03:32,47,"country","Fly",1999-08-27,63,31,0,17,0,10,-9,D Major,4,5ucNGmVbZo3ZdUe1gpTgbF,USSM19901543
10,"Some Days You Gotta Dance","The Chicks",170,12B,90,2026-01-29,02:30,45,"country","Fly",1999-08-27,63,31,0,91,0,0,-8,E Major,4,3dQVhh2jNpnLKqJyGiFPmP,USSM19901545
11,"Hole in My Head","The Chicks",153,10B,87,2026-01-29,03:22,36,"country","Fly",1999-08-27,60,15,0,90,0,0,-7,D Major,4,6wxVOknGabpV763hFCIkV8,USSM19901541
12,"Heartbreak Town","The Chicks",184,10B,42,2026-01-29,03:54,38,"country","Fly",1999-08-27,41,10,0,23,0,0,-9,D Major,4,4CRTSexfyLlD0qKRlQNn9h,USSM19901546
13,"Let Him Fly","The Chicks",112,10B,7,2026-01-29,03:09,40,"country","Fly",1999-08-27,50,81,0,45,0,0,-13,D Major,4,5fzAsLqYKkmd82MsYKE4yi,USSM19901544
14,"Introduction: Come To The Party","Aaron Carter",96,11B,27,2026-01-29,00:21,0,"bubblegum pop","Aaron's Party (Come Get It)",2000-09-26,74,43,0,97,70,10,-18,A Major,4,3x7CNWDHCWLhoRFEUgWt8W,USJI10300401
15,"Aaron's Party (Come Get It)","Aaron Carter",117,3B,89,2026-01-29,03:24,42,"bubblegum pop","Aaron's Party (Come Get It)",2000-09-26,94,5,0,91,10,0,-4,C♯/D♭ Major,4,4fF34Yf5KsfUbCORyLGpEj,USJI10000296
16,"I Want Candy","Aaron Carter",110,4B,90,2026-01-29,03:13,46,"bubblegum pop","Aaron's Party (Come Get It)",2000-09-26,79,1,0,95,0,0,-4,G#/A♭ Major,4,7sruBwHu4S0DIo8RXKxsAY,USJI10000281
17,"Bounce","Aaron Carter",100,12B,87,2026-01-29,03:19,24,"bubblegum pop","Aaron's Party (Come Get It)",2000-09-26,79,3,0,47,0,90,-4,E Major,4,0GCRf0kCJpiWO806gnXkAc,USJI10000126
18,"My Internet Girl","Aaron Carter",106,10B,93,2026-01-29,04:00,19,"bubblegum pop","Aaron's Party (Come Get It)",2000-09-26,81,1,14,86,0,0,-3,D Major,4,0EHDBadWvYlH5fPXipGSGS,USJI10000297
19,"That's How I Beat Shaq","Aaron Carter",106,11A,80,2026-01-29,03:24,32,"bubblegum pop","Aaron's Party (Come Get It)",2000-09-26,89,7,0,65,20,10,-5,F#/G♭ Minor,4,3RPjcyceIs824Edmp5ZqAE,USJI10000369
20,"The Clapping Song","Aaron Carter",99,3B,93,2026-01-29,02:58,18,"bubblegum pop","Aaron's Party (Come Get It)",2000-09-26,72,0,0,91,0,20,-4,C♯/D♭ Major,4,4Qpd6OyxyURY1kZRf0DPcm,USJI10000298
21,"Iko Iko","Aaron Carter",101,9B,91,2026-01-29,02:41,24,"bubblegum pop","Aaron's Party (Come Get It)",2000-09-26,71,0,0,76,0,10,-5,G Major,4,6zM5R8x2cpDGjuK5NRu5oP,USJI10000299
22,"Real Good Time","Aaron Carter",176,12B,95,2026-01-29,03:14,18,"bubblegum pop","Aaron's Party (Come Get It)",2000-09-26,65,3,0,83,10,30,-3,E Major,4,3EHu1c0YhNLaWvamhHSZ4r,USJI10000127
23,"Tell Me What You Want","Aaron Carter",120,3B,91,2026-01-29,03:12,18,"bubblegum pop","Aaron's Party (Come Get It)",2000-09-26,77,7,0,92,0,40,-2,C♯/D♭ Major,4,4h5feKFEaMTvo8kXz4FkK3,USJI10000300
24,"Girl You Shine","Aaron Carter",90,11B,92,2026-01-29,03:21,22,"bubblegum pop","Aaron's Party (Come Get It)",2000-09-26,59,3,0,73,0,20,-5,A Major,4,1s8KMImHUVMK67inYjzVYo,USJI10000301
25,"Big Bad 'Shine-y' Beat Box","Aaron Carter",132,12A,31,2026-01-29,00:27,0,"bubblegum pop","Aaron's Party (Come Get It)",2000-09-26,63,85,0,90,50,80,-20,C♯/D♭ Minor,3,2yYV8tcbds59BVH2angQjW,USJI10300402
26,"Escape","Enrique Iglesias",126,1B,86,2026-01-29,03:28,53,"latin pop, latin","Escape",2001-01-01,77,3,0,88,0,10,-5,B Major,4,10IJIegM5XnMlN7zrfn3tL,USIR10120228
27,"Don't Turn Off The Lights","Enrique Iglesias",103,9B,84,2026-01-29,03:46,48,"latin pop, latin","Escape",2001-01-01,77,1,0,19,0,0,-4,G Major,4,2wdX7seKD9pK35aZF3kMbY,USIR10120226
28,"Love To See You Cry","Enrique Iglesias",123,3A,80,2026-01-29,04:05,38,"latin pop, latin","Escape",2001-01-01,75,14,0,68,0,0,-6,A#/B♭ Minor,4,6HojDglE8E3EA7SbTLE8VF,USIR10120231
29,"Hero","Enrique Iglesias",152,9B,64,2026-01-29,04:24,53,"latin pop, latin","Escape",2001-01-01,56,15,0,15,0,10,-6,G Major,4,3NdkOHvXadtSXWHPQ66rW5,USIR10120047
30,"I Will Survive","Enrique Iglesias",106,3B,87,2026-01-29,03:42,39,"latin pop, latin","Escape",2001-01-01,69,14,0,35,0,0,-3,C♯/D♭ Major,4,0SRVlshKE1DW7SZEhX7nyW,USIR10120229
31,"Love 4 Fun","Enrique Iglesias",103,10B,70,2026-01-29,03:14,34,"latin pop, latin","Escape",2001-01-01,81,3,0,72,0,30,-5,D Major,4,1nthU17QN7I8mxJR3jPyuE,USIR10120232
32,"Maybe","Enrique Iglesias",91,2B,81,2026-01-29,03:13,38,"latin pop, latin","Escape",2001-01-01,51,38,0,42,0,10,-4,F#/G♭ Major,4,4vSQMvXvp6FGGN16t9cj1x,USIR10120233
33,"One Night Stand","Enrique Iglesias",129,8B,88,2026-01-29,04:10,38,"latin pop, latin","Escape",2001-01-01,62,2,0,46,0,10,-4,C Major,4,29XXuizhXIgznnJFoI46VP,USIR10120235
34,"She Be The One","Enrique Iglesias",94,1A,91,2026-01-29,03:35,32,"latin pop, latin","Escape",2001-01-01,72,5,0,90,0,0,-4,G#/A♭ Minor,4,3O643B26KZBVkcGJcLpucv,USIR10120236
35,"If The World Crashes Down","Enrique Iglesias",127,7B,88,2026-01-29,04:44,38,"latin pop, latin","Escape",2001-01-01,71,1,0,43,0,20,-4,F Major,4,3tEFlPUOexZwkpgOgESX2K,USIR10120230
36,"Escapar","Enrique Iglesias",126,1B,87,2026-01-29,03:27,62,"latin pop, latin","Escape",2001-01-01,77,4,0,87,0,0,-5,B Major,4,43RR8ItPkVLf5SEAQ4Ao3x,USIR10120227
37,"No Apagues La Luz","Enrique Iglesias",103,9B,88,2026-01-29,03:47,38,"latin pop, latin","Escape",2001-01-01,78,2,0,25,0,0,-3,G Major,4,6zZvZmxeKdmjTqiqAukyas,USIR10120234
38,"Heroe","Enrique Iglesias",76,9B,57,2026-01-29,04:23,69,"latin pop, latin","Escape",2001-01-01,56,16,0,19,0,10,-6,G Major,4,4AkrkORGjiz7c90mwxAvdW,USIR10120048
39,"Hero - MetroMix","Enrique Iglesias",130,9B,89,2026-01-29,04:16,37,"latin pop, latin","Escape",2001-01-01,61,4,0,50,0,30,-5,G Major,4,6hxwM3z7a87JohN1Ji7g3u,USIR10120050
40,"Maybe - Mark Taylor Version","Enrique Iglesias",91,2B,55,2026-01-29,03:09,31,"latin pop, latin","Escape",2001-01-01,59,55,0,53,0,10,-6,F#/G♭ Major,4,4eFDdBL9uR5VigQe6QLagG,USIR10211723
41,"To Love A Woman","Lionel Richie,Enrique Iglesias",80,9B,70,2026-01-29,03:53,35,"motown, latin pop, latin","Escape",2001-01-01,61,16,0,51,0,30,-5,G Major,4,68JHnnanM4ju7cFzFhz3l9,USIR20200971
42,"M!ssundaztood","P!nk",120,12A,93,2026-01-29,03:36,34,"","M!ssundaztood",2001-11-20,80,0,3,98,0,10,-5,C♯/D♭ Minor,4,3ytGk8uwqSxcyd1RjVsrin,USAR10100714
43,"Don't Let Me Get Me - Radio Edit","P!nk",98,5A,85,2026-01-29,03:30,44,"","M!ssundaztood",2001-11-20,54,0,0,59,0,0,-5,C Minor,4,0eXz79Tu1iKOtxAcN1WnvA,USAR10100715
44,"Just Like a Pill","P!nk",102,11B,78,2026-01-29,03:57,49,"","M!ssundaztood",2001-11-20,69,0,0,25,0,10,-5,A Major,4,3bIF9Iee2Xmt8dQ71pUPGF,USAR10100716
45,"Get the Party Started","P!nk",129,10A,90,2026-01-29,03:11,47,"","M!ssundaztood",2001-11-20,81,0,0,96,0,20,-3,B Minor,4,2u1hMwcB9TwziV6P7jdyxX,USAR10100717
46,"Respect (feat. Scratch)","P!nk,Scratch",129,2A,75,2026-01-29,03:24,30,"","M!ssundaztood",2001-11-20,78,0,0,80,0,10,-7,D#/E♭ Minor,4,0DqDSW0xdTUMwhOLYLtC9m,USAR10100718
47,"18 Wheeler","P!nk",182,12B,85,2026-01-29,03:43,32,"","M!ssundaztood",2001-11-20,40,0,0,50,0,10,-6,E Major,4,02KXGtTWStBwmOLzFIUivK,USAR10100719
48,"Family Portrait","P!nk",92,5A,69,2026-01-29,04:56,42,"","M!ssundaztood",2001-11-20,76,2,0,78,0,50,-5,C Minor,4,1apAx8Fozuo5MzD0JLw4YX,USAR10100720
49,"Misery (with Steven Tyler)","P!nk,Steven Tyler",141,8B,68,2026-01-29,04:32,34,"","M!ssundaztood",2001-11-20,48,14,0,23,0,10,-7,C Major,3,6jY3W9ywchEFwA8uTzaGbK,USAR10100825
50,"Dear Diary","P!nk",90,9B,72,2026-01-29,03:29,30,"","M!ssundaztood",2001-11-20,65,0,0,39,0,0,-5,G Major,4,0F2EFQxsyVchq0W3Wb2TQV,USAR10100722
51,"Eventually","P!nk",137,6A,68,2026-01-29,03:34,27,"","M!ssundaztood",2001-11-20,58,10,0,42,0,10,-6,G Minor,4,4wVA1OlDoVKILzGmAJMSH4,USAR10100723
52,"Lonely Girl (feat. Linda Perry)","P!nk,Linda Perry",155,1A,71,2026-01-29,04:20,28,"","M!ssundaztood",2001-11-20,51,0,0,53,0,0,-5,G#/A♭ Minor,4,4egPgFmLoE1Z2bKLEmzCkQ,USAR10100724
53,"Numb","P!nk",109,7B,91,2026-01-29,03:07,28,"","M!ssundaztood",2001-11-20,63,0,0,29,0,10,-5,F Major,4,6BIaQrIUOSyyJvry76fNJp,USAR10100725
54,"Gone to California","P!nk",125,6A,56,2026-01-29,04:33,25,"","M!ssundaztood",2001-11-20,65,33,0,49,0,30,-9,G Minor,4,3QRZknOUCPCpOvK21j0rXb,USAR10100726
55,"My Vietnam","P!nk",99,9A,59,2026-01-29,05:19,26,"","M!ssundaztood",2001-11-20,72,0,0,62,0,10,-8,E Minor,4,3Wto3qVmbTqpSskoQ3YIxt,USAR10100727
56,"Every Time I Look at You","Blake Shelton",121,7B,75,2026-01-29,02:57,26,"country","Blake Shelton",2001-07-31,71,1,0,80,0,30,-5,F Major,4,1VQGhzMulHmfOIWso3jJsV,USGI10100221
57,"All Over Me","Blake Shelton",130,11B,53,2026-01-29,03:15,33,"country","Blake Shelton",2001-07-31,51,56,0,25,0,0,-8,A Major,4,5jym9AK0j4z3lWjXUF8JdG,USGI10000126
58,"She Doesn't Know She's Got It","Blake Shelton",119,2B,87,2026-01-29,03:18,26,"country","Blake Shelton",2001-07-31,65,7,0,88,0,10,-5,F#/G♭ Major,4,18UoSTEtYbW9cuA1tqloZ4,USGI10000125
59,"Austin","Blake Shelton",120,9B,61,2026-01-29,03:50,67,"country","Blake Shelton",2001-07-31,61,19,0,28,0,10,-7,G Major,4,2WQAknZHrJAEQOFXe0F44P,USGI10100011
60,"Ol' Red","Blake Shelton",75,6B,56,2026-01-29,03:41,68,"country","Blake Shelton",2001-07-31,66,15,0,49,0,10,-8,A#/B♭ Major,4,5wane5dFpp8xgriui6y0c7,USGI10000132
61,"I Thought There Was Time","Blake Shelton",94,4B,66,2026-01-29,03:24,23,"country","Blake Shelton",2001-07-31,68,6,0,64,0,10,-6,G#/A♭ Major,4,3sngGxLw067K1OJ0H6cPcs,USGI10100222
62,"Same Old Song","Blake Shelton",104,10B,76,2026-01-29,03:50,22,"country","Blake Shelton",2001-07-31,65,10,0,47,0,0,-5,D Major,4,4R7Vo6WQpFQYHeZtzkswRP,USGI10000133
63,"That's What I Call Home","Blake Shelton",144,8B,73,2026-01-29,03:17,22,"country","Blake Shelton",2001-07-31,57,17,0,59,0,10,-5,C Major,4,3eXUJP5PjhZVpxajt5MHkN,USGI10100223
64,"Problems at Home","Blake Shelton",131,7B,43,2026-01-29,04:00,21,"country","Blake Shelton",2001-07-31,51,22,0,28,0,10,-7,F Major,4,25ZqQokIirbPOaNhxwHd45,USGI10000131
65,"If I Was Your Man","Blake Shelton",93,4A,74,2026-01-29,03:39,23,"country","Blake Shelton",2001-07-31,67,8,0,84,0,20,-5,F Minor,4,7lklD1zut5fyF0K7TxWkJG,USGI10100224
66,"I'm Just Talkin' About Tonight","Toby Keith",124,9B,85,2026-01-29,02:46,54,"country, classic country","Pull My Chain",2001-08-10,69,34,0,82,0,10,-5,G Major,4,6nN58NDV8VnjvtBmR00qq4,USDW10110236
67,"I Wanna Talk About Me","Toby Keith",106,7B,87,2026-01-29,03:03,67,"country, classic country","Pull My Chain",2001-08-10,77,17,0,68,0,10,-5,F Major,4,3VHevS1BocAcrihLnl11DG,USDW10110283
68,"I Can't Take You Anywhere","Toby Keith",107,12B,75,2026-01-29,03:34,28,"country, classic country","Pull My Chain",2001-08-10,73,27,0,82,0,0,-6,E Major,4,0lzcNtphdk0YXXVr4KvFws,USDW10110284
69,"You Leave Me Weak","Toby Keith",86,2B,50,2026-01-29,03:23,24,"country, classic country","Pull My Chain",2001-08-10,56,54,0,12,0,10,-8,F#/G♭ Major,4,6OazKV59w0yBnb1jJDlN3N,USDW10110285
70,"Tryin' To Matter","Toby Keith",103,7B,64,2026-01-29,04:02,21,"country, classic country","Pull My Chain",2001-08-10,69,16,0,40,0,10,-8,F Major,4,2REWXF0gRyUtWEp1kS4DiJ,USDW10110286
71,"Pull My Chain","Toby Keith",92,12B,91,2026-01-29,03:58,23,"country, classic country","Pull My Chain",2001-08-10,61,3,0,81,0,0,-5,E Major,4,0l93GzU68zRtpjS5IddDQT,USDW10110287
72,"The Sha La La Song","Toby Keith",155,7B,86,2026-01-29,03:24,23,"country, classic country","Pull My Chain",2001-08-10,58,20,0,63,10,0,-6,F Major,4,52LTCm5VZtuvSLWidnWM7R,USDW10110288
73,"Pick 'Em Up And Lay 'Em Down","Toby Keith",156,11A,90,2026-01-29,04:17,25,"country, classic country","Pull My Chain",2001-08-10,55,30,0,90,0,0,-4,F#/G♭ Minor,4,5JSEd547bcJ5rkSFUoc8d5,USDW10110289
74,"Forever Hasn't Got Here Yet","Toby Keith",124,12B,82,2026-01-29,02:57,22,"country, classic country","Pull My Chain",2001-08-10,71,10,0,73,0,10,-7,E Major,4,5OlAcFPz8PJnoZej4qXZc2,USDW10110290
75,"Yesterday's Rain","Toby Keith",100,12B,59,2026-01-29,03:08,20,"country, classic country","Pull My Chain",2001-08-10,64,34,0,53,0,30,-7,E Major,4,6m7vTi43b9cZDuD8DVs3OL,USDW10110291
76,"My List","Toby Keith",87,12A,69,2026-01-29,03:20,55,"country, classic country","Pull My Chain",2001-08-10,63,44,0,36,0,10,-7,C♯/D♭ Minor,4,5WFDseVq6n2LnKQMByCYnj,USDW10110292
77,"You Didn't Have As Much To Lose","Toby Keith",101,7B,39,2026-01-29,03:00,19,"country, classic country","Pull My Chain",2001-08-10,54,41,0,17,0,10,-10,F Major,4,1YZ5SyUZAl84sIjcmxSTrK,USDW10110293
78,"Gimme 8 Seconds","Toby Keith",102,7B,95,2026-01-29,02:49,24,"country, classic country","Pull My Chain",2001-08-10,65,17,0,39,0,10,-3,F Major,4,25LOHds1cY02CACHUZcLcq,USDW10110294
79,"Take Me Away","Avril Lavigne",99,9A,89,2026-01-29,02:57,56,"","Under My Skin",2004-00-00,51,0,0,26,0,20,-2,E Minor,4,4e8HF8QcD4HlfgRT6TGDlO,USAR10400373
80,"Together","Avril Lavigne",82,6A,86,2026-01-29,03:14,49,"","Under My Skin",2004-00-00,44,0,9,30,0,20,-3,G Minor,4,54ZydtdUOVRV78drWmJeII,USAR10400483
81,"Don't Tell Me","Avril Lavigne",144,12B,80,2026-01-29,03:22,63,"","Under My Skin",2004-00-00,52,0,0,48,0,30,-3,E Major,4,0dEQaNYfp5G7Sflek2Qnde,USAR10400119
82,"He Wasn't","Avril Lavigne",173,9B,86,2026-01-29,02:59,55,"","Under My Skin",2004-00-00,41,0,0,66,0,0,-4,G Major,4,0VRxqpFICUHJKuWx9sQrm6,USAR10400484
83,"How Does It Feel","Avril Lavigne",118,8B,58,2026-01-29,03:44,50,"","Under My Skin",2004-00-00,65,2,0,34,0,10,-5,C Major,4,7vTCIwHvCT3zMmtYBo0uff,USAR10400485
84,"My Happy Ending","Avril Lavigne",170,10B,94,2026-01-29,04:02,76,"","Under My Skin",2004-00-00,41,0,0,74,0,30,-2,D Major,4,6sqNctd7MlJoKDOxPVCAvU,USAR10400486
85,"Nobody's Home","Avril Lavigne",185,4A,91,2026-01-29,03:32,70,"","Under My Skin",2004-00-00,35,0,0,18,0,10,-4,F Minor,4,0cZDC7uxNK8lqQ3GgyvCnD,USAR10400487
86,"Forgotten","Avril Lavigne",132,5A,68,2026-01-29,03:17,49,"","Under My Skin",2004-00-00,57,0,0,35,0,20,-3,C Minor,4,5tvMPInkVFU1YQJZnQzEEL,USAR10400488
87,"Who Knows","Avril Lavigne",162,9B,81,2026-01-29,03:29,48,"","Under My Skin",2004-00-00,45,0,0,37,0,10,-3,G Major,4,6lUIEm45AdsmH3tpjRmqpU,USAR10400489
88,"Fall To Pieces","Avril Lavigne",178,8B,90,2026-01-29,03:28,57,"","Under My Skin",2004-00-00,43,0,0,49,0,60,-3,C Major,4,396WOfbkqKaXYFwx6XjdOF,USAR10400490
89,"Freak Out","Avril Lavigne",160,5B,89,2026-01-29,03:11,49,"","Under My Skin",2004-00-00,46,0,0,68,0,10,-2,D#/E♭ Major,4,4OGOs9wM85AnNrvSu95N0N,USAR10400491
90,"Slipped Away","Avril Lavigne",161,9B,62,2026-01-29,03:34,53,"","Under My Skin",2004-00-00,45,0,0,10,0,10,-4,G Major,3,5AZhrTm9YUCOiA3Vl2hQji,USAR10400492
91,"I Always Get What I Want","Avril Lavigne",91,11B,91,2026-01-29,02:31,45,"","Under My Skin",2004-00-00,61,0,0,78,10,0,-3,A Major,4,27Q0lsG2b9ESRSSJYPhxzp,USAR10400371
92,"Cheeseburger In Paradise","Jimmy Buffett",140,10B,66,2026-01-29,02:51,43,"","Songs You Know By Heart: Jimmy Buffett's Greatest Hit(s)",1985-10-14,70,6,0,97,0,0,-13,D Major,4,5zlx3zEoFoTJ9YMERoyIHc,USMC17800110
93,"He Went To Paris","Jimmy Buffett",119,11B,26,2026-01-29,03:28,47,"","Songs You Know By Heart: Jimmy Buffett's Greatest Hit(s)",1985-10-14,43,56,0,41,0,10,-18,A Major,4,6884u88Xiq1AsgIIr0QXP1,USMC17318889
94,"Fins","Jimmy Buffett",137,12B,64,2026-01-29,03:24,46,"","Songs You Know By Heart: Jimmy Buffett's Greatest Hit(s)",1985-10-14,66,1,0,93,0,0,-14,E Major,4,4h0gZ422QxBRdTV14u0P8y,USMC17908751
95,"Son Of A Son Of A Sailor","Jimmy Buffett",124,9B,21,2026-01-29,03:23,41,"","Songs You Know By Heart: Jimmy Buffett's Greatest Hit(s)",1985-10-14,47,20,0,38,0,0,-18,G Major,4,7fwTJPchlwmBo1hrfycdU5,USMC17800107
96,"A Pirate Looks At Forty","Jimmy Buffett",119,9B,25,2026-01-29,03:51,43,"","Songs You Know By Heart: Jimmy Buffett's Greatest Hit(s)",1985-10-14,57,72,0,45,0,10,-16,G Major,4,3gIzPjLLfvgjGcW3CbkDa6,USMC17418890
97,"Margaritaville","Jimmy Buffett",125,10B,47,2026-01-29,04:09,52,"","Songs You Know By Heart: Jimmy Buffett's Greatest Hit(s)",1985-10-14,79,63,0,84,0,10,-16,D Major,4,57FvuUotRyzRl8hwIhCVuO,USMC17601193
98,"Come Monday","Jimmy Buffett",112,11B,30,2026-01-29,03:08,44,"","Songs You Know By Heart: Jimmy Buffett's Greatest Hit(s)",1985-10-14,60,64,0,70,0,10,-16,A Major,4,7tZm5EwGpN3KeCt84dg6WC,USMC17418891
99,"Changes In Latitudes, Changes In Attitudes","Jimmy Buffett",126,10B,42,2026-01-29,03:14,39,"","Songs You Know By Heart: Jimmy Buffett's Greatest Hit(s)",1985-10-14,72,43,0,83,0,0,-16,D Major,4,2t2oHyivzVd3J80IGHezzu,USMC17601188
100,"Why Don't We Get Drunk","Jimmy Buffett",121,10B,52,2026-01-29,02:41,37,"","Songs You Know By Heart: Jimmy Buffett's Greatest Hit(s)",1985-10-14,58,56,0,71,0,10,-13,D Major,4,4N2vmXqxsWnbQFIUVkJ4rv,USMC17318892
101,"Pencil Thin Mustache","Jimmy Buffett",125,11A,39,2026-01-29,02:49,44,"","Songs You Know By Heart: Jimmy Buffett's Greatest Hit(s)",1985-10-14,73,47,0,81,0,10,-14,F#/G♭ Minor,4,3mfJT8Ae3pME7OmluGNMYF,USMC17418893
102,"Grapefruit - Juicy Fruit","Jimmy Buffett",129,9B,33,2026-01-29,02:56,44,"","Songs You Know By Heart: Jimmy Buffett's Greatest Hit(s)",1985-10-14,55,47,0,42,0,10,-17,G Major,4,6olmLJP2wtltkuDqxJb3KX,USMC17318894
103,"Boat Drinks","Jimmy Buffett",126,10B,46,2026-01-29,02:37,39,"","Songs You Know By Heart: Jimmy Buffett's Greatest Hit(s)",1985-10-14,64,1,0,91,0,10,-14,D Major,4,7zsg2FTc8dAwNJnzaXriLb,USMC17908746
104,"Volcano","Jimmy Buffett",89,7B,44,2026-01-29,03:38,42,"","Songs You Know By Heart: Jimmy Buffett's Greatest Hit(s)",1985-10-14,76,24,0,93,0,0,-15,F Major,4,31hMbkLgDW5Cbhzn6KF26b,USMC17908744
105,"Hands Up","Black Eyed Peas",87,1B,86,2026-01-29,03:35,45,"","Elephunk",2003-06-24,80,15,0,77,30,30,-4,B Major,4,50rD4dwcDpQJrs5goAeEBT,USIR10311889
106,"Labor Day (It's A Holiday)","Black Eyed Peas",104,10A,84,2026-01-29,03:58,40,"","Elephunk",2003-06-24,84,20,0,74,10,20,-3,B Minor,4,48qwRXfbIXyGc5vbt5oDPv,USIR10311891
107,"Let's Get It Started - Spike Mix","Black Eyed Peas",105,10A,79,2026-01-29,03:37,79,"","Elephunk",2003-06-24,78,11,0,81,10,30,-2,B Minor,4,4hfIVhq0F0zFUcrbecsYmo,USIR10400364
108,"Hey Mama","Black Eyed Peas",100,10A,88,2026-01-29,03:34,69,"","Elephunk",2003-06-24,87,11,0,94,20,60,-6,B Minor,4,3KDCYRQl4O681lkYI2sCqE,USIR10311890
109,"Shut Up","Black Eyed Peas",113,10B,72,2026-01-29,04:56,75,"","Elephunk",2003-06-24,81,7,0,58,20,20,-4,D Major,4,0KxU9wjCedUxSGdjuFdBDu,USIR10311895
110,"Smells Like Funk","Black Eyed Peas",96,4A,85,2026-01-29,05:04,45,"","Elephunk",2003-06-24,86,6,0,47,20,10,-5,F Minor,4,69Urq0NuoEZ6RwoaNVn1Pg,USIR10311896
111,"Latin Girls","Black Eyed Peas",103,12A,67,2026-01-29,06:17,44,"","Elephunk",2003-06-24,85,12,0,70,10,10,-5,C♯/D♭ Minor,4,60dXI6QtFVQEaLe1eKFrBs,USIR10311892
112,"Sexy","Black Eyed Peas",130,9B,65,2026-01-29,04:43,43,"","Elephunk",2003-06-24,65,6,0,56,30,10,-5,G Major,4,3hX4oYznwMulMXCMeT6Ia9,USIR10311894
113,"Fly Away","Black Eyed Peas",98,4B,63,2026-01-29,03:35,40,"","Elephunk",2003-06-24,76,3,0,75,10,20,-6,G#/A♭ Major,4,5y1Rz18HQMQnFp3EWy5xjQ,USIR10311888
114,"The Boogie That Be","Black Eyed Peas",105,12A,48,2026-01-29,05:12,51,"","Elephunk",2003-06-24,96,4,0,45,10,50,-6,C♯/D♭ Minor,4,12bZwKgVax8ibhwfiPgkQT,USIR10311970
115,"The Apl Song","Black Eyed Peas",89,9A,39,2026-01-29,02:54,51,"","Elephunk",2003-06-24,84,70,0,73,20,60,-6,E Minor,4,3RJscU6S1fLgCmH67OLIui,USIR10311897
116,"Anxiety","Black Eyed Peas,Papa Roach",94,8A,89,2026-01-29,03:38,55,"nu metal, rap metal, alternative metal, rap rock, rock","Elephunk",2003-06-24,56,11,0,51,10,0,-3,A Minor,4,716wcEhWeq3N1Id3L9mp6f,USIR10311887
117,"Where Is The Love?","Black Eyed Peas",94,7B,70,2026-01-29,04:32,84,"","Elephunk",2003-06-24,83,11,0,81,10,10,-3,F Major,4,0xmjwnQ3FNE6HuWCt2nHdZ,USIR10311862
118,"Third Eye","Black Eyed Peas",150,7B,62,2026-01-29,03:41,38,"","Elephunk",2003-06-24,71,74,0,78,10,0,-9,F Major,4,06M9YDcB2Adxg5bKTiJq95,USIR10311973
119,"Rock My Shit","Black Eyed Peas",107,10A,81,2026-01-29,03:50,34,"","Elephunk",2003-06-24,87,1,0,35,20,40,-5,B Minor,4,70jqvbOqt2BHKXwzkxMD0A,USIR10312055
120,"What's Goin Down","Black Eyed Peas",90,9B,85,2026-01-29,02:41,32,"","Elephunk",2003-06-24,80,1,3,81,10,0,-4,G Major,4,0MvlSEI8IfUr37z32bw7cs,USIR10311991
121,"Mayfield","Augustana",81,4A,82,2026-01-29,03:16,26,"","All The Stars and Boulevards",2005-00-00,49,0,0,51,0,20,-4,F Minor,4,2PLRPOhHLLubzk2AO4z5Pp,USSM10501400
122,"Bullets","Augustana",136,6B,84,2026-01-29,03:11,27,"","All The Stars and Boulevards",2005-00-00,49,0,0,32,0,0,-4,A#/B♭ Major,4,3ai2nEa3CdsYeCBHdYqHo1,USSM10501401
123,"Hotel Roosevelt","Augustana",105,9B,73,2026-01-29,03:50,26,"","All The Stars and Boulevards",2005-00-00,68,1,0,67,0,0,-6,G Major,4,0iZLoz842fs8jhYRtaKQ63,USSM10501402
124,"Boston","Augustana",147,8B,57,2026-01-29,04:05,61,"","All The Stars and Boulevards",2005-00-00,40,18,0,29,0,10,-5,C Major,4,2WZyfujzMweFLnozyUJBkW,USSM10501403
125,"Stars and Boulevards","Augustana",80,9B,72,2026-01-29,04:20,40,"","All The Stars and Boulevards",2005-00-00,27,1,0,44,0,0,-5,G Major,4,7yb43jMOe3LuBPss48SF8g,USSM10501404
126,"Feel Fine","Augustana",134,10B,91,2026-01-29,03:45,21,"","All The Stars and Boulevards",2005-00-00,49,0,16,45,0,30,-4,D Major,4,57ZM2wVnGENpoSR1meI7YA,USSM10501405
127,"Wasteland","Augustana",109,10B,62,2026-01-29,03:59,22,"","All The Stars and Boulevards",2005-00-00,52,1,0,20,0,30,-6,D Major,4,3NmjbbA6E0q1p1N4VSP2lg,USSM10501406
128,"Lonely People","Augustana",137,6A,94,2026-01-29,03:48,22,"","All The Stars and Boulevards",2005-00-00,48,0,0,37,0,10,-5,G Minor,4,4ZS2upJnxZf8EbB6NL2JcJ,USSM10501407
129,"Sunday Best","Augustana",142,11B,69,2026-01-29,03:20,39,"","All The Stars and Boulevards",2005-00-00,54,4,0,40,0,20,-7,A Major,4,6RJoqL7C1kEN6IL8zV6auG,USSM10501408
130,"California's Burning","Augustana",78,8B,53,2026-01-29,03:45,20,"","All The Stars and Boulevards",2005-00-00,37,0,0,13,0,30,-5,C Major,4,3VIbkO8CkdwXZiGmpHhgCa,USSM10501409
131,"Coffee and Cigarettes","Augustana",137,9B,29,2026-01-29,04:02,27,"","All The Stars and Boulevards",2005-00-00,39,27,2,13,0,10,-12,G Major,4,7H9srrl4Rd9KM037X8cEhm,USSM10501410
132,"Round Here","Counting Crows",94,9B,48,2026-01-29,05:31,67,"","August And Everything After",1993-09-14,31,14,0,19,0,0,-9,G Major,4,35qwJUKVy1OIt0wQ3xEXi0,USIR10000284
133,"Omaha","Counting Crows",81,11B,54,2026-01-29,03:39,59,"","August And Everything After",1993-09-14,53,18,0,52,0,10,-9,A Major,4,2Uwjr7EnHRXMgmL9SmX1Gj,USIR10000286
134,"Mr. Jones","Counting Crows",142,8B,82,2026-01-29,04:32,81,"","August And Everything After",1993-09-14,58,18,0,73,0,20,-7,C Major,4,5DiXcVovI0FcY2s0icWWUu,USIR10000287
135,"Perfect Blue Buildings","Counting Crows",80,7B,33,2026-01-29,05:00,52,"","August And Everything After",1993-09-14,60,59,1,37,0,10,-13,F Major,4,0Uy3QQreDK5rkMn36leRn2,USIR10000288
136,"Anna Begins","Counting Crows",113,9B,38,2026-01-29,04:31,57,"","August And Everything After",1993-09-14,51,37,0,55,0,0,-8,G Major,5,3GwIz1pLK6M2M0qp032McP,USIR10000289
137,"Time And Time Again","Counting Crows",144,8B,52,2026-01-29,05:12,51,"","August And Everything After",1993-09-14,51,60,0,16,0,10,-7,C Major,4,0thP75GquKWuUhwNQafKWl,USIR10000290
138,"Rain King","Counting Crows",79,11B,88,2026-01-29,04:15,59,"","August And Everything After",1993-09-14,48,51,0,73,0,30,-7,A Major,4,7s4JCyY8YIZSsKvtwStBQ6,USIR10000291
139,"Sullivan Street","Counting Crows",81,10B,38,2026-01-29,04:28,53,"","August And Everything After",1993-09-14,57,46,0,18,0,0,-8,D Major,4,5Dca0ubiXuNWTM6HSIynT7,USIR10000292
140,"Ghost Train","Counting Crows",109,8B,33,2026-01-29,04:01,41,"","August And Everything After",1993-09-14,42,54,1,37,0,10,-12,C Major,5,7GREq09W0ZD0427j5HmpAc,USIR10000293
141,"Raining In Baltimore","Counting Crows",80,7B,12,2026-01-29,04:40,46,"","August And Everything After",1993-09-14,40,87,0,12,0,30,-14,F Major,5,3RPvaTtA38cNsCNL7lXt4v,USIR10000294
142,"A Murder Of One","Counting Crows",116,2B,60,2026-01-29,05:43,50,"","August And Everything After",1993-09-14,53,13,0,41,0,10,-8,F#/G♭ Major,4,7ye3N9FfQLnLNH6VxBlZA0,USIR10000295
143,"If I Never See Your Face Again","Maroon 5",106,3B,87,2026-01-29,03:21,50,"pop","It Won't Be Soon Before Long.",2007-01-01,75,2,0,94,0,20,-2,C♯/D♭ Major,4,4xSjIgsYgd36OAK4QZ55Pr,USUM70731559
144,"Makes Me Wonder","Maroon 5",114,9B,85,2026-01-29,03:31,66,"pop","It Won't Be Soon Before Long.",2007-01-01,80,0,0,88,0,0,-2,G Major,4,1lHXlGlve5Zx8tXLhyjDwM,USUM70729755
145,"Little Of Your Time","Maroon 5",144,11A,96,2026-01-29,02:17,39,"pop","It Won't Be Soon Before Long.",2007-01-01,69,7,0,97,0,10,-3,F#/G♭ Minor,4,3UuylZ8AmrOT4OfjGofTCN,USUM70731560
146,"Wake Up Call","Maroon 5",164,9A,95,2026-01-29,03:21,60,"pop","It Won't Be Soon Before Long.",2007-01-01,63,3,0,97,0,0,-3,E Minor,4,1zqllQUMCgMaInr0CzFVll,USUM70731561
147,"Won't Go Home Without You","Maroon 5",110,5B,61,2026-01-29,03:51,71,"pop","It Won't Be Soon Before Long.",2007-01-01,74,2,0,41,0,10,-4,D#/E♭ Major,4,0tuyEYTaqLxE41yGHSsXjy,USUM70731562
148,"Nothing Lasts Forever","Maroon 5",96,9A,76,2026-01-29,03:07,48,"pop","It Won't Be Soon Before Long.",2007-01-01,60,35,0,56,0,0,-5,E Minor,4,6zaKzSQwWtxqAvBvoubEWo,USUM70731563
149,"Can't Stop","Maroon 5",155,9A,93,2026-01-29,02:32,40,"pop","It Won't Be Soon Before Long.",2007-01-01,61,2,0,97,0,0,-2,E Minor,4,6ZXRfraYr0sKNd9TKW5XQx,USUM70731564
150,"Goodnight Goodnight","Maroon 5",95,10B,70,2026-01-29,04:03,44,"pop","It Won't Be Soon Before Long.",2007-01-01,59,4,0,27,0,10,-4,D Major,4,0Bw6iiL5mYvq5I8VCaspqG,USUM70731565
151,"Not Falling Apart","Maroon 5",120,9B,71,2026-01-29,04:03,38,"pop","It Won't Be Soon Before Long.",2007-01-01,76,1,0,42,0,0,-5,G Major,4,6RFxg84B3wA2zUs9RrVOTZ,USUM70731566
152,"Kiwi","Maroon 5",142,8A,87,2026-01-29,03:34,34,"pop","It Won't Be Soon Before Long.",2007-01-01,74,4,1,71,10,90,-4,A Minor,4,2QAcGZOKjrQW0UL1YxO3Aa,USUM70731567
153,"Better That We Break","Maroon 5",80,8B,61,2026-01-29,03:06,36,"pop","It Won't Be Soon Before Long.",2007-01-01,52,31,0,38,0,10,-3,C Major,4,1EQoBUXD7EApSye8jmJTTg,USUM70731569
154,"Back At Your Door","Maroon 5",112,5B,62,2026-01-29,03:46,38,"pop","It Won't Be Soon Before Long.",2007-01-01,65,2,0,32,0,20,-3,D#/E♭ Major,3,1UvGv4XWZrVDrxbGKJfA0p,USUM70731568
155,"Save Me, San Francisco","Train",112,10B,94,2026-01-29,04:09,51,"soft pop","Save Me, San Francisco (Golden Gate Edition)",2010-12-01,64,5,0,89,0,60,-3,D Major,4,7gA5OQWsvAY7HhazroFuwI,USSM10904108
156,"Hey, Soul Sister","Train",97,12A,89,2026-01-29,03:36,84,"soft pop","Save Me, San Francisco (Golden Gate Edition)",2010-12-01,67,19,0,80,0,0,-4,C♯/D♭ Minor,4,4HlFJV71xXKIGcU3kRyttv,USSM10904113
157,"I Got You","Train",80,9B,91,2026-01-29,03:47,39,"soft pop","Save Me, San Francisco (Golden Gate Edition)",2010-12-01,61,2,0,75,0,30,-2,G Major,4,0ARhwY80PC4ycF16XEYfBQ,USSM10904118
158,"Parachute","Train",77,5B,73,2026-01-29,03:30,39,"soft pop","Save Me, San Francisco (Golden Gate Edition)",2010-12-01,44,0,0,33,0,10,-3,D#/E♭ Major,4,2sG9IlDZg2F6QL5GMHY9ik,USSM10904109
159,"This Ain't Goodbye","Train",80,2B,58,2026-01-29,04:23,37,"soft pop","Save Me, San Francisco (Golden Gate Edition)",2010-12-01,53,19,0,24,0,10,-4,F#/G♭ Major,4,2nbdAzvO2N9oT40uN5l6EG,USSM10904107
160,"If It's Love","Train",95,2B,92,2026-01-29,03:59,50,"soft pop","Save Me, San Francisco (Golden Gate Edition)",2010-12-01,63,1,0,64,10,30,-3,F#/G♭ Major,4,3g4GTF5OZrLrmk7hGZFkH8,USSM10904110
161,"You Already Know","Train",127,2B,86,2026-01-29,04:42,29,"soft pop","Save Me, San Francisco (Golden Gate Edition)",2010-12-01,49,1,0,11,0,10,-4,F#/G♭ Major,4,3ornutjAiLHXmngzQN68PI,USSM10904111
162,"Words","Train",156,6B,70,2026-01-29,03:29,29,"soft pop","Save Me, San Francisco (Golden Gate Edition)",2010-12-01,44,4,0,55,0,10,-3,A#/B♭ Major,4,1uRiJlZ5jqWQXzCQ2dronL,USSM10904117
163,"Brick by Brick","Train",176,10B,81,2026-01-29,03:39,31,"soft pop","Save Me, San Francisco (Golden Gate Edition)",2010-12-01,40,2,0,47,0,10,-3,D Major,4,031jrmrw9ldHHgEdzqLNpS,USSM10904114
164,"Breakfast in Bed","Train",180,5A,56,2026-01-29,04:54,27,"soft pop","Save Me, San Francisco (Golden Gate Edition)",2010-12-01,47,0,0,20,0,10,-4,C Minor,4,6nV4EMLt6FhjHDNYxIhKao,USSM10904120
165,"Marry Me","Train",88,8B,27,2026-01-29,03:25,64,"soft pop","Save Me, San Francisco (Golden Gate Edition)",2010-12-01,46,83,0,48,0,10,-9,C Major,4,2MWOqewf5j0qf2b6S5J6cS,USSM10904119
166,"Shake Up Christmas","Train",82,8B,83,2026-01-29,03:52,46,"soft pop","Save Me, San Francisco (Golden Gate Edition)",2010-12-01,46,0,0,57,0,30,-2,C Major,4,1NghHeg0wE32eBYrQBVQXL,USSM11003859
167,"Half Moon Bay","Train",172,5B,82,2026-01-29,03:55,29,"soft pop","Save Me, San Francisco (Golden Gate Edition)",2010-12-01,51,0,0,55,0,10,-4,D#/E♭ Major,4,2pJP5MYThS3HtuTYx085Ab,USSM10904112
168,"The Finish Line","Train",168,12B,43,2026-01-29,03:43,27,"soft pop","Save Me, San Francisco (Golden Gate Edition)",2010-12-01,34,82,0,18,0,10,-7,E Major,4,5QNqZYfniQ1TFwrSI4kXcd,USSM10904115
169,"Umbrella","Train",90,3B,85,2026-01-29,04:20,32,"soft pop","Save Me, San Francisco (Golden Gate Edition)",2010-12-01,61,0,0,61,0,10,-4,C♯/D♭ Major,4,6ffUHIDvtgWdONCiQnol2v,USSM11003860
170,"Parachute - Alternate Version","Train",77,5B,65,2026-01-29,03:23,24,"soft pop","Save Me, San Francisco (Golden Gate Edition)",2010-12-01,34,1,0,17,0,10,-4,D#/E♭ Major,4,0Dxnd3CLbdn1exAeVTPjyA,USSM10904736
171,"Marry Me - First Dance Mix","Train",90,8B,57,2026-01-29,03:31,28,"soft pop","Save Me, San Francisco (Golden Gate Edition)",2010-12-01,60,37,0,43,0,10,-7,C Major,4,2ETSpoxF6Dg3dib1yVg36C,USSM11004087
172,"Hey, Soul Sister (Country Mix)","Train",97,12B,93,2026-01-29,03:33,34,"soft pop","Save Me, San Francisco (Golden Gate Edition)",2010-12-01,56,13,0,57,0,0,-4,E Major,4,1umO4wQQgqBRThlXxoDVkL,USSM11001992
173,"Hey, Soul Sister - Karmatronic Club Mix","Train,Achilles Sparta,Peter Krajczar",126,12A,66,2026-01-29,06:45,20,"soft pop, ","Save Me, San Francisco (Golden Gate Edition)",2010-12-01,75,0,2,39,0,40,-6,C♯/D♭ Minor,4,78Luju6LVs36Q78Z3Aid8r,USSM11000958
174,"I'm Not Over","Carolina Liar",131,1B,90,2026-01-29,03:21,54,"","Coming To Terms",2008-05-03,53,0,8,48,0,0,-3,B Major,4,407vJkfEQMGDu1MVCWNnMX,USAT20801350
175,"Coming to Terms","Carolina Liar",90,1A,63,2026-01-29,03:28,39,"","Coming To Terms",2008-05-03,35,1,0,43,0,10,-2,G#/A♭ Minor,4,1dVxubWzaBVJSb82S6QhbZ,USAT20802457
176,"Last Night","Carolina Liar",132,10B,96,2026-01-29,03:50,26,"","Coming To Terms",2008-05-03,45,0,0,36,0,0,-1,D Major,4,0e4DvnorSm6S2uIciQSaws,USAT20802458
177,"Show Me What I'm Looking For","Carolina Liar",105,8A,86,2026-01-29,04:00,60,"","Coming To Terms",2008-05-03,45,1,0,36,0,10,-1,A Minor,4,2h8iXIwEdEnQywhFC4q5e5,USAT20802459
178,"Simple Life","Carolina Liar",173,3B,83,2026-01-29,03:30,22,"","Coming To Terms",2008-05-03,60,2,0,46,0,10,-2,C♯/D♭ Major,4,3nsY05D7LMixRvPBf7lVnS,USAT20802460
179,"All That Sh** Is Gone","Carolina Liar",99,7B,77,2026-01-29,03:32,22,"","Coming To Terms",2008-05-03,57,5,0,21,0,10,-2,F Major,4,5pnYzz6pApxicf86LC4x4n,USAT20802461
180,"California Bound","Carolina Liar",126,8B,91,2026-01-29,03:59,31,"","Coming To Terms",2008-05-03,46,0,3,23,0,30,-1,C Major,4,5GuQs9HAlgQxP2YIUXoson,USAT20802462
181,"Done Stealin'","Carolina Liar",82,6B,80,2026-01-29,03:38,27,"","Coming To Terms",2008-05-03,44,0,0,20,0,10,-2,A#/B♭ Major,4,4Nf40K4cL1ig88zJYsJ5VX,USAT20802463
182,"Something to Die For","Carolina Liar",118,9B,82,2026-01-29,03:35,22,"","Coming To Terms",2008-05-03,61,8,0,51,0,10,-2,G Major,4,0NJ2WOJ4Ji4QGVI84uRFCE,USAT20802464
183,"Beautiful World","Carolina Liar",168,10B,84,2026-01-29,04:06,36,"","Coming To Terms",2008-05-03,30,1,0,33,0,0,-2,D Major,4,2IBtKwymaGvdEhpBskuBVZ,USAT20802465
184,"Better Alone","Carolina Liar",103,8A,82,2026-01-29,03:51,29,"","Coming To Terms",2008-05-03,58,0,1,50,0,20,-2,A Minor,4,2ZPQsc8ILy6MkwdXOb4uHn,USAT20802466
185,"When You Are Near","Carolina Liar",171,9B,55,2026-01-29,04:01,32,"","Coming To Terms",2008-05-03,28,26,0,16,0,0,-2,G Major,4,4elHm6SvkwvVrxJPJ7jooO,USAT20802467
186,"This Is How a Heart Breaks","Rob Thomas",140,8B,91,2026-01-29,03:50,53,"","Something to Be",2005-04-05,61,0,0,67,0,0,-4,C Major,4,3Voz5vnFfMu8nrVP6hIYte,USAT20403947
187,"Lonely No More","Rob Thomas",172,8A,90,2026-01-29,03:46,63,"","Something to Be",2005-04-05,55,3,0,86,10,0,-3,A Minor,4,4faFAhOflLzhfJECveRwva,USAT20500023
188,"Ever the Same","Rob Thomas",188,12A,73,2026-01-29,04:16,61,"","Something to Be",2005-04-05,44,2,0,52,0,10,-5,C♯/D♭ Minor,4,02acUMylPHMjJ9miDc9b38,USAT20403944
189,"I Am an Illusion","Rob Thomas",95,1A,80,2026-01-29,04:51,28,"","Something to Be",2005-04-05,61,0,0,71,0,20,-5,G#/A♭ Minor,4,4UEe5QeXLATNBTdZJ8zyH8,USAT20403945
190,"When the Heartache Ends","Rob Thomas",87,6B,64,2026-01-29,02:51,41,"","Something to Be",2005-04-05,62,17,0,25,0,10,-7,A#/B♭ Major,4,0Wc6ODSpRuAIfJySTUAfHM,USAT20403948
191,"Something to Be","Rob Thomas",174,6A,76,2026-01-29,04:30,35,"","Something to Be",2005-04-05,56,0,0,32,0,10,-6,G Minor,4,2Xu1PR2dhzCSsQ3LwTKkiI,USAT20403946
192,"All That I Am","Rob Thomas",89,10B,71,2026-01-29,04:28,30,"","Something to Be",2005-04-05,64,1,0,17,0,10,-8,D Major,4,28gFw5MwzhmQALzMMWxAV5,USAT20403943
193,"Problem Girl","Rob Thomas",106,4A,78,2026-01-29,03:55,31,"","Something to Be",2005-04-05,59,5,0,52,0,0,-5,F Minor,4,2CijyUyIL52lSHA8dB2y2M,USAT20403949
194,"Fallin' to Pieces","Rob Thomas",192,11B,82,2026-01-29,04:11,26,"","Something to Be",2005-04-05,51,1,0,59,0,30,-5,A Major,4,4lUzCk2VvjwHG0oLhk6jo1,USAT20403950
195,"My My My","Rob Thomas",84,9B,47,2026-01-29,04:18,29,"","Something to Be",2005-04-05,44,51,0,19,0,10,-7,G Major,4,0u108qXaPfsjNHu0ORQoVU,USAT20403951
196,"Streetcorner Symphony","Rob Thomas",82,3B,89,2026-01-29,04:07,55,"","Something to Be",2005-04-05,63,11,0,75,0,0,-4,C♯/D♭ Major,4,20117nklRrpujknMRpueYQ,USAT20403952
197,"Now Comes the Night","Rob Thomas",72,10B,8,2026-01-29,04:53,37,"","Something to Be",2005-04-05,45,96,0,16,0,10,-14,D Major,3,5h6D2ZVKRgwP7n4DpMJlTh,USAT20403953
198,"Youth Knows No Pain","Lykke Li",125,8A,88,2026-01-29,02:59,32,"","Wounded Rhymes",2011-00-00,57,0,0,51,0,10,-4,A Minor,4,1xinPWdftWbbRmTXHvUjOW,SEVUM1000501
199,"I Follow Rivers","Lykke Li",122,8A,53,2026-01-29,03:48,65,"","Wounded Rhymes",2011-00-00,60,48,0,61,0,20,-14,A Minor,4,336ZYcU6poBWi3s8yzRcAD,SEVUM1000502
200,"Love Out of Lust","Lykke Li",117,12B,57,2026-01-29,04:43,35,"","Wounded Rhymes",2011-00-00,48,58,10,33,0,10,-7,E Major,4,78Bh87inKLDdIAfRAJ6IZj,SEVUM1000503
201,"Unrequited Love","Lykke Li",162,11B,22,2026-01-29,03:11,34,"","Wounded Rhymes",2011-00-00,39,91,0,21,0,10,-8,A Major,3,503XNurC4HR0m5a224PJZW,SEVUM1000504
202,"Get Some","Lykke Li",102,3A,88,2026-01-29,03:22,46,"","Wounded Rhymes",2011-00-00,57,1,1,61,0,30,-5,A#/B♭ Minor,4,5LbCx9z3eq83JVoJ74tnmt,SEVUM1000401
203,"Rich Kids Blues","Lykke Li",128,11A,67,2026-01-29,03:01,28,"","Wounded Rhymes",2011-00-00,27,0,1,24,0,10,-5,F#/G♭ Minor,4,1npDFCLgSeJzPnXLszvZQP,SEVUM1000506
204,"Sadness Is a Blessing","Lykke Li",120,8B,73,2026-01-29,04:00,36,"","Wounded Rhymes",2011-00-00,31,0,0,49,0,40,-5,C Major,4,5qR5b6Coq6srVHsa7vi7a0,SEVUM1000507
205,"I Know Places","Lykke Li",102,6A,11,2026-01-29,06:26,51,"","Wounded Rhymes",2011-00-00,37,76,1,5,0,0,-14,G Minor,4,4u3aErjHkwVqqdyfNDMyJ1,SEVUM1000508
206,"Jerome","Lykke Li",125,10B,92,2026-01-29,04:22,31,"","Wounded Rhymes",2011-00-00,49,21,1,7,10,0,-6,D Major,4,3NWx96WfhSdWNjyqcQ4Zqb,SEVUM1000510
207,"Silent My Song","Lykke Li",82,8B,32,2026-01-29,05:24,24,"","Wounded Rhymes",2011-00-00,28,50,0,25,0,10,-7,C Major,4,6DakkaQZBwi1w3xQxx4JwD,SEVUM1000511
208,"Screaming Infidelities","Dashboard Confessional",142,3B,53,2026-01-29,03:46,20,"emo, pop punk","The Best Ones of the Best Ones",2020-01-31,45,41,0,22,0,10,-8,C♯/D♭ Major,4,7DuAx5Ip3Ixz2kEz32zSsj,USVR90235402
209,"The Swiss Army Romance","Dashboard Confessional",108,5B,59,2026-01-29,03:06,18,"emo, pop punk","The Best Ones of the Best Ones",2020-01-31,49,70,0,60,0,0,-5,D#/E♭ Major,4,15HzKy0UCzhEHmxR8YuAze,USVR90238004
210,"Again I Go Unnoticed","Dashboard Confessional",135,3B,80,2026-01-29,02:17,18,"emo, pop punk","The Best Ones of the Best Ones",2020-01-31,45,43,0,61,0,0,-6,C♯/D♭ Major,4,3GX1NRorFyTq4Ecdo2gTPX,USVR90235408
211,"Saints and Sailors","Dashboard Confessional",112,3B,74,2026-01-29,02:33,18,"emo, pop punk","The Best Ones of the Best Ones",2020-01-31,66,40,0,46,0,20,-6,C♯/D♭ Major,4,6fYIkh37TegqRuT7AxU7G6,USVR90235405
212,"The Places You Have Come to Fear the Most","Dashboard Confessional",91,2B,48,2026-01-29,02:54,18,"emo, pop punk","The Best Ones of the Best Ones",2020-01-31,56,76,0,71,0,0,-11,F#/G♭ Major,4,0NFcNYgZQvRik2OS0oSJnJ,USVR90235409
213,"Hands Down","Dashboard Confessional",93,5B,33,2026-01-29,03:11,22,"emo, pop punk","The Best Ones of the Best Ones",2020-01-31,74,85,0,49,0,10,-8,D#/E♭ Major,4,62ZHHo9ne1mpdpI6LYTlpT,USVR90236204
214,"So Impossible","Dashboard Confessional",174,5B,35,2026-01-29,02:56,32,"emo, pop punk","The Best Ones of the Best Ones",2020-01-31,53,87,0,31,0,10,-7,D#/E♭ Major,4,1kw0yS0PykmgWTSvFJtNvx,USVR90236202
215,"The Best Deceptions - MTV Unplugged","Dashboard Confessional",81,3B,40,2026-01-29,04:31,17,"emo, pop punk","The Best Ones of the Best Ones",2020-01-31,36,22,0,6,0,70,-11,C♯/D♭ Major,4,6nzkRc09Gp6ks82WkOudLC,USVR90337802
216,"The Sharp Hint of New Tears - MTV Unplugged","Dashboard Confessional",90,3B,78,2026-01-29,02:54,15,"emo, pop punk","The Best Ones of the Best Ones",2020-01-31,58,0,0,63,0,90,-7,C♯/D♭ Major,4,6kuqbHSAsQFO7FNDWVSipC,USVR90337805
217,"The Brilliant Dance - MTV Unplugged","Dashboard Confessional",106,3B,36,2026-01-29,03:18,15,"emo, pop punk","The Best Ones of the Best Ones",2020-01-31,44,35,0,12,0,80,-10,C♯/D♭ Major,4,7xM8D3ClT4gOaQcNu3QW1K,USVR90337811
218,"Drowning","Dashboard Confessional",103,8B,36,2026-01-29,03:18,18,"emo, pop punk","The Best Ones of the Best Ones",2020-01-31,55,84,0,17,0,0,-7,C Major,3,6sWBsdEB22In85ZhITfLZw,GBKPL1949376
219,"Ghost of a Good Thing","Dashboard Confessional",82,8B,28,2026-01-29,03:44,15,"emo, pop punk","The Best Ones of the Best Ones",2020-01-31,74,80,0,33,0,0,-8,C Major,4,6kyjhpB2McLDkUjaWjFQkC,USVR90338119
220,"Don’t Wait","Dashboard Confessional",154,5B,83,2026-01-29,04:05,16,"emo, pop punk","The Best Ones of the Best Ones",2020-01-31,43,0,0,14,0,30,-4,D#/E♭ Major,4,7fjBTaq9qR6SNyqNPnU1HX,USVR90690306
221,"Stolen","Dashboard Confessional",174,4B,64,2026-01-29,03:53,46,"emo, pop punk","The Best Ones of the Best Ones",2020-01-31,45,0,5,15,0,10,-5,G#/A♭ Major,4,6A4cQ6n7R5Kws0Gsan7gCF,USVR90690318
222,"So Long, so Long","Dashboard Confessional",156,2B,74,2026-01-29,04:15,15,"emo, pop punk","The Best Ones of the Best Ones",2020-01-31,46,9,0,21,0,10,-5,F#/G♭ Major,4,6wWM1gE1IFmKBcrJmizldr,USVR90690320
223,"Vindicated","Dashboard Confessional",86,4B,80,2026-01-29,03:21,35,"emo, pop punk","The Best Ones of the Best Ones",2020-01-31,52,3,0,34,0,0,-3,G#/A♭ Major,4,68SrIU7uLvaeiaWoaaj7uE,USVR90400024
224,"Fever Dreams","Dashboard Confessional",160,4B,81,2026-01-29,02:29,13,"emo, pop punk","The Best Ones of the Best Ones",2020-01-31,57,9,0,79,0,10,-6,G#/A♭ Major,4,65nEEudhkALb3ifUZtNmAR,USVR90747705
225,"Belle of the Boulevard","Dashboard Confessional",90,12B,83,2026-01-29,04:02,22,"emo, pop punk","The Best Ones of the Best Ones",2020-01-31,49,4,0,29,0,10,-5,E Major,4,1CMzCNSYLxGLNCi01xqlQ7,USUM70989640
226,"Next Year","Two Door Cinema Club",127,10B,81,2026-01-29,04:11,50,"indie, indie rock","Beacon",2012-08-31,56,0,0,48,0,0,-5,D Major,4,40zg2wBTtzhyLVhFe9ixhN,FRU701200084
227,"Handshake","Two Door Cinema Club",131,5A,83,2026-01-29,03:31,48,"indie, indie rock","Beacon",2012-08-31,56,0,42,82,0,40,-5,C Minor,4,7tAsO743OcgMj5Mu7OOoIt,FRU701200085
228,"Wake Up","Two Door Cinema Club",135,3A,81,2026-01-29,03:45,39,"indie, indie rock","Beacon",2012-08-31,52,0,58,69,0,70,-5,A#/B♭ Minor,4,3c10WMyoU5c4aCOpPWlr64,FRU701200086
229,"Sun","Two Door Cinema Club",97,9A,53,2026-01-29,03:07,64,"indie, indie rock","Beacon",2012-08-31,65,1,0,60,0,10,-6,E Minor,4,2D83TfTgEGj6wp3O2boV55,FRU701200087
230,"Someday","Two Door Cinema Club",144,8A,91,2026-01-29,03:43,45,"indie, indie rock","Beacon",2012-08-31,48,0,69,63,0,20,-5,A Minor,4,3EGlCO7pxfV4DGUSuF55pM,FRU701200088
231,"Sleep Alone","Two Door Cinema Club",148,8B,75,2026-01-29,03:56,55,"indie, indie rock","Beacon",2012-08-31,53,0,0,52,0,0,-5,C Major,4,3fQahY4cFm7aTxAkw9twbf,FRU701200089
232,"The World Is Watching","Two Door Cinema Club,Valentina Pappalardo",124,11B,66,2026-01-29,03:36,45,"indie, indie rock, ","Beacon",2012-08-31,60,0,71,24,0,10,-8,A Major,4,0RTlWYC7WGrCpHPNO4SsHU,FRU701200090
233,"Settle","Two Door Cinema Club",132,8B,78,2026-01-29,03:52,36,"indie, indie rock","Beacon",2012-08-31,49,1,7,16,0,0,-6,C Major,3,2k5eBEtGOr8RRBJvvBRBuP,FRU701200091
234,"Spring","Two Door Cinema Club",126,8B,77,2026-01-29,03:24,37,"indie, indie rock","Beacon",2012-08-31,64,1,11,53,0,10,-7,C Major,4,3v1ZsVIFnYpjVvI4bvSViM,FRU701200092
235,"Pyramid","Two Door Cinema Club",141,8B,74,2026-01-29,03:09,36,"indie, indie rock","Beacon",2012-08-31,61,0,3,38,0,10,-7,C Major,4,5DkL708YMwveuuAi1uL7nz,FRU701200093
236,"Beacon","Two Door Cinema Club",122,10A,53,2026-01-29,03:24,37,"indie, indie rock","Beacon",2012-08-31,73,1,4,72,0,0,-6,B Minor,4,1H5gdvgGtXGksAJDlSlK9l,FRU701200094
237,"Moving In The Dark","Neon Trees",150,12B,79,2026-01-29,03:02,45,"","Picture Show",2012-01-01,52,0,0,76,0,20,-5,E Major,4,7cdmk4CTL9UQLhIjhqkxiQ,USUM71202861
238,"Teenage Sounds","Neon Trees",85,4A,95,2026-01-29,04:22,29,"","Picture Show",2012-01-01,34,0,0,57,0,10,-4,F Minor,4,1ZexV6Q1AT9vJlGzIUcKIR,USUM71202862
239,"Everybody Talks","Neon Trees",155,4B,92,2026-01-29,02:57,82,"","Picture Show",2012-01-01,47,0,0,72,0,30,-4,G#/A♭ Major,4,2iUmqdfGZcHIhS3b9E9EWq,USUM71119189
240,"Mad Love","Neon Trees",140,8B,82,2026-01-29,03:10,35,"","Picture Show",2012-01-01,55,1,0,76,0,20,-5,C Major,4,6FASyzYZgZ2Vpn1aWPdMoG,USUM71202863
241,"Weekend","Neon Trees",138,10B,93,2026-01-29,04:35,30,"","Picture Show",2012-01-01,46,0,0,41,0,30,-4,D Major,4,5sxY2driVgStiXNPjSKwIj,USUM71202864
242,"Lessons In Love (All Day, All Night)","Neon Trees,Kaskade",128,9B,84,2026-01-29,03:43,38,"edm","Picture Show",2012-01-01,61,0,1,54,0,10,-4,G Major,4,39bEAYKI9sRQ1OvPYPmFvq,USUM71202858
243,"Trust","Neon Trees",117,7B,73,2026-01-29,06:05,25,"","Picture Show",2012-01-01,43,0,4,19,0,20,-7,F Major,4,7x2anCGr4Y5jw245JR2xQ5,USUM71202865
244,"Close To You","Neon Trees",120,8A,81,2026-01-29,05:05,26,"","Picture Show",2012-01-01,61,2,9,31,0,10,-6,A Minor,4,0QGRhDnZtSUbaighbPENYW,USUM71202866
245,"Hooray For Hollywood","Neon Trees",152,7A,78,2026-01-29,03:13,22,"","Picture Show",2012-01-01,49,0,0,40,0,30,-5,D Minor,4,7CUgWT4Uh9Qdvu3M155vnn,USUM71202867
246,"Still Young","Neon Trees",126,10B,77,2026-01-29,05:04,24,"","Picture Show",2012-01-01,42,0,0,20,0,0,-5,D Major,4,6KGU6tcn9DtcbX7LoLTN4T,USUM71202868
247,"I Am The D.J.","Neon Trees",146,8B,72,2026-01-29,05:14,23,"","Picture Show",2012-01-01,28,1,0,8,0,10,-6,C Major,4,2MIqrlXACSBZMTK6d7jlvs,USUM71202869
248,"One More Night","Maroon 5",93,4A,82,2026-01-29,03:39,77,"pop","Overexposed (Deluxe)",2012-01-01,72,4,0,61,0,0,-3,F Minor,4,4XNrMwGx1SqP01sqkGTDmo,USUM71203514
249,"Payphone","Maroon 5,Wiz Khalifa",110,12B,76,2026-01-29,03:51,76,"pop, ","Overexposed (Deluxe)",2012-01-01,74,1,0,52,0,30,-5,E Major,4,4P0osvTXoSYZZC2n8IFH3c,USUM71203347
250,"Daylight","Maroon 5",120,10B,67,2026-01-29,03:45,52,"pop","Overexposed (Deluxe)",2012-01-01,66,0,0,35,0,20,-6,D Major,4,3cvNxYnBgh6ystYLC6NQTT,USUM71204771
251,"Lucky Strike","Maroon 5",144,10A,74,2026-01-29,03:05,57,"pop","Overexposed (Deluxe)",2012-01-01,67,0,0,43,0,10,-5,B Minor,4,5b2aMqcSeAMlDptX6EjE7m,USUM71204772
252,"The Man Who Never Lied","Maroon 5",140,10B,85,2026-01-29,03:25,43,"pop","Overexposed (Deluxe)",2012-01-01,63,0,0,85,0,0,-6,D Major,4,5ElhEl1tkaDZBglzN5XKZg,USUM71204773
253,"Love Somebody","Maroon 5",120,3B,79,2026-01-29,03:49,54,"pop","Overexposed (Deluxe)",2012-01-01,68,13,0,42,0,10,-6,C♯/D♭ Major,4,12tUCBq7V9qCF8qGOLpcnu,USUM71204774
254,"Ladykiller","Maroon 5",115,8B,61,2026-01-29,02:43,39,"pop","Overexposed (Deluxe)",2012-01-01,82,1,0,78,0,10,-7,C Major,4,0yg6n1GI3n6oiC1D1vdncA,USUM71204775
255,"Fortune Teller","Maroon 5",120,9A,76,2026-01-29,03:23,36,"pop","Overexposed (Deluxe)",2012-01-01,67,5,0,41,0,10,-6,E Minor,4,6lx0wqoIBxSJgd033dJxvj,USUM71204776
256,"Sad","Maroon 5",112,9B,26,2026-01-29,03:14,42,"pop","Overexposed (Deluxe)",2012-01-01,78,80,0,33,0,10,-9,G Major,4,2EUxbBRKE07EOWW8mBkg5q,USUM71204777
257,"Tickets","Maroon 5",120,9A,84,2026-01-29,03:29,38,"pop","Overexposed (Deluxe)",2012-01-01,80,2,0,97,0,10,-4,E Minor,4,24QIrV8FsMKIPCjwmDkEyw,USUM71204787
258,"Doin’ Dirt","Maroon 5",125,2A,86,2026-01-29,03:31,39,"pop","Overexposed (Deluxe)",2012-01-01,68,0,0,89,0,0,-4,D#/E♭ Minor,4,7B0un3gd0aBlXbbItaoYxI,USUM71204789
259,"Beautiful Goodbye","Maroon 5",168,5B,58,2026-01-29,04:15,52,"pop","Overexposed (Deluxe)",2012-01-01,66,0,0,40,0,10,-3,D#/E♭ Major,4,62FOsBpnZXEoPc1Qo9hcap,USUM71204790
260,"Wipe Your Eyes","Maroon 5",137,9A,91,2026-01-29,03:34,40,"pop","Overexposed (Deluxe)",2012-01-01,61,5,0,62,0,10,-4,E Minor,4,1c2MXiju7DNPSfsKoVbHlg,USUM71204791
261,"Wasted Years","Maroon 5",159,10B,85,2026-01-29,03:32,32,"pop","Overexposed (Deluxe)",2012-01-01,72,5,0,79,20,20,-4,D Major,4,5mICU0mlpIYeah7MRjHmHP,USUM71204792
262,"Let’s Stay Together","Maroon 5",110,7B,27,2026-01-29,03:23,35,"pop","Overexposed (Deluxe)",2012-01-01,69,92,0,54,0,10,-9,F Major,4,0ToTl9sLEljoOkHjJlLzHq,USUM71206044
263,"This Town","O.A.R.",174,1B,95,2026-01-29,03:35,46,"jam band","All Sides (Deluxe Edition)",2008-07-15,38,0,0,61,20,10,-4,B Major,4,5eeL8vKK5jxUIO9b7EQ871,USAT20801954
264,"Shattered (Turn The Car Around)","O.A.R.",106,1B,78,2026-01-29,04:15,64,"jam band","All Sides (Deluxe Edition)",2008-07-15,57,2,0,46,0,10,-6,B Major,4,6jlqDfX8TQNxcaAz5oxYJA,USAT20801955
265,"Whatever Happened","O.A.R.",100,11A,94,2026-01-29,05:11,20,"jam band","All Sides (Deluxe Edition)",2008-07-15,54,0,0,55,0,30,-4,F#/G♭ Minor,4,2kx6IHxNIOLacASwxDSKzR,USAT20802102
266,"Try Me","O.A.R.",131,8A,91,2026-01-29,03:45,18,"jam band","All Sides (Deluxe Edition)",2008-07-15,46,0,0,40,0,10,-4,A Minor,4,058DqsgzrK1wwge2fiCOEV,USAT20802103
267,"One Day","O.A.R.",98,9B,81,2026-01-29,03:34,19,"jam band","All Sides (Deluxe Edition)",2008-07-15,53,16,0,56,0,30,-5,G Major,4,3kltSJcAazYTtWKIVsTEXU,USAT20802104
268,"Living In The End","O.A.R.",148,9B,81,2026-01-29,04:18,28,"jam band","All Sides (Deluxe Edition)",2008-07-15,46,1,0,63,0,0,-4,G Major,4,6FeHPxhkIaQs8fcHXkXPf4,USAT20802105
269,"Something Coming Over","O.A.R.",97,11B,93,2026-01-29,03:58,21,"jam band","All Sides (Deluxe Edition)",2008-07-15,65,2,0,80,0,10,-4,A Major,4,1mLzntkRK2U8VOnpjwlk3w,USAT20802106
270,"What Is Mine","O.A.R.",81,10A,85,2026-01-29,04:34,16,"jam band","All Sides (Deluxe Edition)",2008-07-15,59,0,0,53,0,10,-5,B Minor,4,4Bczma5QnJMuTTbCAVQZn5,USAT20802107
271,"Dinner Last Night","O.A.R.",136,10B,76,2026-01-29,04:00,16,"jam band","All Sides (Deluxe Edition)",2008-07-15,49,9,0,21,0,30,-5,D Major,4,0dgQjAdQkw0wePJAXnxgIq,USAT20802108
272,"The Fallout","O.A.R.",84,8A,65,2026-01-29,05:29,16,"jam band","All Sides (Deluxe Edition)",2008-07-15,58,2,0,37,0,10,-5,A Minor,4,4Liz55VIOKZ3N2KHqpuW7c,USAT20802109
273,"Gift","O.A.R.",136,9B,66,2026-01-29,05:20,15,"jam band","All Sides (Deluxe Edition)",2008-07-15,59,57,0,60,0,10,-9,G Major,4,43deLi0fjyDjwL1DBgLMZJ,USAT20802110
274,"War Song","O.A.R.",99,8B,80,2026-01-29,06:13,17,"jam band","All Sides (Deluxe Edition)",2008-07-15,39,0,0,18,0,10,-6,C Major,4,0atz250Z5ZQqPtgc6qoJJv,USAT20802111
275,"On My Way","O.A.R.",170,8B,74,2026-01-29,04:37,18,"jam band","All Sides (Deluxe Edition)",2008-07-15,44,3,0,27,0,30,-4,C Major,4,6sKSMP3g94yAvjuGCacdSI,USAT20802112
276,"Counting Stars","OneRepublic",122,12A,71,2026-01-29,04:17,74,"soft pop","Native",2014-01-01,66,7,0,47,0,10,-5,C♯/D♭ Minor,4,6sy3LkhNFjJWlaeSMNwQ62,USUM71301306
277,"Love Runs Out","OneRepublic",120,9B,94,2026-01-29,03:44,66,"soft pop","Native",2014-01-01,72,17,0,74,0,10,-4,G Major,4,5BJSZocnCeSNeYMj3iVqM7,USUM71404631
278,"If I Lose Myself","OneRepublic",140,10B,71,2026-01-29,04:01,51,"soft pop","Native",2014-01-01,48,10,0,26,0,10,-6,D Major,4,7hIRQZhDjab4YgqkkkehV9,USUM71215640
279,"Feel Again - With Heartbeats","OneRepublic",140,6A,82,2026-01-29,03:05,53,"soft pop","Native",2014-01-01,46,2,0,34,0,10,-8,G Minor,4,75hLNJfiXV5k2YGrbGEW51,USUM71209505
280,"What You Wanted","OneRepublic",120,8B,85,2026-01-29,04:01,36,"soft pop","Native",2014-01-01,55,0,17,24,0,10,-7,C Major,4,21fq2CKL93mfnYHItpitxg,USUM71301311
281,"I Lived","OneRepublic",120,11B,85,2026-01-29,03:54,63,"soft pop","Native",2014-01-01,60,7,0,31,0,20,-5,A Major,4,7D49Iig0avHre9RFSUMkd2,USUM71301307
282,"Light It Up","OneRepublic",140,11B,93,2026-01-29,04:10,32,"soft pop","Native",2014-01-01,46,3,8,30,10,10,-6,A Major,4,1Ib5tLTFz8teJPcxZycpj3,USUM71301308
283,"Can’t Stop","OneRepublic",90,8B,74,2026-01-29,04:09,34,"soft pop","Native",2014-01-01,63,11,0,28,0,10,-6,C Major,4,62EsBz11VlUwSu3jFy7Rlo,USUM71301305
284,"Au Revoir","OneRepublic",117,10B,52,2026-01-29,04:50,35,"soft pop","Native",2014-01-01,52,91,31,13,0,10,-9,D Major,4,1p50TN8eyDm3mJHZVgcTxm,USUM71301510
285,"Burning Bridges","OneRepublic",98,3B,74,2026-01-29,04:17,37,"soft pop","Native",2014-01-01,58,5,0,24,0,0,-5,C♯/D♭ Major,4,3qd6wKpFQf4JljGU7y18CJ,USUM71301298
286,"Something I Need","OneRepublic",99,9B,60,2026-01-29,04:01,49,"soft pop","Native",2014-01-01,68,16,0,62,0,10,-7,G Major,4,4KANJH1baadr3U7XsVbM17,USUM71301310
287,"Preacher","OneRepublic",140,3B,71,2026-01-29,04:07,38,"soft pop","Native",2014-01-01,49,11,0,35,0,70,-4,C♯/D♭ Major,4,4XOVGSQjmxtSbt3pKk0Ouh,USUM71301309
288,"Don't Look Down","OneRepublic",114,10B,42,2026-01-29,01:39,29,"soft pop","Native",2014-01-01,30,3,89,6,0,10,-11,D Major,4,22PSLtxaajzAAOPiOzcViz,USUM71301462
289,"Life In Color","OneRepublic",127,11B,89,2026-01-29,03:22,47,"soft pop","Native",2014-01-01,22,0,0,30,0,0,-4,A Major,4,2JDMJhjJmx2GtMz5HFSTim,USUM71210023
290,"If I Lose Myself - Alesso vs OneRepublic","OneRepublic,Alesso",126,10B,78,2026-01-29,03:34,66,"soft pop, edm","Native",2014-01-01,52,22,0,17,0,10,-5,D Major,4,1hZk9dktp4yRFTm0TrycuH,USUM71303190
291,"Over My Head (Cable Car)","The Fray",116,4B,71,2026-01-29,03:58,29,"","Through the Years: The Best of The Fray",2016-11-04,59,2,0,70,0,0,-4,G#/A♭ Major,4,1y5d3k9bewTlCQ4xbPXjhN,USSM11607402
292,"How To Save A Life","The Fray",122,6B,73,2026-01-29,04:24,48,"","Through the Years: The Best of The Fray",2016-11-04,64,28,0,40,0,10,-4,A#/B♭ Major,4,50FcngS8mGjEttXk6G2xkh,USSM11607403
293,"Look After You","The Fray",78,11A,59,2026-01-29,04:28,52,"","Through the Years: The Best of The Fray",2016-11-04,43,6,0,27,0,10,-3,F#/G♭ Minor,4,5SIE0oRvtJSjmJOAUjraAy,USSM11607404
294,"All At Once","The Fray",134,1B,88,2026-01-29,03:48,27,"","Through the Years: The Best of The Fray",2016-11-04,49,2,0,47,0,0,-2,B Major,4,49qTXRmPXTBh1j586PHBEQ,USSM11607405
295,"You Found Me","The Fray",152,1A,80,2026-01-29,04:03,47,"","Through the Years: The Best of The Fray",2016-11-04,32,2,0,42,0,10,-5,G#/A♭ Minor,4,21zRGcTTiMVfbNPB8KGC1a,USSM11607406
296,"Never Say Never","The Fray",160,4B,50,2026-01-29,04:17,29,"","Through the Years: The Best of The Fray",2016-11-04,25,56,0,32,0,20,-6,G#/A♭ Major,4,5eeMkRwsUOjBMgzyTuBjcq,USSM11607407
297,"Heartless","The Fray",164,11B,69,2026-01-29,04:15,45,"","Through the Years: The Best of The Fray",2016-11-04,39,68,0,43,0,10,-7,A Major,4,7yuWHdSLrknIYMgbkdmPOS,USSM11607408
298,"Heartbeat","The Fray",144,11B,82,2026-01-29,03:41,25,"","Through the Years: The Best of The Fray",2016-11-04,45,0,0,32,0,10,-5,A Major,4,3xBaYUUfbgW0xhuhkuo7p7,USSM11607409
299,"Love Don't Die","The Fray",116,10A,80,2026-01-29,03:05,25,"","Through the Years: The Best of The Fray",2016-11-04,63,1,0,29,0,10,-5,B Minor,4,2IGsGnznITjDgWuuKHrjZ8,USSM11607410
300,"Singing Low","The Fray",90,6A,59,2026-01-29,04:23,30,"","Through the Years: The Best of The Fray",2016-11-04,53,41,0,28,0,10,-5,G Minor,4,22o6BsXxHAl3h15mHp4Jtk,USSM11607271
301,"Corners","The Fray",126,8A,71,2026-01-29,03:32,36,"","Through the Years: The Best of The Fray",2016-11-04,59,15,0,34,0,10,-4,A Minor,4,0Fifn4lBIGM5LG18Whp1Dx,USSM11607411
302,"Changing Tides","The Fray",104,8B,81,2026-01-29,03:29,40,"","Through the Years: The Best of The Fray",2016-11-04,49,3,0,28,0,10,-5,C Major,4,6RVz4ORFnJI2Ye4DgWUUVF,USSM11607412
303,"Zombies Intro","Andrew McMahon in the Wilderness",84,3B,43,2026-01-29,00:27,0,"","Zombies On Broadway",2017-02-10,22,1,97,11,50,80,-21,C♯/D♭ Major,4,3TESzEF1aK27ANc46Y4G9X,USC4R1601491
304,"Brooklyn, You're Killing Me","Andrew McMahon in the Wilderness",130,4B,92,2026-01-29,03:11,23,"","Zombies On Broadway",2017-02-10,58,0,0,65,0,50,-4,G#/A♭ Major,4,14qa4IoBwAQeLLiaBobedR,USC4R1601487
305,"So Close","Andrew McMahon in the Wilderness",120,5A,90,2026-01-29,03:19,39,"","Zombies On Broadway",2017-02-10,59,5,0,76,0,0,-4,C Minor,4,4ggbSF8UUSSO0wM5SockJ2,USC4R1601482
306,"Don't Speak For Me (True)","Andrew McMahon in the Wilderness",82,10A,74,2026-01-29,03:24,26,"","Zombies On Broadway",2017-02-10,56,1,0,29,10,0,-6,B Minor,4,0pLZGVs7apcMzXZoLr8rph,USC4R1601483
307,"Fire Escape","Andrew McMahon in the Wilderness",106,12B,86,2026-01-29,03:24,47,"","Zombies On Broadway",2017-02-10,58,5,0,42,0,20,-4,E Major,4,6uCmU6ldcsVpLAKNCojVg8,USC4R1601466
308,"Dead Man's Dollar","Andrew McMahon in the Wilderness",101,4B,70,2026-01-29,03:31,26,"","Zombies On Broadway",2017-02-10,52,0,0,41,0,10,-5,G#/A♭ Major,4,6kUgI7RlX5qaVXRWRBgZBb,USC4R1601481
309,"Shot Out Of A Cannon","Andrew McMahon in the Wilderness",114,5A,90,2026-01-29,03:53,32,"","Zombies On Broadway",2017-02-10,61,0,0,65,0,10,-4,C Minor,4,4UErgRhgSCTfmSde2FEzsV,USC4R1601480
310,"Walking In My Sleep","Andrew McMahon in the Wilderness",100,2B,85,2026-01-29,03:49,27,"","Zombies On Broadway",2017-02-10,49,6,0,25,0,20,-5,F#/G♭ Major,4,0BdGEBApGezl0i0Vhwlbfm,USC4R1601484
311,"Island Radio","Andrew McMahon in the Wilderness",118,2B,73,2026-01-29,03:47,29,"","Zombies On Broadway",2017-02-10,59,1,0,46,0,10,-5,F#/G♭ Major,4,3EALhZYEmozlfqPszpxyPM,USC4R1601488
312,"Love And Great Buildings","Andrew McMahon in the Wilderness",92,10B,81,2026-01-29,03:48,29,"","Zombies On Broadway",2017-02-10,49,2,0,39,0,10,-5,D Major,4,7wz2rK243xaQgXDaIl8kbS,USC4R1601485
313,"Birthday Song","Andrew McMahon in the Wilderness",134,9B,83,2026-01-29,05:39,21,"","Zombies On Broadway",2017-02-10,28,0,0,28,10,60,-6,G Major,3,0xZrS3ly1U1X89n2jFJh8l,USC4R1601486
314,"Put It on Me","Matt Maeson",82,3B,41,2026-01-29,03:22,65,"","The Hearse",2018-04-27,63,1,0,42,0,0,-6,C♯/D♭ Major,3,7tySfDFfBiCjraLdoy6In5,USAT21801087
315,"Hallucinogenics","Matt Maeson",122,8B,60,2026-01-29,03:05,33,"","The Hearse",2018-04-27,61,47,0,32,0,20,-8,C Major,4,4W6tDPKAb5RTZaixgrcWWm,USAT21801088
316,"The Hearse","Matt Maeson",156,12A,63,2026-01-29,03:42,52,"","The Hearse",2018-04-27,49,25,0,29,0,20,-7,C♯/D♭ Minor,4,7siD4wJRiNcC4680aiqOZg,USAT21801089
317,"Cliffy","Matt Maeson",120,11A,46,2026-01-29,03:48,56,"","The Hearse",2018-04-27,72,28,0,7,0,0,-9,F#/G♭ Minor,4,5ULG2PLrYFHu2yan0Qutqe,USAT21801090
318,"Unconditional","Matt Maeson",116,10B,38,2026-01-29,04:29,44,"","The Hearse",2018-04-27,77,20,0,4,0,10,-8,D Major,4,261j28Hxs9xzmUcrYvnY92,USAT21801091
319,"Mr. Rattlebone","Matt Maeson",82,9B,40,2026-01-29,04:14,51,"","The Hearse",2018-04-27,54,40,1,25,0,10,-9,G Major,3,29kJ0JenZ8QsEzw12RYIdc,USAT21801092
320,"Dust","The Neighbourhood",198,12A,44,2026-01-29,03:28,52,"","Hard To Imagine The Neighbourhood Ever Changing",2018-11-02,35,10,0,7,0,10,-8,C♯/D♭ Minor,4,7inCfDM4S3xsVzgOUqSJOH,USSM11709907
321,"Kill Us All (feat. Denzel Curry)","The Neighbourhood,Denzel Curry",90,10B,64,2026-01-29,02:41,51,"","Hard To Imagine The Neighbourhood Ever Changing",2018-11-02,55,1,0,40,10,30,-7,D Major,4,2DBxhQbwnuXDioUVdL33S2,USSM11807183
322,"24/7","The Neighbourhood",119,6A,74,2026-01-29,03:39,59,"","Hard To Imagine The Neighbourhood Ever Changing",2018-11-02,59,0,0,24,0,10,-5,G Minor,4,4Cdb1dE3pfiWlqnAIcImyQ,USSM11707130
323,"Scary Love","The Neighbourhood",112,4A,64,2026-01-29,03:42,65,"","Hard To Imagine The Neighbourhood Ever Changing",2018-11-02,60,0,5,15,0,20,-6,F Minor,4,6TA5aymvVrtiPVbuAwmPIc,USSM11709908
324,"Softcore","The Neighbourhood",94,8A,57,2026-01-29,03:26,87,"","Hard To Imagine The Neighbourhood Ever Changing",2018-11-02,57,5,0,37,0,20,-6,A Minor,4,2K7xn816oNHJZ0aVqdQsha,USSM11800523
325,"Void","The Neighbourhood",84,7B,58,2026-01-29,03:23,72,"","Hard To Imagine The Neighbourhood Ever Changing",2018-11-02,53,5,3,35,0,0,-8,F Major,4,2wXioTynVwrEWYRv6R6vEj,USSM11800522
326,"Roll Call","The Neighbourhood",78,8B,54,2026-01-29,04:10,53,"","Hard To Imagine The Neighbourhood Ever Changing",2018-11-02,56,1,35,26,0,60,-7,C Major,4,1zkXUXNHpYQTcXZAaZbeEp,USSM11707128
327,"Livin' In a Dream (feat. Nipsey Hussle)","The Neighbourhood,Nipsey Hussle",95,2A,78,2026-01-29,03:15,51,"west coast hip hop","Hard To Imagine The Neighbourhood Ever Changing",2018-11-02,58,26,1,52,0,20,-6,D#/E♭ Minor,4,6wbbeA1FcbqXiJs7aIA8x7,USSM11807184
328,"You Get Me So High","The Neighbourhood",88,6A,88,2026-01-29,02:33,82,"","Hard To Imagine The Neighbourhood Ever Changing",2018-11-02,55,19,8,39,0,10,-6,G Minor,4,7zwn1eykZtZ5LODrf7c0tS,USSM11707131
329,"Reflections","The Neighbourhood",114,10A,59,2026-01-29,04:04,88,"","Hard To Imagine The Neighbourhood Ever Changing",2018-11-02,65,11,5,54,0,10,-7,B Minor,4,2xql0pid3EUwW38AsywxhV,USSM11800527
330,"Blue","The Neighbourhood",83,4A,60,2026-01-29,03:10,59,"","Hard To Imagine The Neighbourhood Ever Changing",2018-11-02,56,52,70,39,0,10,-8,F Minor,4,3BQbwXb8lMLLRBeLl6HTu8,USSM11800524
331,"Paradise","The Neighbourhood",83,7A,72,2026-01-29,03:29,58,"","Hard To Imagine The Neighbourhood Ever Changing",2018-11-02,68,21,5,30,0,20,-6,D Minor,4,75iJMOH4oBobiRiBJVdw2m,USSM11807186
332,"Beat Take 1 (feat. Ghostface Killah)","The Neighbourhood,Ghostface Killah",172,5A,62,2026-01-29,03:27,49,"east coast hip hop, hardcore hip hop, old school hip hop, hip hop","Hard To Imagine The Neighbourhood Ever Changing",2018-11-02,58,35,0,35,20,10,-6,C Minor,4,4ymD0FxX1fnWszSu9rMAtD,USSM11807185
333,"Stuck with Me","The Neighbourhood",166,8A,74,2026-01-29,04:18,62,"","Hard To Imagine The Neighbourhood Ever Changing",2018-11-02,54,2,1,43,0,10,-6,A Minor,4,6eMeqiSoQYtM8u3vvfth21,USSM11709911
334,"Flowers","The Neighbourhood",100,8B,60,2026-01-29,03:17,52,"","Hard To Imagine The Neighbourhood Ever Changing",2018-11-02,56,2,2,30,0,20,-7,C Major,4,0f7T8FO4ZM9XHpmncSUWND,USSM11800520
335,"Compass","The Neighbourhood",110,4A,82,2026-01-29,02:47,69,"","Hard To Imagine The Neighbourhood Ever Changing",2018-11-02,70,24,32,67,0,60,-5,F Minor,4,0YNtAadZvKBBEFARtfoCV8,USSM11709910
336,"Noise","The Neighbourhood",109,11A,85,2026-01-29,03:20,55,"","Hard To Imagine The Neighbourhood Ever Changing",2018-11-02,63,2,34,74,0,10,-4,F#/G♭ Minor,4,2Wj1cS0hUzWrQPzYgZJj94,USSM11707129
337,"Heaven","The Neighbourhood",75,7A,72,2026-01-29,03:25,55,"","Hard To Imagine The Neighbourhood Ever Changing",2018-11-02,55,6,1,27,0,10,-7,D Minor,4,3dMPLD8cuzTtFLv8E7homA,USSM11709909
338,"Nervous","The Neighbourhood",120,5A,61,2026-01-29,04:05,78,"","Hard To Imagine The Neighbourhood Ever Changing",2018-11-02,59,2,17,32,0,30,-8,C Minor,4,113xf7t4qNM7038YJvauik,USSM11800521
339,"Sadderdaze","The Neighbourhood",120,9A,53,2026-01-29,04:05,58,"","Hard To Imagine The Neighbourhood Ever Changing",2018-11-02,41,1,0,31,0,10,-5,E Minor,4,7sIYHDxjteT6RY29gAGzP2,USSM11707132
340,"Beautiful Oblivion (feat. IDK)","The Neighbourhood,IDK",98,3B,49,2026-01-29,04:23,48,"","Hard To Imagine The Neighbourhood Ever Changing",2018-11-02,48,21,1,24,30,30,-9,C♯/D♭ Major,4,0ruhQupkyGoUxmsExWXEoa,USSM11807187
341,"Hard To LøVë","Aaron Carter",128,10B,67,2026-01-29,03:34,21,"bubblegum pop","LØVË",2018-02-16,69,9,0,56,0,30,-5,D Major,4,1GztqCrCuLKpoZyzUXCd5i,USQX91701713
342,"Sooner Or Later","Aaron Carter",112,4A,73,2026-01-29,03:32,40,"bubblegum pop","LØVË",2018-02-16,74,12,0,44,0,0,-7,F Minor,4,0Gee5mDV8DiP4YNSQT2gOK,USQX91602389
343,"Bad 2 Good","Aaron Carter",155,4A,84,2026-01-29,03:57,19,"bubblegum pop","LØVË",2018-02-16,67,24,0,87,0,0,-4,F Minor,4,0rvz8x6paAq8NEsfITSyEp,USQX91701712
344,"Same Way","Aaron Carter",130,8B,69,2026-01-29,03:06,18,"bubblegum pop","LØVË",2018-02-16,63,13,0,19,0,0,-3,C Major,4,1Jx0hIXxcSG9dugNbDTy9H,USQX91602390
345,"What Did You Want To Say?","Aaron Carter",96,1B,87,2026-01-29,03:18,20,"bubblegum pop","LØVË",2018-02-16,61,1,0,25,0,10,-4,B Major,4,3eGkzZ472Olsika4PAFlh7,USQX91701590
346,"Fool's Gold","Aaron Carter",130,4A,70,2026-01-29,03:16,33,"bubblegum pop","LØVË",2018-02-16,69,5,0,79,0,0,-5,F Minor,4,4ibvd9quldF0rV7YRah0DO,USQX91602199
347,"Seattle TideZ","Aaron Carter",120,8A,69,2026-01-29,03:44,18,"bubblegum pop","LØVË",2018-02-16,68,5,0,37,0,10,-6,A Minor,4,4ZJH4Sj0VeW2Y4Jnytq69P,USQX91602393
348,"Let Me Let You Go","Aaron Carter",128,8B,77,2026-01-29,03:20,18,"bubblegum pop","LØVË",2018-02-16,60,2,0,50,0,10,-7,C Major,4,7AVaaWpH4lwBj0gsmlLGsK,USQX91602388
349,"Don't Say Goodbye","Aaron Carter",120,4A,66,2026-01-29,03:16,24,"bubblegum pop","LØVË",2018-02-16,64,15,0,31,0,0,-4,F Minor,4,0mhk9yzDZReyYXWsW8OTw8,USQX91701711
350,"Almost There","Aaron Carter",116,8B,84,2026-01-29,03:24,16,"bubblegum pop","LØVË",2018-02-16,71,2,0,43,0,60,-6,C Major,4,1h1uuQbEvExgY7kUOTt6I2,USQX91602392
351,"Champion","Aaron Carter",180,3B,67,2026-01-29,04:10,14,"bubblegum pop","LØVË",2018-02-16,56,5,0,20,0,20,-6,C♯/D♭ Major,4,6z61TEsw6qsGJespUChuyE,USQX91701716
352,"Dearly Departed","Aaron Carter",110,7B,74,2026-01-29,03:26,18,"bubblegum pop","LØVË",2018-02-16,64,7,0,46,0,10,-4,F Major,4,4FaqemA0ndWq51RWjEKDd7,USQX91602391
353,"I Want Candy - Remix","Aaron Carter",110,1B,96,2026-01-29,02:53,32,"bubblegum pop","LØVË",2018-02-16,68,0,8,68,0,10,-4,B Major,4,5YoA4Kl76VDA10kAF5tFUv,USQX91701755
354,"MY DEMONS","GLU,Phantogram",164,7A,69,2026-01-29,03:29,17,"","MY DEMONS EP",2023-02-24,61,5,8,58,0,30,-6,D Minor,4,4xS87aZEIVtRyV3M0Afcvm,QMDA62246802
355,"COLD SWEAT","GLU",160,10A,59,2026-01-29,03:32,13,"","MY DEMONS EP",2023-02-24,62,1,32,85,0,0,-7,B Minor,4,1bQWXfHk0Pey2NdCxln4UQ,QZQAY2265214
356,"NIGHT SHIFT","GLU",80,4B,65,2026-01-29,03:57,13,"","MY DEMONS EP",2023-02-24,68,3,0,83,20,0,-6,G#/A♭ Major,4,3u7Bk2kqmoHPh4nNqAFnm1,QMDA62246853
357,"MOONWALKIN'","GLU",144,12A,58,2026-01-29,04:59,19,"","MY DEMONS EP",2023-02-24,56,0,50,43,0,10,-6,C♯/D♭ Minor,4,25dJMz1RMvCjoodJ2jI6BV,QMDA62246880
358,"FUCKED WITH MY DEMONS","GLU,Phantogram",164,10A,76,2026-01-29,03:26,15,"","MY DEMONS EP",2023-02-24,61,2,0,79,0,10,-5,B Minor,4,2YMd6VwBuBBJ2k926R6an8,QMDA62246888
359,"Funeral Pyre","Phantogram",168,8B,85,2026-01-29,04:05,41,"","Three",2016-10-07,39,0,75,17,0,20,-6,C Major,4,79uGuP3o5HO5ZlXTWbq0LW,USUM71605172
360,"Same Old Blues","Phantogram",122,11A,71,2026-01-29,03:31,44,"","Three",2016-10-07,58,7,0,23,0,30,-3,F#/G♭ Minor,4,28iw1FqJf6Vnfl2Fcu9rBh,USUM71605173
361,"You Don’t Get Me High Anymore","Phantogram",98,9B,95,2026-01-29,03:39,56,"","Three",2016-10-07,50,0,0,74,0,50,-5,G Major,4,3gkSQbWTDBh0ZKq85WmJDz,USUM71603912
362,"Cruel World","Phantogram",80,5A,45,2026-01-29,02:57,58,"","Three",2016-10-07,56,0,0,20,0,30,-7,C Minor,4,5PaViyJwv0XJbCcrnBNuAt,USUM71605181
363,"Barking Dog","Phantogram",111,1B,49,2026-01-29,03:02,30,"","Three",2016-10-07,49,82,0,28,0,60,-9,B Major,4,0Hthpa5QeGayFaG0KwBMLM,USUM71605175
364,"You're Mine","Phantogram",119,3A,77,2026-01-29,02:51,51,"","Three",2016-10-07,67,0,0,27,0,10,-6,A#/B♭ Minor,4,3rchbdfMJ48si8MqFRs6wP,USUM71605176
365,"Answer","Phantogram",148,10A,37,2026-01-29,03:51,53,"","Three",2016-10-07,36,13,4,11,0,10,-8,B Minor,5,09eSdS5RTgyodJt3krr5AC,USUM71605177
366,"Run Run Blood","Phantogram",144,3B,85,2026-01-29,04:59,39,"","Three",2016-10-07,45,0,7,14,0,20,-6,C♯/D♭ Major,4,3OVZSTxoVzic5wWEHBzG1c,USUM71605178
367,"Destroyer","Phantogram",101,7A,55,2026-01-29,04:17,34,"","Three",2016-10-07,50,3,0,7,0,10,-6,D Minor,4,7oFLIwPHL5gLtde7ukFvsX,USUM71605179
368,"Calling All","Phantogram",96,9B,95,2026-01-29,03:41,35,"","Three",2016-10-07,60,0,3,14,0,0,-4,G Major,4,4EtzxA3BnhoPQnzIDBKXMA,USUM71605180
369,"That’s My Cue (Live)","Matt Maeson",84,11B,56,2026-01-29,03:53,38,"","That's My Cue: A Solo Experience",2024-09-27,37,48,0,21,0,40,-6,A Major,4,3nvNRZQBWzW9xn50KKXGem,USAT22405307
370,"Grave Digger (Live)","Matt Maeson",149,11A,52,2026-01-29,03:28,28,"","That's My Cue: A Solo Experience",2024-09-27,54,50,0,46,20,90,-6,F#/G♭ Minor,4,4E4cAN7KQSXTylVh7r91SG,USAT22405407
371,"Me and My Friends Are Lonely (Live)","Matt Maeson",140,4B,62,2026-01-29,02:55,27,"","That's My Cue: A Solo Experience",2024-09-27,51,59,0,52,0,70,-6,G#/A♭ Major,4,6R0HCnRKGxOaTkdbXUKoLL,USAT22405408
372,"Cringe (Live)","Matt Maeson",128,7B,61,2026-01-29,03:19,31,"","That's My Cue: A Solo Experience",2024-09-27,65,69,0,39,0,90,-5,F Major,4,6spBkCWsdRNJMr93VuytmM,USAT22405409
373,"Cliffy (Live)","Matt Maeson",120,11B,43,2026-01-29,03:40,27,"","That's My Cue: A Solo Experience",2024-09-27,62,34,0,27,0,70,-7,A Major,4,7wEC4SpAsL1KRqnAyCIFhG,USAT22405410
374,"Feel Good (Live)","Matt Maeson",121,7B,38,2026-01-29,03:34,30,"","That's My Cue: A Solo Experience",2024-09-27,57,75,0,23,0,60,-7,F Major,4,5GOVBND7UQdjXbVLJlXfyh,USAT22405411
375,"Unconditional (Live)","Matt Maeson",116,2B,40,2026-01-29,04:35,26,"","That's My Cue: A Solo Experience",2024-09-27,78,39,0,17,0,70,-7,F#/G♭ Major,4,2boS7VVWHwxAxNjigR9MUu,USAT22405412
376,"Rational (Live)","Matt Maeson",127,8B,30,2026-01-29,04:29,26,"","That's My Cue: A Solo Experience",2024-09-27,51,78,0,29,0,70,-7,C Major,4,7bAct4wRrQw6qp1fOnYvSb,USAT22405413
377,"Nelsonwood Lane (Live)","Matt Maeson",104,9B,27,2026-01-29,04:30,25,"","That's My Cue: A Solo Experience",2024-09-27,47,75,0,16,0,60,-9,G Major,4,2cWPrz1S02uHOp4PFa2IVp,USAT22405414
378,"Cry Baby (Live)","Matt Maeson",97,9B,43,2026-01-29,03:51,24,"","That's My Cue: A Solo Experience",2024-09-27,40,86,4,17,0,60,-7,G Major,4,3db5xFRykKKgelmmTqrSwd,USAT22405415
379,"Bank On The Funeral (Live)","Matt Maeson",74,9B,33,2026-01-29,04:19,23,"","That's My Cue: A Solo Experience",2024-09-27,29,89,0,15,0,90,-8,G Major,4,5XQpfGRAT7ONSQYPQ7Jfec,USAT22405416
380,"Sanctified (Live)","Matt Maeson",112,11B,30,2026-01-29,04:27,25,"","That's My Cue: A Solo Experience",2024-09-27,47,89,0,23,0,90,-8,A Major,4,5EicxqDZWJ6MnkCH0VdElo,USAT22405417
381,"Get Happy (Live)","Matt Maeson",175,10B,51,2026-01-29,03:16,24,"","That's My Cue: A Solo Experience",2024-09-27,50,83,0,64,10,90,-6,D Major,4,2iAa0pJTOpbrtokihbuBKk,USAT22405418
382,"Mr. Rattlebone (Live)","Matt Maeson",83,8B,35,2026-01-29,03:20,25,"","That's My Cue: A Solo Experience",2024-09-27,44,90,0,7,0,90,-9,C Major,3,1jQelDRRD12XXXzg8Vi5Ll,USAT22405419
383,"Blood Runs Red (Live)","Matt Maeson",112,11B,42,2026-01-29,03:50,25,"","That's My Cue: A Solo Experience",2024-09-27,51,76,0,18,0,90,-8,A Major,4,7zZpNpDOK4qz0F7NC58WDJ,USAT22405420
384,"Tribulation (Live)","Matt Maeson",144,3B,49,2026-01-29,03:29,23,"","That's My Cue: A Solo Experience",2024-09-27,52,40,0,35,0,90,-6,C♯/D♭ Major,4,5WAQ4A2WQGOaYtEv97xQGH,USAT22405421
385,"Cut Deep (Live)","Matt Maeson",163,9B,65,2026-01-29,03:12,24,"","That's My Cue: A Solo Experience",2024-09-27,54,41,0,77,10,80,-5,G Major,4,3WUzvLaGXKB3I4SNNzmCGq,USAT22405422
386,"Hallucinogenics (Live)","Matt Maeson",117,8B,53,2026-01-29,03:38,27,"","That's My Cue: A Solo Experience",2024-09-27,51,47,0,53,0,70,-6,C Major,4,3J0FiRkC9vvzwbUN9d30MB,USAT22405423
387,"Beggar's Song (Live)","Matt Maeson",137,2B,56,2026-01-29,03:28,27,"","That's My Cue: A Solo Experience",2024-09-27,55,74,0,35,0,60,-5,F#/G♭ Major,4,15ckTUvXezyMtOKEFIH99u,USAT22405424
388,"Legacy (Live)","Matt Maeson",111,11B,81,2026-01-29,02:51,24,"","That's My Cue: A Solo Experience",2024-09-27,47,41,0,54,10,90,-5,A Major,4,2RjHYEptOvg8GmBCj9SBDa,USAT22405425
389,"Maps","Maroon 5",120,12A,71,2026-01-29,03:09,86,"pop","V",2014-09-02,74,2,0,88,0,0,-6,C♯/D♭ Minor,4,4gbVRS8gloEluzf0GzDOFc,USUM71407116
390,"Animals","Maroon 5",190,9A,74,2026-01-29,03:51,85,"pop","V",2014-09-02,28,0,0,33,0,50,-6,E Minor,4,2bL2gyO6kBdLkNSkxXNh6x,USUM71409576
391,"It Was Always You","Maroon 5",104,1B,77,2026-01-29,03:59,59,"pop","V",2014-09-02,61,8,0,30,0,0,-7,B Major,4,2PLo8T3kGE9URFvBy3tUdt,USUM71410331
392,"Unkiss Me","Maroon 5",130,2B,60,2026-01-29,03:58,50,"pop","V",2014-09-02,53,1,0,11,0,10,-7,F#/G♭ Major,4,1m39XApxHXb2UkGItyyIUO,USUM71410338
393,"Sugar","Maroon 5",120,3B,79,2026-01-29,03:55,83,"pop","V",2014-09-02,75,6,0,88,0,0,-7,C♯/D♭ Major,4,2iuZJX9X9P0GKaE93xcPjk,USUM71410340
394,"Leaving California","Maroon 5",97,5B,70,2026-01-29,03:23,49,"pop","V",2014-09-02,50,28,0,27,0,10,-6,D#/E♭ Major,4,13YQutqrAhT5iX9HOctlu5,USUM71410341
395,"In Your Pocket","Maroon 5",126,11A,84,2026-01-29,03:39,51,"pop","V",2014-09-02,62,3,0,43,0,0,-6,F#/G♭ Minor,4,6SCh4BKjB0il6zKgtSiasQ,USUM71410342
396,"New Love","Maroon 5",165,4A,89,2026-01-29,03:16,45,"pop","V",2014-09-02,63,1,0,82,0,20,-5,F Minor,4,42QGdFKDbWMDvmgsYq35HP,USUM71410343
397,"Coming Back For You","Maroon 5",115,12A,87,2026-01-29,03:46,47,"pop","V",2014-09-02,64,1,0,39,0,0,-6,C♯/D♭ Minor,4,4J1moeUmaCFMfHNyCeUpkN,USUM71410344
398,"Feelings","Maroon 5",122,3A,73,2026-01-29,03:14,56,"pop","V",2014-09-02,69,0,0,75,0,0,-5,A#/B♭ Minor,4,2dyyOwe0KxTZTJjjXDeLmU,USUM71410363
399,"My Heart Is Open","Maroon 5,Gwen Stefani",102,3B,33,2026-01-29,03:56,46,"pop, ","V",2014-09-02,41,55,0,28,0,0,-8,C♯/D♭ Major,4,5AnZXEB5IVhU57cJdOtJeX,USUM71410365
400,"This Summer","Maroon 5",99,9A,77,2026-01-29,03:44,57,"pop","V",2014-09-02,54,0,0,18,0,60,-5,E Minor,4,5uVji14OWpj9HMKLXdhjAv,USUM71506077
401,"Don't Let Him Go","REO Speedwagon",106,9B,96,2026-01-29,03:45,54,"soft rock, aor, classic rock","Hi Infidelity (30th Anniversary Edition)",1980-00-00,50,25,0,68,0,10,-6,G Major,4,6UxGF7LGJ5qE0LJViSTsA2,USSM11102616
402,"Keep on Loving You","REO Speedwagon",175,8B,72,2026-01-29,03:20,75,"soft rock, aor, classic rock","Hi Infidelity (30th Anniversary Edition)",1980-00-00,31,5,0,41,0,10,-6,C Major,4,4rcHWl68ai6KvpXlc8vbnE,USSM11102617
403,"Follow My Heart","REO Speedwagon",98,7A,96,2026-01-29,03:48,43,"soft rock, aor, classic rock","Hi Infidelity (30th Anniversary Edition)",1980-00-00,44,25,0,42,0,0,-5,D Minor,4,6FmhPm6kqu93t4MdoTP9AT,USSM11102618
404,"In Your Letter","REO Speedwagon",131,9B,89,2026-01-29,03:16,48,"soft rock, aor, classic rock","Hi Infidelity (30th Anniversary Edition)",1980-00-00,64,27,0,93,0,40,-5,G Major,4,0udUxLibGsKop4rlmBaVsi,USSM11102619
405,"Take It On the Run","REO Speedwagon",78,9B,76,2026-01-29,03:59,72,"soft rock, aor, classic rock","Hi Infidelity (30th Anniversary Edition)",1980-00-00,37,10,0,45,0,10,-6,G Major,4,5gys5nzVQIYhgHIfiOJYva,USSM11102620
406,"Tough Guys","REO Speedwagon",135,9B,86,2026-01-29,03:49,44,"soft rock, aor, classic rock","Hi Infidelity (30th Anniversary Edition)",1980-00-00,52,23,0,72,0,30,-5,G Major,4,2wN428oGfxZixOm6WaxD7F,USSM11102621
407,"Out Of Season","REO Speedwagon",138,10B,88,2026-01-29,03:05,35,"soft rock, aor, classic rock","Hi Infidelity (30th Anniversary Edition)",1980-00-00,55,12,0,91,0,50,-5,D Major,4,6J0iaQT3saT8tzMtrOTFOF,USSM11102622
408,"Shakin' It Loose","REO Speedwagon",157,7B,97,2026-01-29,02:25,32,"soft rock, aor, classic rock","Hi Infidelity (30th Anniversary Edition)",1980-00-00,47,9,0,83,0,0,-5,F Major,4,7swWEKvPEjE4nmMtjVuwbG,USSM11102623
409,"Someone Tonight","REO Speedwagon",134,11B,89,2026-01-29,02:40,33,"soft rock, aor, classic rock","Hi Infidelity (30th Anniversary Edition)",1980-00-00,48,8,0,86,0,10,-5,A Major,4,7MxmJmW08fXXIx0WV1UeKz,USSM11102624
410,"I Wish You Were There","REO Speedwagon",117,8B,56,2026-01-29,04:27,34,"soft rock, aor, classic rock","Hi Infidelity (30th Anniversary Edition)",1980-00-00,46,54,0,47,0,10,-6,C Major,3,6clGYfenIxxSMAWQBFWhCA,USSM11102625
411,"Not Just A Girl","Shania Twain",117,9B,86,2026-01-29,03:11,35,"country","Not Just A Girl (The Highlights)",2022-07-26,73,7,0,78,0,0,-4,G Major,4,7DF7d3MvTaEaktGUFc6s3d,USUM72212882
412,"You're Still The One","Shania Twain",134,5B,54,2026-01-29,03:33,24,"country","Not Just A Girl (The Highlights)",2022-07-26,57,38,0,58,0,0,-7,D#/E♭ Major,4,5IVTdDBI9l4tjCPIoS9FIu,USMR19887499
413,"Man! I Feel Like A Woman!","Shania Twain",125,6B,76,2026-01-29,03:55,23,"country","Not Just A Girl (The Highlights)",2022-07-26,65,53,0,73,0,10,-3,A#/B♭ Major,4,3lbcuZri5UyfygwHut2blt,USMR19887508
414,"What Made You Say That - Single Version","Shania Twain",186,10B,65,2026-01-29,02:59,23,"country","Not Just A Girl (The Highlights)",2022-07-26,58,27,0,60,0,10,-5,D Major,4,1cmclUgvE9Si9wfM5MWzZK,USMR10000093
415,"(If You're Not In It For Love) I'm Outta Here!","Shania Twain",120,7B,87,2026-01-29,04:30,20,"country","Not Just A Girl (The Highlights)",2022-07-26,75,12,0,81,0,0,-4,F Major,4,0a4QsCnFOQUlsMws5B8GP9,USPR39402724
416,"Whose Bed Have Your Boots Been Under?","Shania Twain",132,7B,74,2026-01-29,04:25,21,"country","Not Just A Girl (The Highlights)",2022-07-26,71,9,0,80,0,10,-5,F Major,4,29t2kfPLZgqIEmPx4jRfYW,USPR39402723
417,"Any Man Of Mine","Shania Twain",78,5B,81,2026-01-29,04:08,27,"country","Not Just A Girl (The Highlights)",2022-07-26,57,20,0,78,0,10,-5,D#/E♭ Major,4,7l2IPHr2S39PM2AVywAe7Y,USPR39402722
418,"You Win My Love","Shania Twain",128,2B,88,2026-01-29,04:27,18,"country","Not Just A Girl (The Highlights)",2022-07-26,68,1,0,89,0,0,-6,F#/G♭ Major,4,1YHeArbsQ6bEuC0X37AIGu,USPR39402728
419,"Don't Be Stupid (You Know I Love You)","Shania Twain",122,10B,67,2026-01-29,03:36,20,"country","Not Just A Girl (The Highlights)",2022-07-26,76,24,0,88,0,20,-5,D Major,4,19ct24WegIttWdUmGdrqtS,USMR19887510
420,"I'm Holdin' On To Love (To Save My Life)","Shania Twain",157,12B,89,2026-01-29,03:30,18,"country","Not Just A Girl (The Highlights)",2022-07-26,62,23,0,77,10,10,-5,E Major,4,0NVl1z8HrfZIWFA5ROooxo,USMR19887504
421,"From This Moment On","Shania Twain,Bryan White",136,9B,37,2026-01-29,04:42,22,"country, ","Not Just A Girl (The Highlights)",2022-07-26,30,47,0,10,0,10,-8,G Major,4,4lksomY4iTwjA6TPquhOq5,USMR19887501
422,"Love Gets Me Every Time","Shania Twain",123,10B,76,2026-01-29,03:32,18,"country","Not Just A Girl (The Highlights)",2022-07-26,72,19,0,96,0,0,-5,D Major,4,1bzKsX85Vqk1r2NSEaVtDd,USMR19887509
423,"That Don't Impress Me Much - Edit","Shania Twain",125,3B,77,2026-01-29,03:40,27,"country","Not Just A Girl (The Highlights)",2022-07-26,74,27,0,96,0,10,-6,C♯/D♭ Major,4,1MQbbhl0P5Kbfk38Psgirr,USMR19887511
424,"Forever And For Always - Red Version","Shania Twain",86,2B,76,2026-01-29,04:45,21,"country","Not Just A Girl (The Highlights)",2022-07-26,50,20,0,47,0,0,-6,F#/G♭ Major,4,7g8SN3CIUfkDmwTeWmgbhX,USMR10200417
425,"Honey, I'm Home","Shania Twain",161,12B,72,2026-01-29,03:38,19,"country","Not Just A Girl (The Highlights)",2022-07-26,60,18,0,85,10,10,-5,E Major,4,6zqbA06KIJ2ZV8nXjDBOZ2,USMR19887512
426,"I'm Gonna Getcha Good! - Red Version","Shania Twain",124,3B,75,2026-01-29,04:30,24,"country","Not Just A Girl (The Highlights)",2022-07-26,71,4,0,88,0,10,-5,C♯/D♭ Major,4,2X4rZgJmvORxE9KEWbBZEU,USMR10200414
427,"Up! - Green Version","Shania Twain",126,7B,73,2026-01-29,02:54,20,"country","Not Just A Girl (The Highlights)",2022-07-26,61,8,0,68,0,30,-5,F Major,4,6jRx2VLniUbUGDDc2aHzDT,USMR10200394
428,"Life's About To Get Good","Shania Twain",100,6B,89,2026-01-29,03:39,18,"country","Not Just A Girl (The Highlights)",2022-07-26,64,0,0,67,0,30,-5,A#/B♭ Major,4,1o9C72vnTghAPpubQQWjHZ,USUM71703203
429,"I Wanna","The All-American Rejects",164,9B,91,2026-01-29,03:28,50,"pop punk, emo","When The World Comes Down",2008-12-16,42,0,0,43,0,20,-5,G Major,4,1aWYAQICESeHj2Xauv1Zfd,USUM70843644
430,"Fallin' Apart","The All-American Rejects",128,8B,71,2026-01-29,03:26,36,"pop punk, emo","When The World Comes Down",2008-12-16,67,0,0,73,0,0,-5,C Major,4,23w11EYBFY0v3uPxVuRxOV,USUM70843651
431,"Damn Girl","The All-American Rejects",106,6B,56,2026-01-29,03:51,34,"pop punk, emo","When The World Comes Down",2008-12-16,67,0,0,90,0,10,-7,A#/B♭ Major,4,6XQT1dD3kNbtRShuwLzk6L,USUM70843650
432,"Gives You Hell","The All-American Rejects",100,12B,69,2026-01-29,03:33,71,"pop punk, emo","When The World Comes Down",2008-12-16,72,2,0,55,0,0,-6,E Major,4,6ihL9TjfRjadfEePzXXyVF,USUM70837368
433,"Mona Lisa (When The World Comes Down)","The All-American Rejects",128,9B,46,2026-01-29,03:14,36,"pop punk, emo","When The World Comes Down",2008-12-16,63,30,0,37,0,10,-10,G Major,4,2m7FsggaXs6rGElWLbgQUS,USUM70843647
434,"Breakin'","The All-American Rejects",134,1B,89,2026-01-29,03:58,32,"pop punk, emo","When The World Comes Down",2008-12-16,51,0,0,56,0,10,-5,B Major,4,6ZbtZVI21M1l2r4cbleJiv,USUM70843649
435,"Another Heart Calls","The All-American Rejects",149,7B,81,2026-01-29,04:07,35,"pop punk, emo","When The World Comes Down",2008-12-16,56,0,0,37,0,50,-6,F Major,4,7KCbdQQ7td5imNovgOXJDg,USUM70843646
436,"Real World","The All-American Rejects",162,8B,90,2026-01-29,04:02,33,"pop punk, emo","When The World Comes Down",2008-12-16,51,0,0,72,0,10,-4,C Major,4,0egquCi66NSXmdhCQoqbDB,USUM70843654
437,"Back To Me","The All-American Rejects",174,11B,62,2026-01-29,04:28,32,"pop punk, emo","When The World Comes Down",2008-12-16,40,1,0,37,0,10,-6,A Major,4,0AywS4uPzDmkSW1wX7014k,USUM70843652
438,"Believe","The All-American Rejects",160,12B,92,2026-01-29,03:28,28,"pop punk, emo","When The World Comes Down",2008-12-16,45,0,0,47,0,30,-6,E Major,4,4gNNCbZFH3ENjPhtvuXWI9,USUM70843648
439,"The Wind Blows","The All-American Rejects",84,8B,70,2026-01-29,04:22,34,"pop punk, emo","When The World Comes Down",2008-12-16,58,2,0,77,0,10,-7,C Major,4,7Bz4NRXHoQF1OdhvxFDbCt,USUM70843645
440,"Sunshine","The All-American Rejects",100,2B,50,2026-01-29,02:59,27,"pop punk, emo","When The World Comes Down",2008-12-16,54,18,0,44,0,10,-7,F#/G♭ Major,4,6I86pznhdVxno1jqc9HMXk,USUM70843653
441,"Mona Lisa (When The World Comes Down) - Demo","The All-American Rejects",136,4B,52,2026-01-29,02:43,21,"pop punk, emo","When The World Comes Down",2008-12-16,63,77,0,46,0,10,-8,G#/A♭ Major,4,1E4YUBtVN43cAN6uNHLaRA,USUM70845901
442,"True Believers","Darius Rucker",118,9B,75,2026-01-29,04:04,41,"country","True Believers",2013-01-01,59,2,0,36,0,10,-6,G Major,4,1r5kIJWlpoxQPk7X4RF2iA,USCN11200263
443,"Miss You","Darius Rucker",149,4B,69,2026-01-29,04:01,33,"country","True Believers",2013-01-01,63,21,0,57,0,0,-7,G#/A♭ Major,4,59xD1MAgPWdHyZgTlPN93c,USCN11200247
444,"Wagon Wheel","Darius Rucker",148,11B,66,2026-01-29,04:58,83,"country","True Believers",2013-01-01,54,46,0,58,0,10,-7,A Major,4,3xdjjKMcMOFgo1eQrfbogM,USCN11200248
445,"Love Without You","Darius Rucker,Sheryl Crow",73,7B,38,2026-01-29,03:19,38,"country, ","True Believers",2013-01-01,44,40,0,16,0,10,-11,F Major,1,5Q2glzojVDeCKxOoKwIYV9,USCN11200249
446,"Radio","Darius Rucker",93,8B,85,2026-01-29,03:09,51,"country","True Believers",2013-01-01,72,12,0,97,0,0,-7,C Major,4,0uMur9BAwuzsShojxBi6ag,USCN11200250
447,"Lost In You","Darius Rucker",202,6B,66,2026-01-29,03:28,42,"country","True Believers",2013-01-01,47,25,0,73,0,10,-7,A#/B♭ Major,4,1AfZCPqPfD36Js9VW3BGKe,USCN11200251
448,"I Will Love You Still","Darius Rucker,Mallary Hope",87,4B,49,2026-01-29,03:49,34,"country, ccm","True Believers",2013-01-01,58,26,0,32,0,10,-7,G#/A♭ Major,4,5l8ctCWO0F7zMLKcdlMdXB,USCN11200252
449,"Take Me Home","Darius Rucker",128,5B,71,2026-01-29,04:09,29,"country","True Believers",2013-01-01,60,34,0,61,0,0,-8,D#/E♭ Major,4,6YKO3L4ZvoOA5v4mV7fV6Q,USCN11200253
450,"Shine","Darius Rucker",81,9B,76,2026-01-29,04:11,31,"country","True Believers",2013-01-01,61,6,0,74,0,0,-6,G Major,4,6UwbXw6m8fJKunpx9Rq9vM,USCN11200254
451,"Heartbreak Road","Darius Rucker",117,12B,86,2026-01-29,03:13,30,"country","True Believers",2013-01-01,72,15,0,96,0,0,-6,E Major,4,6qzks50MssbU88vIA2pGqm,USCN11200255
452,"Leavin' The Light On","Darius Rucker",154,11B,45,2026-01-29,03:56,31,"country","True Believers",2013-01-01,67,40,0,66,0,30,-10,A Major,4,03YqVBjqIVJbxYcW0c5S8E,USCN11200256
453,"Lie To Me","Darius Rucker",108,10B,77,2026-01-29,04:04,30,"country","True Believers",2013-01-01,61,3,0,64,0,0,-7,D Major,4,1E18ZBgIMao3ZXqNkbLW2k,USCN11200257
454,"Carry on Wayward Son","Kansas",127,9B,70,2026-01-29,05:21,46,"classic rock, progressive rock, aor","The Best Of Kansas",1984-00-00,49,0,0,78,0,40,-9,G Major,4,1lhmgubpHo0AGAX7BCiO2a,USSM17600874
455,"Point of Know Return","Kansas",136,7B,43,2026-01-29,03:11,34,"classic rock, progressive rock, aor","The Best Of Kansas",1984-00-00,70,11,0,70,0,10,-10,F Major,4,34qHZPPmi94AEJ3nU01bva,USSM19803730
456,"Fight Fire With Fire","Kansas",119,9B,79,2026-01-29,03:40,33,"classic rock, progressive rock, aor","The Best Of Kansas",1984-00-00,54,7,0,62,0,20,-9,G Major,4,5RC12RMHBqOtB1S6wmiw7L,USSM19803731
457,"Dust in the Wind","Kansas",94,8A,25,2026-01-29,03:25,57,"classic rock, progressive rock, aor","The Best Of Kansas",1984-00-00,50,21,0,42,0,10,-14,A Minor,4,4E0lSJ6c5unoku9UIZoJSl,USSM19803732
458,"Song For America","Kansas",102,8B,72,2026-01-29,09:06,33,"classic rock, progressive rock, aor","The Best Of Kansas",1984-00-00,36,0,1,53,0,10,-10,C Major,4,62sbWGdOJVeDqqzLWs96sP,USSM19803733
459,"Hold On","Kansas",158,9A,49,2026-01-29,03:51,34,"classic rock, progressive rock, aor","The Best Of Kansas",1984-00-00,45,2,0,56,0,10,-11,E Minor,3,1TdOEH6r0TM77PVthZn65m,USSM19803734
460,"No One Together","Kansas",99,7B,60,2026-01-29,06:57,29,"classic rock, progressive rock, aor","The Best Of Kansas",1984-00-00,54,9,0,61,0,0,-11,F Major,4,2GlBGDFgiJWyrkARnQZFva,USSM19803735
461,"Play The Game Tonight","Kansas",118,7A,50,2026-01-29,03:26,34,"classic rock, progressive rock, aor","The Best Of Kansas",1984-00-00,66,2,0,22,0,0,-12,D Minor,4,0gUDchNtzVseoWpTHbU3aQ,USSM19803736
462,"The Wall","Kansas",172,1B,51,2026-01-29,04:46,29,"classic rock, progressive rock, aor","The Best Of Kansas",1984-00-00,16,4,0,26,0,10,-11,B Major,4,1qpW1CN4cQ6k8n32ZDlZEK,USSM19803737
463,"The Pinnacle","Kansas",155,7A,52,2026-01-29,09:35,25,"classic rock, progressive rock, aor","The Best Of Kansas",1984-00-00,27,2,0,43,0,50,-13,D Minor,4,4KFUAjUEAOgPnDM0eIQMe2,USSM19803738
464,"The Devil Game","Kansas",97,10B,84,2026-01-29,05:03,26,"classic rock, progressive rock, aor","The Best Of Kansas",1984-00-00,41,1,0,63,0,30,-9,D Major,3,47LZ64UFirmc2iWN6rjk9D,USSM19803739
465,"Closet Chronicles","Kansas",96,7B,65,2026-01-29,06:54,24,"classic rock, progressive rock, aor","The Best Of Kansas",1984-00-00,36,19,0,50,0,30,-10,F Major,4,23j7JKVpw3NJZtYVCgPOWW,USSM17700295
466,"Larger Than Life","Backstreet Boys",108,6B,97,2026-01-29,03:52,44,"","Millennium 2.0",2025-07-11,65,15,0,76,0,50,-4,A#/B♭ Major,4,6OCdQN3mLy9NM57KUHa17F,USJI19910620
467,"I Want It That Way","Backstreet Boys",99,11A,69,2026-01-29,03:33,43,"","Millennium 2.0",2025-07-11,69,30,0,48,0,20,-6,F#/G♭ Minor,4,4DJD4ix6aexcGxoskpMXvS,USJI19910614
468,"Show Me the Meaning of Being Lonely","Backstreet Boys",168,11A,62,2026-01-29,03:54,41,"","Millennium 2.0",2025-07-11,62,29,0,68,0,0,-6,F#/G♭ Minor,4,6DXLpvoelg0VuSIzDvCDkI,USJI19910621
469,"It's Gotta Be You","Backstreet Boys",116,8B,89,2026-01-29,02:57,45,"","Millennium 2.0",2025-07-11,77,12,0,83,0,0,-4,C Major,4,0XvWFWl9qZhTwq5tRltCD2,USJI19910622
470,"I Need You Tonight","Backstreet Boys",85,1B,54,2026-01-29,04:23,43,"","Millennium 2.0",2025-07-11,54,32,0,20,0,10,-8,B Major,4,59qtZODBR2TE5l6TswXDjS,USJI19910623
471,"Don't Want You Back","Backstreet Boys",103,11A,63,2026-01-29,03:26,43,"","Millennium 2.0",2025-07-11,73,12,0,89,0,10,-6,F#/G♭ Minor,4,0K66ekSnu8TZ6XlUa463tJ,USJI19910624
472,"Don't Wanna Lose You Now","Backstreet Boys",93,2B,53,2026-01-29,03:55,42,"","Millennium 2.0",2025-07-11,66,42,0,51,0,10,-9,F#/G♭ Major,4,4HBINyJspLDQdlwoOtJKZF,USJI19910625
473,"The One","Backstreet Boys",110,4A,93,2026-01-29,03:47,44,"","Millennium 2.0",2025-07-11,65,8,0,58,0,10,-5,F Minor,4,2XiibwmnxwveUgy0bx3XIu,USJI19910626
474,"Back to Your Heart","Backstreet Boys",92,10B,42,2026-01-29,04:21,41,"","Millennium 2.0",2025-07-11,65,37,0,24,0,10,-8,D Major,4,3xpLOmi4Eyh8s8tj8TsizQ,USJI19910627
475,"Spanish Eyes","Backstreet Boys",134,6A,42,2026-01-29,03:53,40,"","Millennium 2.0",2025-07-11,67,30,0,37,0,30,-8,G Minor,4,6Jr82zrIlAq6iBybiY4D7Q,USJI19910628
476,"No One Else Comes Close","Backstreet Boys",113,8B,46,2026-01-29,03:43,41,"","Millennium 2.0",2025-07-11,71,16,0,19,0,10,-10,C Major,4,5KATUfdXCMwjzGaECICKMa,USJI19910629
477,"The Perfect Fan","Backstreet Boys",141,11B,40,2026-01-29,04:13,40,"","Millennium 2.0",2025-07-11,43,66,0,32,0,10,-9,A Major,4,4ecqgz1CJ9adSf03svpyUS,USJI19910630
478,"Hey","Backstreet Boys",174,10B,56,2026-01-29,03:26,45,"","Millennium 2.0",2025-07-11,39,9,0,16,0,10,-7,D Major,3,2cEY3ZORfn7ISPcCSbQWeL,USRC12402496
479,"I'll Be There For You","Backstreet Boys",78,2B,57,2026-01-29,04:33,39,"","Millennium 2.0",2025-07-11,63,26,0,66,0,0,-8,F#/G♭ Major,4,1qM6SRK2rDRtEzuGIPXOg9,USJI19910604
480,"You Wrote The Book On Love","Backstreet Boys",93,11B,49,2026-01-29,04:38,37,"","Millennium 2.0",2025-07-11,75,29,0,61,0,10,-5,A Major,4,7FV4ItThCiSmQAVUxDKeOj,USJI19910631
481,"If You Knew What I Knew","Backstreet Boys",170,8B,54,2026-01-29,04:13,37,"","Millennium 2.0",2025-07-11,56,5,0,28,0,0,-7,C Major,4,1fUKqgJraOjB8UMKwM72ym,USJI19910725
482,"My Heart Stays With You","Backstreet Boys",178,5B,62,2026-01-29,03:37,35,"","Millennium 2.0",2025-07-11,45,12,0,37,0,10,-7,D#/E♭ Major,4,1DXUYO3I8S8mEEgim2MreX,USJI19910602
483,"I Want It That Way - Alternate Lyrics","Backstreet Boys",99,11A,76,2026-01-29,03:34,42,"","Millennium 2.0",2025-07-11,67,28,0,46,0,10,-5,F#/G♭ Minor,4,4lcMnJrTxQPrf5mOHtpmJ9,USJI12400029
484,"The Perfect Fan - Demo","Backstreet Boys",89,11B,36,2026-01-29,04:36,34,"","Millennium 2.0",2025-07-11,27,77,0,14,0,10,-8,A Major,5,0UUMBzCkdflw4nD5JFHUXu,USJI12400030
485,"Right Now (Na Na Na)","Akon",138,1A,86,2026-01-29,04:00,83,"","Freedom",2008-01-01,83,26,0,59,10,40,-4,G#/A♭ Minor,4,5Ravsw8TmHN5wBiYPPYUFw,USUM70837868
486,"Beautiful","Akon,Colby O'Donis,Kardinal Offishall",130,5A,95,2026-01-29,05:12,77,"","Freedom",2008-01-01,74,13,0,63,0,10,-4,C Minor,4,1GLx5tpDdwEFiA7KaikvX2,USUM70845927
487,"Keep You Much Longer","Akon",120,8B,95,2026-01-29,04:20,64,"","Freedom",2008-01-01,71,13,0,61,0,10,-3,C Major,4,6yDvLWVeAdIFTmEZYyqEQl,USUM70845928
488,"Troublemaker","Akon,Sweet Rush",122,6A,79,2026-01-29,03:57,71,"","Freedom",2008-01-01,86,13,0,84,10,30,-4,G Minor,4,7FOXrArO9CU6xVZotChlD8,USUM70845756
489,"We Don't Care","Akon",120,3A,80,2026-01-29,04:16,81,"","Freedom",2008-01-01,85,19,0,74,0,10,-4,A#/B♭ Minor,4,5D7TXG2pmQbFeLVNBrUADb,USUM70845929
490,"I'm So Paid","Akon,Lil Wayne,Jeezy",92,1B,87,2026-01-29,04:24,71,"rap, hip hop, southern hip hop, crunk, gangster rap","Freedom",2008-01-01,69,10,0,51,20,0,-4,B Major,4,6M07mzRP5ByQiWexLtR8PU,USUM70842012
491,"Holla Holla","Akon,T-Pain",150,12A,65,2026-01-29,03:00,54,"","Freedom",2008-01-01,59,5,0,55,20,10,-6,C♯/D♭ Minor,4,1Z2d53GvrzrVDpPJV8uN9z,USUM70845930
492,"Against The Grain","Akon,Ray Lavender",95,8B,56,2026-01-29,04:04,59,"","Freedom",2008-01-01,77,43,0,38,0,0,-5,C Major,4,7drg9omSv2o04xPG60R8tb,USUM70845935
493,"Be With You","Akon",174,10A,74,2026-01-29,03:51,71,"","Freedom",2008-01-01,66,8,0,72,10,0,-8,B Minor,4,6uq9QQLcdeUbhe5T7ZUFl4,USUM70845938
494,"Sunny Day","Akon,Wyclef Jean",90,1B,71,2026-01-29,05:12,54,"","Freedom",2008-01-01,75,1,0,51,0,10,-8,B Major,4,2459SxulZAEvSVCE41P0Ph,USUM70845943
495,"Birthmark","Akon",82,9B,84,2026-01-29,04:23,55,"","Freedom",2008-01-01,68,39,0,37,10,30,-5,G Major,4,4oFEx7Cap5yd79vVUsjWmZ,USUM70845944
496,"Over The Edge","Akon",128,4A,65,2026-01-29,04:26,47,"","Freedom",2008-01-01,56,4,0,23,0,0,-6,F Minor,4,5lx1KA8fjbM8q9cCaFK8bJ,USUM70845945
497,"Freedom","Akon",85,4B,89,2026-01-29,04:13,59,"","Freedom",2008-01-01,39,38,0,31,40,0,-6,G#/A♭ Major,4,4cndv3Z5sQ6ibTE87yi8wo,USUM70845946
498,"I'm So Paid","Akon,Lil Wayne",92,2B,83,2026-01-29,03:22,50,"rap, hip hop","Freedom",2008-01-01,73,9,0,51,0,0,-5,F#/G♭ Major,4,74edlIhB2jw4mYEHsoT0cZ,USUM70837869
499,"Great White Hope","Styx",144,10A,85,2026-01-29,04:23,33,"classic rock, aor, progressive rock","Pieces Of Eight",1978-01-01,48,0,1,53,0,30,-13,B Minor,4,12CToYdYEpFzmMryvskeA7,USWWW0129098
500,"I'm O.K.","Styx",94,10B,46,2026-01-29,05:44,35,"classic rock, aor, progressive rock","Pieces Of Eight",1978-01-01,30,0,0,39,0,0,-13,D Major,4,0r9vDgNrCw6jVvfAmebHTt,USWWW0129100
501,"Sing For The Day","Styx",68,10B,46,2026-01-29,05:01,35,"classic rock, aor, progressive rock","Pieces Of Eight",1978-01-01,25,9,0,40,0,0,-14,D Major,4,2tRdlnrEb9OwGDUuRDJiXB,USAM17802298
502,"The Message","Styx",71,7B,18,2026-01-29,01:08,26,"classic rock, aor, progressive rock","Pieces Of Eight",1978-01-01,17,0,1,10,0,10,-19,F Major,5,3ouoNKBb89kngw2vi7eEpw,USWWW0129102
503,"Lords Of The Ring","Styx",79,10B,51,2026-01-29,04:35,30,"classic rock, aor, progressive rock","Pieces Of Eight",1978-01-01,24,4,0,39,0,10,-13,D Major,4,1mtiqT416CodPhNk3H1pUJ,USWWW0129103
504,"Blue Collar Man (Long Nights)","Styx",124,7A,60,2026-01-29,04:07,60,"classic rock, aor, progressive rock","Pieces Of Eight",1978-01-01,44,1,0,78,0,0,-11,D Minor,4,60F6ntlU0uSzgChmyQyVJP,USAM17800359
505,"Queen Of Spades","Styx",135,12A,45,2026-01-29,05:41,37,"classic rock, aor, progressive rock","Pieces Of Eight",1978-01-01,26,4,1,12,0,10,-13,C♯/D♭ Minor,4,54g63GAn77x9NcjiLzy7cW,USAM17802305
506,"Renegade","Styx",106,6A,55,2026-01-29,04:17,72,"classic rock, aor, progressive rock","Pieces Of Eight",1978-01-01,49,2,0,66,0,0,-12,G Minor,4,1CQqupcyMg7176PPmIVmSj,USAM17800365
507,"Pieces Of Eight","Styx",136,8A,32,2026-01-29,04:44,38,"classic rock, aor, progressive rock","Pieces Of Eight",1978-01-01,38,3,0,36,0,20,-14,A Minor,4,7EWoyfv1zbF9UufIMLrepX,USWWW0129107
508,"Aku-Aku","Styx",94,10B,15,2026-01-29,02:56,27,"classic rock, aor, progressive rock","Pieces Of Eight",1978-01-01,42,0,0,14,0,10,-23,D Major,4,0vFHy5xvVrk3XZq2ufgPrL,USWWW0129099
509,"Up Around The Bend (John's Version)","John Fogerty",130,10B,92,2026-04-18,02:44,34,"country rock","Legacy: the Creedence Clearwater Revival years (John's Version)",2025-08-22,60,2,1,93,0,30,-4,D Major,4,6lftV9m4U7YN0AF1rnbnhg,USC4R2555608
510,"Who'll Stop The Rain (John's Version)","John Fogerty",124,9B,76,2026-04-18,02:29,34,"country rock","Legacy: the Creedence Clearwater Revival years (John's Version)",2025-08-22,59,3,0,52,0,0,-6,G Major,4,7hzjac02NodsflrJiSVg2X,USC4R2555609
511,"Proud Mary (John's Version)","John Fogerty",121,11B,79,2026-04-18,03:06,36,"country rock","Legacy: the Creedence Clearwater Revival years (John's Version)",2025-08-22,69,13,0,86,0,10,-4,A Major,4,22tLcmJYbCS803LR6f0p3l,USC4R2555610
512,"Have You Ever Seen The Rain (John's Version)","John Fogerty",116,8B,79,2026-04-18,02:42,40,"country rock","Legacy: the Creedence Clearwater Revival years (John's Version)",2025-08-22,72,9,0,91,0,10,-5,C Major,4,329qJlNVgKWWr0WdYwxZxM,USC4R2555611
513,"Lookin' Out My Back Door (John's Version)","John Fogerty",105,7B,71,2026-04-18,02:34,33,"country rock","Legacy: the Creedence Clearwater Revival years (John's Version)",2025-08-22,81,24,0,95,0,0,-5,F Major,4,0BeR2gt9oISHk1fJGhu5bh,USC4R2555612
514,"Born On The Bayou (John's Version)","John Fogerty",117,11B,65,2026-04-18,05:12,33,"country rock","Legacy: the Creedence Clearwater Revival years (John's Version)",2025-08-22,68,1,19,66,0,10,-8,A Major,4,7IgorCQY8dklyzuJ3ZFc98,USC4R2555613
515,"Run Through The Jungle (John's Version)","John Fogerty",136,8A,95,2026-04-18,03:04,34,"country rock","Legacy: the Creedence Clearwater Revival years (John's Version)",2025-08-22,63,6,0,91,0,10,-6,A Minor,4,5552fYdJEAvtrPryZJpREp,USC4R2555614
516,"Someday Never Comes (John's Version)","John Fogerty",137,11B,60,2026-04-18,04:03,32,"country rock","Legacy: the Creedence Clearwater Revival years (John's Version)",2025-08-22,66,12,0,52,0,10,-7,A Major,4,6m3QMcGidAsXMPhFO5I7mc,USC4R2555615
517,"Porterville (John's Version)","John Fogerty",105,11B,77,2026-04-18,02:21,28,"country rock","Legacy: the Creedence Clearwater Revival years (John's Version)",2025-08-22,61,21,0,71,0,10,-4,A Major,4,2c2EYYIJDgxNz4LYuVkURy,USC4R2555616
518,"Hey Tonight (John's Version)","John Fogerty",129,12B,83,2026-04-18,02:39,29,"country rock","Legacy: the Creedence Clearwater Revival years (John's Version)",2025-08-22,67,6,0,86,0,30,-5,E Major,4,6pEoLxTIMSXOLu6f3N5Nbs,USC4R2555617
519,"Lodi (John's Version)","John Fogerty",127,7B,81,2026-04-18,03:12,32,"country rock","Legacy: the Creedence Clearwater Revival years (John's Version)",2025-08-22,66,28,0,81,0,0,-5,F Major,4,4MGWyVRIpCq6Xgs3ADcYl7,USC4R2555618
520,"Wrote A Song For Everyone (John's Version)","John Fogerty",114,9B,50,2026-04-18,04:51,29,"country rock","Legacy: the Creedence Clearwater Revival years (John's Version)",2025-08-22,59,51,0,35,0,10,-6,G Major,4,6nTvDTYNA0LHdERq3mOp6Q,USC4R2555619
521,"Bootleg (John's Version)","John Fogerty",146,8A,87,2026-04-18,03:04,28,"country rock","Legacy: the Creedence Clearwater Revival years (John's Version)",2025-08-22,73,3,0,92,0,0,-6,A Minor,4,6BhPpUDtVw8PLbg5Yv5Zu0,USC4R2555620
522,"Don't Look Now (John's Version)","John Fogerty",100,12B,70,2026-04-18,02:11,28,"country rock","Legacy: the Creedence Clearwater Revival years (John's Version)",2025-08-22,79,8,0,96,0,0,-5,E Major,4,54rAURByPHJX0HLzzPUVq2,USC4R2555621
523,"Long As I Can See The Light (John's Version)","John Fogerty",127,11B,51,2026-04-18,03:32,29,"country rock","Legacy: the Creedence Clearwater Revival years (John's Version)",2025-08-22,63,45,0,58,0,0,-6,A Major,4,64WXGAIvXK6cS9ZkqOPALO,USC4R2555622
524,"Down On The Corner (John's Version)","John Fogerty",108,8B,67,2026-04-18,02:44,31,"country rock","Legacy: the Creedence Clearwater Revival years (John's Version)",2025-08-22,82,25,0,92,0,0,-5,C Major,4,3rdsTV4jleuGxyMVno2BY1,USC4R2555742
525,"Bad Moon Rising (John's Version)","John Fogerty",180,10B,81,2026-04-18,02:21,33,"country rock","Legacy: the Creedence Clearwater Revival years (John's Version)",2025-08-22,47,33,0,94,0,0,-4,D Major,4,2HN9JHAzTdBudTC3Nzt53C,USC4R2555623
526,"Travelin' Band (John's Version)","John Fogerty",166,2B,97,2026-04-18,02:08,28,"country rock","Legacy: the Creedence Clearwater Revival years (John's Version)",2025-08-22,55,7,0,97,0,20,-3,F#/G♭ Major,4,2VrfV2oibKc6BJOxXPve18,USC4R2555624
527,"Green River (John's Version)","John Fogerty",141,9A,84,2026-04-18,02:33,30,"country rock","Legacy: the Creedence Clearwater Revival years (John's Version)",2025-08-22,62,0,0,97,0,20,-6,E Minor,4,6dKx5yc4WP7S75AUhdafUg,USC4R2555625
528,"Fortunate Son (John's Version)","John Fogerty",132,8B,73,2026-04-18,02:17,35,"country rock","Legacy: the Creedence Clearwater Revival years (John's Version)",2025-08-22,60,16,0,53,0,20,-3,C Major,4,5vaL45dKD60sKue5mHAwSr,USC4R2555626
529,"Hello There - Live at the Forum, Los Angeles, CA - December 1979","Cheap Trick",176,11B,98,2026-04-18,02:07,7,"power pop, aor, classic rock, glam rock","Are You Ready? Live 12/31/1979",2019-11-29,8,1,94,7,10,90,-6,A Major,4,1xgirChCSnn3xngXi9lNIL,USSM11905388
530,"Clock Strikes Ten - Live at the Forum, Los Angeles, CA - December 1979","Cheap Trick",171,9A,98,2026-04-18,02:45,5,"power pop, aor, classic rock, glam rock","Are You Ready? Live 12/31/1979",2019-11-29,15,2,97,7,10,90,-7,E Minor,4,0kLLxOQGFWD6NDHAVsC0hY,USSM11905389
531,"I'll Be With You Tonight - Live at the Forum, Los Angeles, CA - December 1979","Cheap Trick",155,10A,95,2026-04-18,04:44,4,"power pop, aor, classic rock, glam rock","Are You Ready? Live 12/31/1979",2019-11-29,21,1,95,20,0,60,-7,B Minor,4,1UTADYROYg29naxLbAxGww,USSM11905390
532,"Ain't That a Shame - Live at the Forum, Los Angeles, CA - December 1979","Cheap Trick",140,12B,87,2026-04-18,05:38,7,"power pop, aor, classic rock, glam rock","Are You Ready? Live 12/31/1979",2019-11-29,22,1,52,27,0,80,-7,E Major,4,3eYKg64rpJy0qE62Z7eFmH,USSM11905391
533,"California Man - Live at the Forum, Los Angeles, CA - December 1979","Cheap Trick",162,11B,98,2026-04-18,02:52,6,"power pop, aor, classic rock, glam rock","Are You Ready? Live 12/31/1979",2019-11-29,22,0,42,31,0,90,-6,A Major,4,5X5vP4cVyhNygpFSticwfh,USSM11905392
534,"Downed - Live at the Forum, Los Angeles, CA - December 1979","Cheap Trick",135,9B,99,2026-04-18,04:24,5,"power pop, aor, classic rock, glam rock","Are You Ready? Live 12/31/1979",2019-11-29,16,0,64,8,10,90,-6,G Major,4,77VhHKpEEvRUsN8H7zIui1,USSM11905393
535,"On Top of the World - Live at the Forum, Los Angeles, CA - December 1979","Cheap Trick",167,8B,95,2026-04-18,06:45,5,"power pop, aor, classic rock, glam rock","Are You Ready? Live 12/31/1979",2019-11-29,33,0,4,32,10,40,-7,C Major,4,5JN0VCh4Z4Iiz6NjNeJ231,USSM11905394
536,"Gonna Raise Hell - Live at the Forum, Los Angeles, CA - December 1979","Cheap Trick",130,8B,92,2026-04-18,09:14,6,"power pop, aor, classic rock, glam rock","Are You Ready? Live 12/31/1979",2019-11-29,38,0,57,64,0,80,-8,C Major,4,6DO3ZE2I50mTiizu2ZPank,USSM11905395
537,"Heaven Tonight - Live at the Forum, Los Angeles, CA - December 1979","Cheap Trick",142,8B,88,2026-04-18,07:08,4,"power pop, aor, classic rock, glam rock","Are You Ready? Live 12/31/1979",2019-11-29,20,0,27,22,0,70,-7,C Major,4,4HtTcZAjpp9umkUEkQjAzd,USSM11905396
538,"Stiff Competition - Live at the Forum, Los Angeles, CA - December 1979","Cheap Trick",165,10B,98,2026-04-18,04:12,4,"power pop, aor, classic rock, glam rock","Are You Ready? Live 12/31/1979",2019-11-29,16,0,17,6,10,90,-7,D Major,4,5xwj8V0I2k4g0Q2uF8xLQd,USSM11905397
539,"Voices - Live at the Forum, Los Angeles, CA - December 1979","Cheap Trick",208,9B,95,2026-04-18,04:45,6,"power pop, aor, classic rock, glam rock","Are You Ready? Live 12/31/1979",2019-11-29,17,0,0,53,0,80,-7,G Major,4,64HfQA5MNg7fYDkF0orCcG,USSM11905398
540,"Way of the World - Live at the Forum, Los Angeles, CA - December 1979","Cheap Trick",171,3B,98,2026-04-18,04:22,4,"power pop, aor, classic rock, glam rock","Are You Ready? Live 12/31/1979",2019-11-29,21,0,2,18,10,60,-6,C♯/D♭ Major,4,0BPPqtvVbuEkueXz40NJ5Z,USSM11905406
541,"Need Your Love - Live at the Forum, Los Angeles, CA - December 1979","Cheap Trick",164,8A,94,2026-04-18,09:56,4,"power pop, aor, classic rock, glam rock","Are You Ready? Live 12/31/1979",2019-11-29,18,0,34,28,0,60,-8,A Minor,4,6CBpg0phjBM75xMppxzXJf,USSM11905399
542,"I Know What I Want - Live at the Forum, Los Angeles, CA - December 1979","Cheap Trick",135,12B,98,2026-04-18,04:52,4,"power pop, aor, classic rock, glam rock","Are You Ready? Live 12/31/1979",2019-11-29,42,0,51,37,0,60,-8,E Major,4,0MvvzTSdGPBRAu2SUjfHAg,USSM11905400
543,"I Want You to Want Me - Live at the Forum, Los Angeles, CA - December 1979","Cheap Trick",109,10B,95,2026-04-18,03:22,11,"power pop, aor, classic rock, glam rock","Are You Ready? Live 12/31/1979",2019-11-29,39,0,14,38,0,40,-7,D Major,4,6TpoEPey54FLJZ2BYAcRh2,USSM11905401
544,"Surrender - Live at the Forum, Los Angeles, CA - December 1979","Cheap Trick",147,8B,98,2026-04-18,04:11,11,"power pop, aor, classic rock, glam rock","Are You Ready? Live 12/31/1979",2019-11-29,30,0,2,35,0,50,-6,C Major,4,3PN0BDAYeMHOMPzy9xzm4g,USSM11905402
545,"Auld Lang Syne - Live at the Forum, Los Angeles, CA - December 1979","Cheap Trick",133,8B,84,2026-04-18,01:19,3,"power pop, aor, classic rock, glam rock","Are You Ready? Live 12/31/1979",2019-11-29,29,0,2,34,0,70,-8,C Major,4,1UxKLLWBhxwXLLqRYPZ3fS,USSM11905403
546,"The House Is Rockin' (With Domestic Problems) - Live at the Forum, Los Angeles, CA - December 1979","Cheap Trick",172,10B,98,2026-04-18,06:12,5,"power pop, aor, classic rock, glam rock","Are You Ready? Live 12/31/1979",2019-11-29,13,0,72,23,0,70,-8,D Major,4,1bjSYzowXsc9VnyTzke7yD,USSM10506204
547,"Dream Police - Live at the Forum, Los Angeles, CA - December 1979","Cheap Trick",146,12B,97,2026-04-18,04:40,9,"power pop, aor, classic rock, glam rock","Are You Ready? Live 12/31/1979",2019-11-29,24,0,37,15,10,90,-7,E Major,4,2LJ3wXMqnFgt4WfrlAal8G,USSM11905405