#,Song,Artist,BPM,Camelot,Energy,Added At,Duration,Popularity,Genres,Album,Album Date,Dance,Acoustic,Instrumental,Valence,Speech,Live,Loud (Db),Key,Time Signature,Spotify Track Id,ISRC
1,"Snap Out Of It","Arctic Monkeys",130,4A,64,2026-02-25,03:13,81,"indie, garage rock","AM",2013-09-09,73,25,0,87,0,10,-6,F Minor,4,0NdTUS4UiNYCNn5FgVqKQY,GBCEL1300371
2,"So Cold","Balu Brigada",111,3A,77,2026-02-25,03:21,77,"","Portal",2025-08-29,66,0,0,79,0,0,-6,A#/B♭ Minor,4,2SGyf0hCuB81F85cHXuRjl,AUWA02400338
3,"Opening Night","Arctic Monkeys,War Child Records",123,8B,46,2026-02-25,04:19,71,"indie, garage rock, ","Opening Night",2026-01-22,77,38,0,60,0,0,-10,C Major,4,7HXzuAd8UNJj2yCAS0NWbB,GBAZP2500234
4,"SCARING ME","cleopatrick",135,12A,66,2026-02-25,03:51,38,"","DOOM",2022-10-21,59,11,1,14,0,10,-8,C♯/D♭ Minor,4,35Bv4QuokBrmWya208VcK2,CAJXF2200009
5,"BURNER PHONE","cleopatrick",136,9A,91,2026-02-25,03:21,42,"","SCRAP",2025-12-05,44,0,18,46,0,30,-5,E Minor,4,1nUC2uuKUl49tDwQ1m4A1J,CAJXF2500023
6,"Family","Badflower",150,2A,67,2026-03-01,04:07,36,"post-grunge","Family",2021-07-07,61,0,6,41,0,0,-5,D#/E♭ Minor,4,0QVqdSLCPskZiJpcYQTgvi,QZRD92100076
7,"taKe","dye",130,4B,47,2026-03-01,03:08,49,"shoegaze","taKe",2024-08-21,38,5,87,12,0,10,-8,G#/A♭ Major,3,6Ngl2iZnrKkpwwWP0Nvyci,QZAKB2416198
8,"The Emptiness Machine","Linkin Park",184,9B,87,2026-02-26,03:10,78,"nu metal, rap metal, rock, alternative metal","The Emptiness Machine",2024-09-05,47,2,0,81,0,10,-3,G Major,4,2PnlsTsOTLE5jnBnNe2K0A,USWB12403464
9,"Ghost in the Machine (feat. Phoebe Bridgers)","SZA,Phoebe Bridgers",125,2B,43,2026-02-26,03:38,69,"r&b, ","SOS",2022-12-09,62,84,3,59,0,10,-10,F#/G♭ Major,4,4h5x3XHLVYFJaItKuO2rhy,USRC12204595
10,"LEECH","Transviolet",130,10A,89,2026-02-25,02:13,28,"","LEECH",2026-02-18,59,4,1,77,0,50,-6,B Minor,4,4DOoiKOl3qH0l0Dlail9rH,QT4AH2610001
11,"COOK","SOFI TUKKER,J Balvin",108,10A,66,2026-02-25,02:50,67,"reggaeton, latin","COOK",2026-02-06,77,1,8,28,0,10,-5,B Minor,4,4H2rI43vuXJuUrRIMxknzA,USUG12601027
12,"Zombie","The Neighbourhood",138,7B,88,2026-02-25,03:13,59,"","(((((ultraSOUND)))))",2025-11-14,62,0,2,58,0,10,-5,F Major,4,1LYdu02RKlGxYEYyGbQNhe,USWB12503654
13,"The Suburbs","Arcade Fire",118,11A,69,2026-02-26,05:15,67,"indie rock, baroque pop","The Suburbs (Deluxe)",2010-07-01,62,6,2,54,0,10,-6,F#/G♭ Minor,4,5iItYl3Q6wCnKVfpK1uNVf,GBUM71018417
14,"Baptise Me","Black Math",100,6A,82,2026-02-28,02:57,35,"","New Game",2019-06-21,64,27,0,61,0,0,-5,G Minor,4,4UXSvvG054TlLSA2Z6QdUy,QZ25C1700489
15,"Lion","Black Math",90,5A,73,2026-02-28,03:10,30,"","New Game",2019-06-21,70,6,0,63,10,10,-6,C Minor,4,6oFEKAuRTD67elLK0UhiGJ,QZ25C1700491
16,"Journal of Ardency","Class Actress",97,11A,68,2026-02-26,03:45,64,"","Journal of Ardency",2010-10-05,69,1,9,78,0,10,-7,F#/G♭ Minor,4,6GEIpzW14NtOjqHejbcSRE,US7S60900008
17,"Future Starts Slow","The Kills",128,2B,74,2026-02-26,04:08,58,"garage rock","Blood Pressures",2011-04-04,68,1,0,47,0,0,-6,F#/G♭ Major,4,0A0RBBTrgfq9eClnw6ZXT7,GBCEL1100005
18,"Something to Believe In","Young the Giant",92,3B,89,2026-02-26,03:48,62,"","Home of the Strange",2016-08-12,62,2,0,71,0,20,-3,C♯/D♭ Major,4,6L3VWDPDTQkQFkqvmpAUMU,USAT21601131
19,"Your Love (Déjà Vu)","Glass Animals",108,9B,66,2026-02-26,03:54,67,"","Dreamland",2020-08-07,85,2,36,61,0,10,-7,G Major,4,0bx6v84HtmEYFRBAOvDTgk,GBUM72000802
20,"Poplar St","Glass Animals",69,9A,45,2026-02-26,04:22,62,"","How To Be A Human Being",2016-08-26,57,25,1,26,0,10,-8,E Minor,4,3ApAsbQP7d5GlFwwdExaTY,GB2DY1600024
21,"Man On A Mission","The Black Keys",89,9A,91,2026-03-01,03:31,46,"blues rock, garage rock, modern blues, rock","Man On A Mission",2025-06-20,40,2,2,26,0,10,-4,E Minor,4,6fJld32axCH9Aw7XlVLoGG,USWB12501245
22,"Tighten Up","The Black Keys",109,11A,71,2026-02-26,03:31,64,"blues rock, garage rock, modern blues, rock","Brothers",2010-05-18,50,0,0,57,0,40,-6,F#/G♭ Minor,4,2MVwrvjmcdt4MsYYLCYMt8,USNO11000078
23,"Lonely Boy - 2021 Remaster","The Black Keys",166,10B,93,2026-03-01,03:13,71,"blues rock, garage rock, modern blues, rock","El Camino (2021 Remaster)",2011-00-00,36,0,0,62,0,10,-6,D Major,4,6OQWPkRPWVMzTQsHOjIZVD,USNO12100176
24,"You Got to Lose","The Black Keys",188,11B,93,2026-03-01,03:17,62,"blues rock, garage rock, modern blues, rock","You Got to Lose",2026-02-05,26,1,0,53,0,30,-5,A Major,4,5YrYpEPqwBymz2VgbIYGik,USWB12504972
25,"Queen Of Spades","Styx",135,12A,45,2026-02-26,05:41,37,"classic rock, aor, progressive rock","Pieces Of Eight",1978-01-01,26,4,1,12,0,10,-13,C♯/D♭ Minor,4,54g63GAn77x9NcjiLzy7cW,USAM17802305
26,"Magic Bus - Mono Edit","The Who",92,9B,95,2026-02-26,03:22,46,"classic rock, rock","The Kids Are Alright",1979-06-08,63,0,0,72,0,20,-6,G Major,4,5PKnZzkjs2y3WTbIYtv5Fq,GBAKW6800096
27,"Cherry Bomb","Joan Jett & the Blackhearts",129,1B,93,2026-02-26,02:35,39,"rock","Glorious Results of a Misspent Youth (Expanded Edition)",1984-10-01,53,23,0,40,0,0,-6,B Major,4,5Eald1GAoLr6NNtOkgOaMO,USBH18400153
28,"Dirty Deeds Done Dirt Cheap","AC/DC",136,10A,91,2026-02-26,03:52,76,"rock, hard rock, classic rock, rock and roll","Dirty Deeds Done Dirt Cheap",1976-09-20,67,21,0,51,10,10,-5,B Minor,4,2d4e45fmUnguxh6yqC7gNT,AUAP07600046
29,"Girls on Film","Duran Duran",132,10A,86,2026-02-26,03:27,59,"new wave, synthpop","Decade",1989-11-20,71,1,5,66,0,0,-6,B Minor,4,7feSbMqJGg9yL0s6ypxy9S,GBAYE8100039
30,"Hungry Like the Wolf - 2009 Remaster","Duran Duran",128,8B,81,2026-03-01,03:40,77,"new wave, synthpop","Rio (Collector's Edition)",1982-05-10,69,4,0,69,0,30,-8,C Major,4,39lSeqnyjZJejRuaREfyLL,GBAYE0901090
31,"Who Are You","The Who",156,11B,65,2026-03-01,06:21,62,"classic rock, rock","Who Are You",1978-08-18,65,26,0,49,0,0,-11,A Major,4,23IJ5wLRhEZ9DOuia5mPiZ,GBAKW7801011
32,"Love Reign O'er Me","The Who",116,3B,72,2026-03-01,05:49,55,"classic rock, rock","Quadrophenia (Super Deluxe Edition)",1973-10-19,30,20,5,22,0,0,-10,C♯/D♭ Major,4,4Mqs0h95KAeNiGp7u4udlt,GBAKW9601044
33,"Time","Pink Floyd",120,11B,48,2026-02-26,07:02,79,"progressive rock, psychedelic rock, classic rock, art rock, rock","The Dark Side of the Moon",1973-03-01,36,52,0,36,0,10,-12,A Major,4,3TO7bbrUKrOSPGRTB5MeCz,GBN9Y1100079
34,"On Call","Kings of Leon",193,9B,79,2026-02-26,03:21,60,"","Because Of The Times",2007-04-02,31,3,0,14,10,40,-5,G Major,4,28POcTYQKfkjz6qTIvtjG1,USRC10700014
35,"She Drives Me Crazy","Fine Young Cannibals",109,10B,69,2026-03-01,03:35,79,"","The Raw & The Cooked",1988-01-01,80,19,0,97,0,0,-6,D Major,4,4d6eqRtpDX7tydHJGDZUBQ,USRH10901907
36,"I Would Die 4 U","Prince",135,10B,64,2026-03-01,02:49,66,"funk rock, funk","Purple Rain",1984-06-25,71,4,0,63,0,10,-14,D Major,4,3QszJeuSyyZQmD9pY1tqpo,USWB12402102
37,"Smalltown Boy","Bronski Beat",135,4A,58,2026-03-01,05:02,83,"synthpop, hi-nrg","The Age of Consent",1984-10-15,69,29,1,94,0,10,-11,F Minor,4,5vmRQ3zELMLUQPo2FLQ76x,GBAAP0200005
38,"Sweet Dreams (Are Made of This) - 2005 Remaster","Eurythmics,Annie Lennox,Dave Stewart",125,5A,71,2026-03-01,03:36,86,"new wave, synthpop, ","Sweet Dreams (Are Made Of This)",1983-01-04,69,23,0,88,0,10,-7,C Minor,4,1TfqLAPs4K3s2rJMoCokcS,GBARL0300589
39,"Burning","Yeah Yeah Yeahs",116,6A,80,2026-02-26,04:05,54,"indie rock","Cool It Down",2022-09-30,53,4,0,19,0,0,-5,G Minor,4,4JFet0crxTPHFV2n1ZqZKV,US38W2247005
40,"Build And Destroy","Styx",127,8A,94,2026-03-01,03:52,29,"classic rock, aor, progressive rock","Circling From Above",2025-07-18,57,1,0,44,0,20,-5,A Minor,4,2GE4yOplmkZaV8w9vByoND,USUG12502074
41,"Hayloft","Mother Mother",96,8A,92,2026-02-26,03:01,73,"","O My Heart",2008-09-23,53,0,0,45,0,40,-3,A Minor,4,2kKkl59fY6Cic1CmhvSEZK,CAL450882108
42,"Gold in My Hair","Black Math",188,7B,86,2026-02-26,02:51,36,"","New Game",2019-06-21,61,2,0,89,10,10,-5,F Major,3,11xzzqo9lMGxd7z1UfMHcv,QZ25C1700487
43,"Mess Around","Cage The Elephant",150,10A,93,2026-02-26,02:53,57,"","Tell Me I'm Pretty",2015-12-18,42,1,0,61,0,60,-5,B Minor,4,0X0Lz7LwpiIWcdGqVWaxXD,USRC11502822
44,"Fun","Sir Sly",144,11B,68,2026-02-26,03:52,52,"","Don't You Worry, Honey",2017-06-30,63,0,21,86,0,0,-8,A Major,4,7plcUmQeFLphpul81MjBxk,USUM71705735
45,"Space Ghost Coast To Coast","Glass Animals",101,4B,53,2026-03-01,03:07,63,"","Dreamland",2020-08-07,90,11,0,35,0,10,-10,G#/A♭ Major,4,0RZLmpEzGR2NHite6rvS5H,GBUM72000432
46,"Wonderful Nothing","Glass Animals",89,11A,49,2026-02-26,04:24,61,"","I Love You So F***ing Much",2024-07-19,65,25,0,48,0,20,-9,F#/G♭ Minor,4,6Lto2Xj8y0U2bes2hmRMZu,GBUM72400791
47,"Vampire Bat","Glass Animals",90,4A,76,2026-03-01,03:26,59,"","Vampire Bat",2025-08-08,73,22,0,72,0,20,-5,F Minor,4,4rLyT7uQtWQRtGShwTaUju,GBUM72504633
48,"Dissolve","Absofacto,NITESHIFT",85,11A,58,2026-02-26,03:44,59,"","Cocoon",2024-07-19,69,23,0,87,0,0,-11,F#/G♭ Minor,4,4gC3PmUCFHX1DxuKBpSAfc,USAT21704522
49,"COMË N GO","Yeat",145,8A,59,2026-02-26,03:18,83,"rage rap","DANGEROUS SUMMER",2025-08-01,90,6,0,30,0,10,-6,A Minor,4,2mNGL7mZILSqZHxGboJaO9,USUM72508238
50,"My Band","D12",120,12A,85,2026-02-26,04:58,73,"","D-12 World",2004-01-01,85,50,0,84,0,10,-3,C♯/D♭ Minor,4,4XHQyvbrBsQaaBUW1VvmsL,USIR10400103
51,"Rabbit Run","Eminem",95,11A,84,2026-02-27,03:10,60,"rap, hip hop","8 Mile (Music From And Inspired By The Motion Picture)",2002-10-29,56,0,0,34,30,10,-4,F#/G♭ Minor,4,30KKYkJ0lonfKI2eaLACnZ,USIR10211627
52,"Locked Up (ft. Akon)","Steve Aoki,Trinix,Akon",120,7A,70,2026-02-26,02:27,42,"electro house, edm, ","Locked Up (ft. Akon)",2023-08-18,88,17,0,54,10,30,-7,D Minor,4,7kITGCwFNyrwG98FQTjM53,USA2P2337662
53,"Soul Survivor","Jeezy,Akon",84,6B,48,2026-02-26,04:40,71,"southern hip hop, crunk, gangster rap, rap, ","Let's Get It: Thug Motivation 101",2005-00-00,66,0,0,11,0,10,-8,A#/B♭ Major,4,0Ss50OU9tCozI7JIywkv14,USUM70501374
54,"Nevada","YoungBoy Never Broke Again",148,5A,59,2026-02-26,02:35,80,"","Sincerely, Kentrell",2021-09-24,78,40,0,24,20,10,-9,C Minor,4,2cEnKRR4dYBB2VA1mjlb1z,USAT22103399
55,"Kacey Talk","YoungBoy Never Broke Again",127,3A,61,2026-02-26,02:31,67,"","Top",2020-09-11,88,54,0,77,10,10,-8,A#/B♭ Minor,4,1SF8piqsZWn86DajVKih8F,USAT22005042
56,"Takin' Back My Love","Enrique Iglesias,Ciara",125,11A,75,2026-02-26,03:50,58,"latin pop, latin, ","Greatest Hits",2008-01-01,74,1,0,43,0,10,-5,F#/G♭ Minor,4,0aPhnPWgYWk9XGezDHCLF3,USUM70840861
57,"Prey","The Neighbourhood",115,8A,78,2026-02-26,04:42,68,"","Wiped Out!",2015-10-30,52,3,0,20,0,0,-5,A Minor,4,38kjFXYgPvtuXCPbHPMGte,USSM11506743
58,"Cry Baby","The Neighbourhood",108,9A,66,2026-02-26,03:55,79,"","Wiped Out!",2015-10-30,58,0,0,34,0,10,-5,E Minor,4,0EfsDEYaSjGYd66Pr881nq,USSM11506744
59,"Oxytocin","Billie Eilish",125,1B,60,2026-02-26,03:30,71,"","Happier Than Ever",2021-07-30,76,9,55,18,0,10,-8,B Major,4,4t2OeILB07eMGTXSUbMPEu,USUM72104675
60,"CHIHIRO","Billie Eilish",110,9B,43,2026-02-26,05:03,87,"","HIT ME HARD AND SOFT",2024-05-17,70,14,88,52,0,0,-13,G Major,4,7BRD7x5pt8Lqa1eGYC4dzj,USUM72401988
61,"Red Right Hand - 2011 Remaster","Nick Cave & The Bad Seeds",116,9A,40,2026-02-26,06:10,67,"","Let Love In (2011 Remaster)",1994-04-18,74,14,47,45,0,10,-12,E Minor,4,0jVo3e34A15l6MNu1O3cfa,GBAJH1000621
62,"Flower","Moby",81,9B,61,2026-02-26,03:26,52,"downtempo, trip hop","Play & Play: B Sides",2008-06-02,69,19,0,77,0,0,-6,G Major,4,1dzrG2Vo2LNH4vAQBHxqrT,GBAJH0000377
63,"Call Me Mother","RuPaul",124,11A,83,2026-02-27,03:21,57,"ballroom vogue","American",2017-03-24,86,2,0,36,0,0,-7,F#/G♭ Minor,4,0SENYBHXBj0TI1ZygWwxee,QM4TX1739346
64,"I Like Boys","Todrick Hall",124,11A,83,2026-02-27,02:55,52,"ballroom vogue","Haus Party, Pt. 1",2019-05-23,84,5,0,69,0,0,-5,F#/G♭ Minor,4,5IiDGLTBVTw5yV0LYysVvg,USB251977760
65,"Don't be a *ick","Jacklyn",118,11A,70,2026-03-01,02:40,22,"uk r&b","Don't be a *ick",2025-08-20,87,39,0,59,0,0,-4,F#/G♭ Minor,4,60uYiJfqRg8vumhgOYlA59,QZWDW2585162
66,"You're boring, I'm bored","Jacklyn",99,2B,74,2026-03-01,01:51,1,"uk r&b","You're boring, I'm bored",2024-10-30,72,26,0,82,10,0,-3,F#/G♭ Major,4,1Qi6dOMICHzP34qp6D81O3,GX53U2387494
67,"Freak Like Me","Santigold",179,1B,67,2026-03-01,02:17,32,"","Master of My Make-Believe",2012-04-16,75,9,0,81,10,10,-6,B Major,4,41s9WeXtFIkYAebdoJXM7F,GBAHS1200079
68,"Alphabet Boy","Melanie Martinez",155,8B,85,2026-03-01,04:13,66,"","Cry Baby (Deluxe Edition)",2015-08-14,65,29,0,52,0,0,-6,C Major,4,3NDPcoeno6oasqi6Hs75Ax,USAT21501937
69,"Do I Wanna Know?","Arctic Monkeys",85,7B,53,2026-03-01,04:32,89,"indie, garage rock","AM",2013-09-09,55,19,0,41,0,20,-8,F Major,4,5FVd6KXrgO9B3JPmC8OPst,GBCEL1300362
70,"Black Sun","Death Cab for Cutie",88,10B,64,2026-03-01,04:49,54,"","Kintsugi",2015-03-27,61,17,7,61,0,10,-8,D Major,4,59FC22eN2Syt9bbv2d6393,USAT21500029
71,"No Room in Frame","Death Cab for Cutie",125,12B,72,2026-03-01,04:05,47,"","Kintsugi",2015-03-27,64,20,47,44,0,0,-10,E Major,4,7DkTneByAopqOjXFG6XlZK,USAT21500032
72,"The Ghosts of Beverly Drive","Death Cab for Cutie",155,10B,86,2026-03-01,04:03,56,"","Kintsugi",2015-03-27,56,0,0,75,0,10,-7,D Major,4,6wNCdMW82LwJgFrnGqLhpJ,USAT21500033
73,"Babydoll","Dominic Fike",168,6A,60,2026-03-01,01:37,64,"","Babydoll / White Keys",2026-02-27,76,11,0,85,10,0,-5,G Minor,4,447Vib1hJsXGnbhTbYYT8t,USQX91802457
74,"White Keys","Dominic Fike",82,10A,55,2026-03-01,02:24,70,"","Babydoll / White Keys",2026-02-27,71,78,0,84,10,10,-9,B Minor,4,0bSv2vtkHtIUFD3DF06X8D,USQX92506204
75,"Lost Your Ghost","Two Feet",125,5A,79,2026-03-01,03:58,30,"","Songs For February",2026-02-06,53,35,35,34,0,60,-4,C Minor,4,0U9JVPSHbpO34SluD75ZLa,US6R22560205
76,"Take It","Peaches",95,7A,74,2026-03-01,03:41,35,"electroclash, riot grrrl, queercore","No Lube So Rude",2026-02-20,70,6,0,8,0,0,-7,D Minor,4,6H19VEBSHMJbFKQT5B0pk7,USKRS2686008
77,"Be Love","Peaches",120,9A,67,2026-03-01,03:28,33,"electroclash, riot grrrl, queercore","No Lube So Rude",2026-02-20,53,2,52,35,10,30,-7,E Minor,5,5wi2sFjF7JC9JaqGaNJ6gx,USKRS2686011
78,"Mommy Complex","Peaches",128,11A,73,2026-03-01,02:54,18,"electroclash, riot grrrl, queercore","I Feel Cream",2009-05-04,65,24,0,49,40,10,-9,F#/G♭ Minor,4,6TCprtpBqFKlsbdgV3nbsK,GBBKS0900040
79,"Feedback","Janet Jackson",115,12A,65,2026-03-01,03:38,56,"new jack swing","Discipline",2008-01-01,85,0,0,50,0,0,-7,C♯/D♭ Minor,4,2K1MhduqSRF4Q2agqEtnEh,USUM70804525
80,"All Nite (Don't Stop)","Janet Jackson",109,10A,89,2026-03-01,03:26,52,"new jack swing","Damita Jo",2004-01-01,81,5,63,48,0,10,-6,B Minor,4,6OLiY3DTLdoh7kxYFqZYX1,USVI20400116
81,"So Excited","Janet Jackson,Khia",107,11A,79,2026-03-01,03:14,46,"new jack swing, ","20 Y.O.",2006-01-01,82,21,0,88,30,0,-4,F#/G♭ Minor,4,0wbNcKAkExGmWiicedOyiR,USVI20600545
82,"Two of Hearts","Stacey Q",131,4A,51,2026-03-01,03:59,68,"hi-nrg, italo disco, freestyle","Better Than Heaven",1986-00-00,82,12,0,65,0,10,-7,F Minor,4,2dURQIBrw3XcHyVZlfdpC1,USAT29902109
83,"Hung Up","Madonna",125,8A,65,2026-03-01,05:37,83,"","Confessions on a Dance Floor",2005-11-11,65,0,16,41,0,0,-8,A Minor,4,3850dYVgOFIXJh5U4BFEWH,USWB10504319
84,"Sorry","Madonna",133,5A,88,2026-03-01,04:41,72,"","Confessions on a Dance Floor",2005-11-11,59,0,1,44,0,10,-6,C Minor,4,55whbebR4olz2HHcRQa2kx,USWB10504974
85,"Girl Gone Wild","Madonna",132,1A,60,2026-03-01,03:43,57,"","MDNA (Deluxe)",2012-00-00,70,3,0,59,0,30,-6,G#/A♭ Minor,4,5J57nYx6PSmIQGytVKUChI,USUG11200444
86,"Gang Bang","Madonna",127,1B,71,2026-03-01,05:26,41,"","MDNA (Deluxe)",2012-00-00,82,0,41,27,0,0,-9,B Major,4,1jsXgr8CRQCK9ZKgl6hZpV,USUG11200443
87,"Me Against the Music (feat. Madonna) - LP Version / Video Mix","Britney Spears,Madonna",120,11A,84,2026-03-01,03:43,63,"pop, ","In The Zone",2003-11-13,80,32,0,85,0,20,-7,F#/G♭ Minor,4,7mS8RbJji2UZAaguRGsOCH,USJI10300966
88,"Crazy Cool","Paula Abdul",88,12A,83,2026-03-01,04:42,28,"","Head Over Heels",1995-00-00,64,4,0,57,10,10,-6,C♯/D♭ Minor,4,6RH2MM9oW0wgdUnD6yIv0v,USVI29501177
89,"Cold Hearted","Paula Abdul",122,6A,68,2026-03-01,03:51,56,"","Forever Your Girl",1988-01-01,88,15,1,72,0,0,-9,G Minor,4,6jrp8qBMJO6vhAeYVAsdk9,USVI28800017
90,"Straight Up","Paula Abdul",96,9B,83,2026-03-01,04:11,66,"","Forever Your Girl",1988-01-01,77,27,2,76,0,0,-8,G Major,4,5xl5582IihbEZAnfj0xyso,USVI28800001
91,"Too Much Time On My Hands","Styx",131,10A,40,2026-03-01,04:31,62,"classic rock, aor, progressive rock","Paradise Theatre",1981-01-01,80,11,0,89,0,30,-14,B Minor,4,4hWUOIDHda9XOb1zDchftP,USAM18000370
92,"Renegade","Styx",106,6A,55,2026-03-01,04:17,73,"classic rock, aor, progressive rock","Pieces Of Eight",1978-01-01,49,2,0,66,0,0,-12,G Minor,4,1CQqupcyMg7176PPmIVmSj,USAM17800365
93,"Mr. Roboto","Styx",144,3B,48,2026-03-01,05:28,63,"classic rock, aor, progressive rock","Kilroy Was Here",1983-01-01,66,19,0,31,0,0,-12,C♯/D♭ Major,4,7C0rG4oWO7VeZcffyW1sK9,USAM18300364
94,"Strict Machine","Goldfrapp",126,2B,59,2026-03-01,03:51,55,"trip hop, electroclash, art pop","Black Cherry",2003-04-28,63,2,16,45,0,10,-8,F#/G♭ Major,4,1SyOjtLqqqk2AVLZnRI3bk,GBAJH0300036
95,"Ooh La La","Goldfrapp",145,9A,68,2026-03-01,03:24,62,"trip hop, electroclash, art pop","Supernature",2005-08-17,48,1,64,20,0,10,-8,E Minor,4,3E0gVkirGK2ouGHPuOO9cN,GBAJH0500954
96,"Come Around","M.I.A.,Timbaland",120,4B,85,2026-03-01,03:54,59,"","Kala",2007-08-20,85,31,0,85,0,70,-7,G#/A♭ Major,4,7iO8C8WokR1folp9mPdN2t,USUM70722797
97,"Dance With Me","112",102,11B,51,2026-03-01,03:51,68,"r&b","Part III",2001-00-00,91,3,0,61,20,0,-6,A Major,4,6uRH1qMz30ZBwwUG0IYE5s,USBB40581356
98,"It's Over Now","112",98,3B,71,2026-03-01,04:24,59,"r&b","Part III",2001-00-00,66,1,0,23,0,0,-5,C♯/D♭ Major,4,769geiA8btidGHda4BBDOJ,USBB40581357
99,"Bad Girl","USHER",88,11A,83,2026-03-01,04:21,66,"r&b","Confessions (Expanded Edition)",2004-03-23,78,25,0,84,20,20,-7,F#/G♭ Minor,4,5rPzPAaOUceS8HiAculegz,USAR10400214
100,"Superstar","USHER",142,11A,59,2026-03-01,03:11,64,"r&b","Confessions (Expanded Edition)",2004-03-23,67,13,0,71,0,30,-5,F#/G♭ Minor,3,18JosZY3HzD3lMy6iOOSAY,USAR10400976
101,"You Make Me Wanna...","USHER",164,4A,64,2026-03-01,03:39,71,"r&b","My Way",1997-09-16,76,4,0,92,0,0,-8,F Minor,4,47TqCCnEliDp8NRDyIQoQq,USLF29900480
102,"Sensational (feat. Davido & Lojay)","Chris Brown,Davido,Lojay",100,2B,61,2026-03-01,03:51,68,"r&b, afrobeats, afrobeat, afropop, afropiano, azonto, amapiano, hiplife, afroswing, afro r&b, alté","11:11",2023-11-10,77,10,0,80,10,10,-7,F#/G♭ Major,4,44G2gUVQvNNZ6w3i05tR4n,USRC12302777
103,"NUEVAYoL","Bad Bunny",138,2B,20,2026-03-01,03:03,95,"reggaeton, trap latino, latin, urbano latino","DeBÍ TiRAR MáS FOToS",2025-01-05,14,27,100,12,10,20,-20,F#/G♭ Major,4,5TFD2bmFKGhoCRbX61nXY5,QMFMF2447055
104,"Tití Me Preguntó","Bad Bunny",107,4A,72,2026-03-01,04:03,93,"reggaeton, trap latino, latin, urbano latino","Un Verano Sin Ti",2022-05-06,65,10,0,19,20,10,-5,F Minor,4,1IHWl5LamUGEuP4ozKQSXZ,QM6MZ2214878
105,"Meneaito (Original)","Gaby",95,7B,86,2026-03-01,03:43,58,"merengue","Meneaito Mania  The Original Reggaeton Classic ",2006-01-01,82,8,0,96,10,20,-10,F Major,4,5EovvTdzWLCqcoNZARVXJI,uscgj0660460
106,"Ching-a-Ling (From  Step up 2: The Streets)","Silver Screen Superstars",102,12A,46,2026-03-01,03:45,21,"","Music from Dance Films",2013-11-03,80,5,0,7,0,10,-14,C♯/D♭ Minor,4,38GNzMraWWHDqmxgWEuHWe,GBQRF1035814
107,"..FEISTY","Fred again..,BIA",204,3B,71,2026-03-01,02:51,56,"stutter house, house, edm, ","..FEISTY",2025-11-28,70,2,0,56,30,30,-5,C♯/D♭ Major,4,5RMlUiY2og97DronMz3GlG,GBAHS2501368
108,"WHERE IS MY HUSBAND!","RAYE",116,4B,78,2026-03-01,03:17,92,"","WHERE IS MY HUSBAND!",2025-09-19,39,6,0,63,0,10,-7,G#/A♭ Major,4,55lijDD6OAjLFFUHU9tcDm,QMFME2535037
109,"Move It Like This","K7",106,9B,64,2026-03-01,05:06,43,"freestyle","Swing Batta Swing",1993-11-09,78,3,0,80,0,0,-10,G Major,4,6nwqlo3MoeUjpzx8wveoaY,USTB10301269
110,"I Love to Turn You On (Zunga Zeng)","K7",104,3B,66,2026-03-01,04:33,35,"freestyle","Swing Batta Swing",1993-11-09,85,5,0,62,10,0,-10,C♯/D♭ Major,4,64b3qITpWZ0U6aoH6v7l2J,USTB10300422
111,"All I Want to Do Is a Zooma Zoom Zoom","J Q and Crew",103,3A,64,2026-03-01,03:57,25,"","All I Want to Do Is a Zooma Zoom Zoom",2012-12-09,93,7,0,55,20,0,-4,A#/B♭ Minor,4,6A17TbYZ5HJP8rGZbyYDv0,TCABK1297606
112,"Lolli Lolli (Pop That Body) (feat. Project Pat, Young D & Superpower) - Explicit Album Version","Three 6 Mafia,Project Pat,Young-D,Superpower",120,10B,95,2026-03-01,04:11,54,"southern hip hop, horrorcore, crunk, gangster rap, ","Last 2 Walk",2008-06-21,89,2,0,87,0,10,-6,D Major,4,4xWMTkwknjh8FzxNrkwLl6,USSM10800904
113,"Backseat (feat. The Cataracs & Dev)","New Boyz,The Cataracs,DEV",125,9B,92,2026-03-01,03:44,47,"","Too Cool to Care",2011-05-13,60,7,0,78,10,50,-3,G Major,4,4dWjQ3wEfW6KPaaxCoaPH4,USWB11100018
114,"Down On Me","Jeremih,50 Cent",160,10B,60,2026-03-01,03:48,74,"old school hip hop, east coast hip hop","All About You (Deluxe Edition)",2010-01-01,70,4,0,59,10,10,-8,D Major,4,5ZxCk43qwHrzVUahCyRLEm,USUM71023043
115,"Baby By Me","50 Cent,Ne-Yo",190,5A,83,2026-03-01,03:33,79,"old school hip hop, east coast hip hop, ","Before I Self-Destruct",2009-01-01,61,0,1,36,0,0,-5,C Minor,4,1x075F39Q0zOhjPzPKgG8E,USUM70986703
116,"Sex for Homework","Mindless Self Indulgence",144,2B,90,2026-03-02,03:14,59,"","MSI B-SIDES vol.1",2024-06-15,68,6,0,88,0,0,-7,F#/G♭ Major,4,2ayu5rqFNgoMGXZNV0wWzr,QZNWX2434219
117,"Shut Me Up","Mindless Self Indulgence",174,3B,80,2026-03-02,02:48,73,"","You'll Rebel to Anything (Expanded and Remastered 2008)",2005-00-00,59,0,0,79,10,0,-4,C♯/D♭ Major,4,3oZUlZMXkj51AyYG8lGaE7,US68L0500001
118,"Boys Wanna Be Her","Peaches",139,10B,51,2026-03-02,03:55,49,"electroclash, riot grrrl, queercore","Impeach My Bush",2006-07-11,78,16,0,72,10,0,-4,D Major,4,06IZo6f9idHrryBnFoyoHd,GBBKS0611146
119,"Talk To Me","Peaches",118,2B,56,2026-03-02,03:05,31,"electroclash, riot grrrl, queercore","I Feel Cream",2009-05-04,95,2,0,55,0,10,-4,F#/G♭ Major,4,4foA1v3lrbL0nG1unF5aYX,GBBKS0900033
120,"On Directing","Tegan and Sara",144,6B,81,2026-03-02,02:45,26,"","Sainthood",2009-10-23,61,0,67,50,0,20,-5,A#/B♭ Major,4,5flkGz6hHGvA5UD8LRDSgZ,USRE10901803
121,"Are You Ten Years Ago","Tegan and Sara",138,8A,66,2026-03-02,03:17,30,"","The Con",2007-07-24,65,49,0,54,10,20,-10,A Minor,4,7jjX6UPbGwK9AMGjkeSwPj,USRE10700696
122,"The Con","Tegan and Sara",130,4B,85,2026-03-02,03:29,46,"","The Con",2007-07-24,57,18,0,70,0,30,-6,G#/A♭ Major,4,4CD4GfHOwo5ZP4FkIMTK6j,USRE10700694
123,"Back in Your Head","Tegan and Sara",141,7B,80,2026-03-02,03:00,52,"","The Con",2007-07-24,75,4,4,82,0,0,-7,F Major,4,2Pdo1VvYDB9FqeuNx8D1FW,USRE10700697
124,"I Know I Know I Know","Tegan and Sara",117,4B,66,2026-03-02,03:44,41,"","So Jealous",2004-09-14,72,16,0,85,0,30,-6,G#/A♭ Major,4,2WxVHQkKYr7qUcJBVnJt2E,USRE10701154
125,"Soft Shock","Yeah Yeah Yeahs",125,9B,81,2026-03-02,03:53,52,"indie rock","It's Blitz! (Deluxe Edition)",2009-03-06,60,0,57,74,0,10,-6,G Major,4,3fXx53m03IKoS5bRq3Xfq7,USUM70953073
126,"Gold Lion","Yeah Yeah Yeahs",159,11B,85,2026-03-02,03:07,53,"indie rock","Show Your Bones",2006-01-01,52,2,0,30,0,0,-3,A Major,4,6ttg1sxtU12beFZkjoc6j5,USUM70600433
127,"Mr. Rager","Kid Cudi",102,9B,73,2026-03-02,04:54,75,"","Man On The Moon II: The Legend Of Mr. Rager",2010-11-09,67,39,88,58,0,10,-9,G Major,4,393MDhe62s8hbH8ETrlxe5,USUM71025042
128,"Ashin’ Kusher","Kid Cudi",93,6B,64,2026-03-02,03:48,50,"","Man On The Moon II: The Legend Of Mr. Rager",2010-11-09,86,73,0,58,20,10,-6,A#/B♭ Major,4,6GSMozgAebBmuM2hCV15H3,USUM71025501
129,"Mojo So Dope","Kid Cudi",180,11A,79,2026-03-02,03:30,64,"","Man On The Moon II: The Legend Of Mr. Rager",2010-11-09,61,55,84,85,0,30,-8,F#/G♭ Minor,4,6hPSal3ragmfUt1I5mKZjn,USUM71025500
130,"King Wizard","Kid Cudi",140,4B,61,2026-03-02,04:16,50,"","Indicud",2013-04-12,72,4,3,38,0,10,-8,G#/A♭ Major,4,4bFOo0IbTRXQBXNWEpGxXX,USUM71212592
131,"Outside","The Weeknd",140,4A,49,2026-03-02,04:19,46,"","Trilogy",2012-11-13,58,76,0,23,0,10,-7,F Minor,4,5RgSyslysUK17GhRli5ksZ,USUM72121526
132,"Lonely Star","The Weeknd",158,10B,62,2026-03-02,05:49,51,"","Trilogy",2012-11-13,47,27,3,17,0,40,-9,D Major,4,4coENUbKuiuFb0C38uqFTi,USUM72111895
133,"Thursday","The Weeknd",179,5A,49,2026-03-02,05:20,48,"","Trilogy",2012-11-13,26,48,3,23,0,0,-8,C Minor,3,7Kd39JsnLyJLEXNeWUi3T9,USUM72111928
134,"Wicked Games","The Weeknd",114,11B,57,2026-03-02,05:25,55,"","Trilogy",2012-11-13,59,2,0,24,0,30,-7,A Major,4,7bGF2hNOP6SROacsxo1fCk,USUM72104140
135,"Wicked Game","Chris Isaak",112,11B,30,2026-03-02,04:49,86,"","Heart Shaped World",1989-06-13,66,68,1,36,0,0,-18,A Major,4,7w5AOd6HrDIHewHfpABEss,USRE19900989
136,"Desperado","Rihanna",94,5A,61,2026-03-02,03:06,72,"","ANTI (Deluxe)",2016-01-28,68,32,0,33,0,10,-5,C Minor,3,4mCf3vQf7z0Yseo0RxAi3V,QM5FT1600104
137,"Play Nice","Pacific Air",109,4B,73,2026-03-02,04:05,11,"","Stop Talking (Spotify Exclusive)",2013-01-01,61,2,5,41,0,0,-7,G#/A♭ Major,4,4nSrvWuCRK5yzY4K5iksAr,USUM71304777
138,"Gold","Sir Sly",90,3A,86,2026-03-02,03:51,43,"","You Haunt Me",2014-09-16,49,37,0,27,0,30,-4,A#/B♭ Minor,4,0qM7QW0hUI8Lez3MAI3P5U,USUM71305811
139,"Hell Nah","Rainbow Kitten Surprise",170,3B,72,2026-03-02,03:26,56,"","bones",2025-09-26,48,11,0,40,10,0,-5,C♯/D♭ Major,4,50GOcJ4oPhKmUxcdiqWBqx,USAT22504349
140,"Dang","Rainbow Kitten Surprise",148,12B,94,2026-03-02,03:22,59,"","bones",2025-09-26,55,11,0,32,0,10,-3,E Major,4,5l8ylBEHHYL62w5HfjB3JF,USAT22504015
141,"Friendly Fire","Rainbow Kitten Surprise",135,7B,70,2026-03-02,03:33,54,"","bones",2025-09-26,54,29,0,38,0,10,-5,F Major,4,7DTAZBykDP2m8LkYehrwhl,USAT22504348
142,"bones","Rainbow Kitten Surprise",208,1B,82,2026-03-02,03:24,55,"","bones",2025-09-26,47,35,0,56,0,10,-5,B Major,4,7p64m8lgMpuTl00Gd6T9gx,USAT22504350
143,"All A Mystery","Phantogram",204,10B,66,2026-03-02,03:09,26,"","Memory Of A Day (Deluxe)",2025-10-31,29,0,1,23,0,10,-6,D Major,3,15me96DL7o7XC4kctKRTjT,USA2P2423117
144,"In My Head","Phantogram,Whethan",100,12A,76,2026-03-02,04:10,26,"","Memory Of A Day (Deluxe)",2025-10-31,72,1,56,14,0,20,-6,C♯/D♭ Minor,4,71mZjhbz8kARasczwqdIYF,USA2P2536647
145,"Attaway","Phantogram",112,4A,78,2026-03-02,04:00,27,"","Memory Of A Day (Deluxe)",2025-10-31,52,0,31,17,0,10,-8,F Minor,3,1zXeFZ79wHznYKmNqABCvS,USA2P2454662
146,"Pink Pony Club","Chappell Roan",107,2B,65,2026-03-02,04:18,83,"","The Rise and Fall of a Midwest Princess",2023-09-21,61,40,0,51,0,10,-6,F#/G♭ Major,4,6393yGahSJ9slVdOwSxOVR,USAT22001300
147,"Femininomenon","Chappell Roan",125,5A,76,2026-03-02,03:39,76,"","The Rise and Fall of a Midwest Princess",2023-09-22,61,14,0,24,0,10,-5,C Minor,4,53IRnAWx13PYmoVYtemUBS,USUG12302738
148,"LABOUR - the cacophony","Paris Paloma",168,10A,79,2026-03-02,04:07,80,"","LABOUR (the cacophony)",2024-03-29,53,5,0,29,10,20,-8,B Minor,4,4B0cJGASxVICLW2AsBZhiE,CAN112400852
149,"Good Girl","Paris Paloma",129,9B,77,2026-03-02,04:23,59,"","Good Girl",2026-01-30,62,14,0,27,20,10,-6,G Major,4,5916POJDlPQRBbe1SJc7uK,CAN112600070
150,"Good Boy","Paris Paloma",124,12B,78,2026-03-02,03:42,61,"","Good Boy",2025-09-19,63,20,0,36,10,20,-7,E Major,4,0zGedcOInQVyGKVPShTn2s,CAN112501780
151,"Black Out Days","Phantogram",92,9A,80,2026-03-02,03:47,70,"","Voices",2013-01-01,54,1,2,43,0,0,-4,E Minor,4,6xWIuPEnPIODp4dCRsAd5I,USUM71312035
152,"Fall In Love","Phantogram",188,7A,86,2026-03-02,03:43,63,"","Voices",2014-02-18,34,5,0,27,10,20,-3,D Minor,4,5imUTBF35uIoABlV9g9da2,USUM71318566
153,"Nothing But Trouble","Phantogram",96,8B,87,2026-03-02,04:05,35,"","Voices",2014-02-18,57,0,6,44,0,30,-6,C Major,4,3tgKPIjhpelqSeKbDzaG3c,USUM71318565
154,"Howling At The Moon","Phantogram",100,9A,97,2026-03-02,03:58,46,"","Voices",2014-02-18,60,2,0,15,0,20,-1,E Minor,4,00RYw42tKwXecTaVay3BKl,USUM71318567
155,"Diamonds","Rihanna",92,10A,71,2026-03-02,03:45,75,"","Unapologetic (Edited Version)",2012-01-01,56,0,0,40,0,10,-5,B Minor,4,1z9kQ14XBSN0r2v6fx4IdG,USUM71211793
156,"Heart Skips a Beat (feat. Chiddy Bang)","Olly Murs,Chiddy Bang",111,11B,91,2026-03-02,03:21,26,"","Heart Skips a Beat (feat. Chiddy Bang)",2011-00-00,77,14,0,92,0,0,-3,A Major,4,7n1rlCbUebjGfgV2BycDnh,GBARL1200564
157,"Heart Skipped A Beat","The xx",123,1B,35,2026-03-02,04:02,23,"","xx",2009-08-18,83,55,81,51,0,0,-13,B Major,4,6WfxJHrQyfGMukUtmrTHLd,GBBKS0900199
158,"Islands","The xx",124,12B,47,2026-03-02,02:40,29,"","xx",2009-08-18,87,74,27,71,0,10,-11,E Major,4,6i5tYaGlOFDLILEB6HfJAa,GBBKS0900198
159,"Crystalised","The xx",123,10A,48,2026-03-02,03:21,35,"","xx",2009-08-18,76,81,39,42,0,0,-12,B Minor,4,33R3swWziWYmnDYvZqcZVS,GBBKS0900025
160,"Fiction","The xx",115,6A,36,2026-03-02,02:56,57,"","Coexist",2012-09-10,79,69,41,64,0,0,-14,G Minor,4,40Gp0YR5kj8vT7Z55YzTFM,GBBKS1200087
161,"Paradise Circus","Massive Attack,Hope Sandoval",136,4B,59,2026-03-02,04:57,67,"trip hop, downtempo, ","Heligoland",2010-02-08,81,41,80,30,0,0,-13,G#/A♭ Major,4,2BndJYJQ17UcEeUFJP5JmY,GBAAA0900963
162,"Eyes on Fire","Blue Foundation",145,2A,38,2026-03-02,05:02,69,"","Life Of A Ghost",2007-09-24,54,67,0,37,0,10,-10,D#/E♭ Minor,4,3XHrTm6WE2BOHafLwTT3GR,DKABA0700900
163,"Alleyways","The Neighbourhood",101,4A,83,2026-03-02,04:27,62,"","I Love You.",2013-04-22,62,0,80,36,0,10,-5,F Minor,4,4V37tyDu9CtqYshvrgLke4,USSM11300893
164,"Staying Up","The Neighbourhood",176,10B,86,2026-03-02,04:28,57,"","I Love You.",2013-04-22,39,3,1,32,0,20,-4,D Major,4,1NA2NvAgCB4EfcBC8OHfuj,USSM11300897
165,"Female Robbery","The Neighbourhood",88,6A,90,2026-03-02,03:29,62,"","I Love You.",2013-04-22,52,1,54,34,0,20,-3,G Minor,4,4BDnfINTlfJPmLp1UV6CXt,USSM11300081
166,"Afraid","The Neighbourhood",84,11A,70,2026-03-02,04:11,80,"","I Love You.",2013-04-22,46,1,31,36,0,30,-6,F#/G♭ Minor,4,7brQHA2CgQpcMBiOlfiXYb,USSM11300889
167,"How","The Neighbourhood",152,6A,75,2026-03-02,05:14,57,"","I Love You.",2013-04-22,38,0,69,6,0,0,-6,G Minor,4,6mAuw7R6u4vlNneuBgnC8K,USSM11300888
168,"Your Ex-Lover Is Dead","Stars",153,8B,50,2026-03-02,04:16,47,"","Set Yourself On Fire",2004-09-14,38,0,3,33,0,20,-7,C Major,3,6XGKlssGb3oE9IUCvjLthd,CAAA10400901
169,"Walls","Stars",138,1B,49,2026-03-02,04:18,19,"","The North",2012-09-04,57,30,2,29,0,10,-10,B Major,4,2cOq6NnGoaPwFmjJv5BVVh,CA7T31200012
170,"On the Radio","Regina Spektor",102,8B,41,2026-03-02,03:20,53,"anti-folk","Begin to Hope",2006-06-13,88,59,0,44,0,0,-8,C Major,4,6VUYwnd11VvLWdubhFioLz,USWB10601320
171,"Mouthwash","Kate Nash",155,3B,82,2026-03-02,05:01,32,"anti-folk","Made of Bricks",2007-01-01,52,6,0,62,0,0,-5,C♯/D♭ Major,4,7m21WB6QoOusWw9zTPfDHq,GBUM70706073
172,"Skeleton Song","Kate Nash",112,11B,77,2026-03-02,05:07,36,"anti-folk","Made of Bricks",2007-01-01,48,20,0,48,0,40,-6,A Major,4,6gYzY4CIR667rZxQ6bfYTz,GBUM70706086
173,"Sail","AWOLNATION",119,3B,44,2026-03-02,04:19,76,"","Megalithic Symphony",2011-03-15,83,44,62,27,0,10,-10,C♯/D♭ Major,4,7ueP5u2qkdZbIPN2YA6LR0,USP6L1000053
174,"ADHD","Two Feet",173,7B,72,2026-03-02,02:45,36,"","Shape & Form",2022-05-13,47,1,0,25,0,10,-4,F Major,3,3ZqJEsAtQrrVVkWAOaqkRt,GBKPL2294772
175,"Self Portrait","Surf Curse",152,10B,80,2026-03-02,03:32,32,"indie","Self Portrait",2022-09-07,58,5,1,65,0,10,-4,D Major,4,5IssEtH38Bs8vpGOoVnLlh,USAT22209048
176,"Dirty Love","Mt. Joy",125,4A,44,2026-03-02,02:44,1,"","Mt. Joy",2018-03-02,77,60,0,66,0,10,-8,F Minor,4,2bsC6KLZ6a9v6zdoDkziBL,USDMG1885204
177,"Devil's Advocate","The Neighbourhood",98,10A,68,2026-03-02,03:06,71,"","Chip Chrome & The Mono-Tones",2020-09-25,66,3,14,86,0,50,-8,B Minor,4,4XfI7M5gLwEY84gYiH4RDD,USSM12003781
178,"Fresh Blood","Eels",96,8B,92,2026-03-02,04:25,0,"","Hombre Lobo",2009-06-02,67,32,76,73,0,0,-4,C Major,4,62N9FbD1RdoEJ8f3KTIPyZ,USZXT0907782
179,"Doing Good","Milky Chance",98,8A,73,2026-03-02,04:10,0,"","Doing Good",2017-01-13,71,29,11,73,0,10,-8,A Minor,4,7bAQMATn7EjiNNlS409S51,DEVP21600010
180,"Caffeine","Foreign Air",95,3B,62,2026-03-02,03:05,47,"","Caffeine",2016-12-16,63,5,0,42,0,10,-5,C♯/D♭ Major,4,5JbbvaybLOHy7xzRDfW5lC,TCACU1677482
181,"Better for It","Foreign Air",80,1A,63,2026-03-02,04:41,0,"","For the Light",2016-09-23,53,11,1,15,0,10,-8,G#/A♭ Minor,4,6uMn0YHwWVAz5B0BgaBizM,TCACS1604782
182,"West Coast","Lana Del Rey",123,11A,59,2026-03-02,04:16,46,"","Ultraviolence",2014-01-01,53,19,2,46,0,0,-8,F#/G♭ Minor,4,5fpZBXuorlUCC9SP6LVuw3,GBUM71402081
183,"Lips","The xx",174,3B,59,2026-03-02,03:20,53,"","I See You",2017-01-13,52,49,51,19,0,0,-9,C♯/D♭ Major,4,5hnx6uqwVsIj7L8D4ME4Li,UK7MC1600076
184,"Replica","The xx",80,4B,44,2026-03-02,04:09,54,"","I See You",2017-01-13,62,47,50,51,0,10,-11,G#/A♭ Major,4,61WE54H3MD9N5P56Mpr6TN,UK7MC1600070
185,"I Dare You","The xx",126,3B,54,2026-03-02,03:53,64,"","I See You",2017-01-13,75,62,7,28,0,10,-9,C♯/D♭ Major,4,3pAw0BXL8acShtjUwLosw8,UK7MC1600068
186,"Beggin For Thread","BANKS",108,4A,70,2026-03-02,04:09,60,"","Goddess (Deluxe)",2014-01-01,60,0,7,40,0,20,-6,F Minor,4,4PvD06Pmbm2rHG2JjSlElF,USUM71405259
187,"Before I Ever Met You","BANKS",79,3A,62,2026-03-02,04:27,41,"","Goddess (Deluxe)",2014-01-01,67,9,0,42,0,50,-5,A#/B♭ Minor,4,5E1rsmDCt32aip1XpNNChc,USUM71405286
188,"Fall Over","BANKS",130,3A,86,2026-03-02,03:29,30,"","Goddess (Deluxe)",2014-01-01,65,1,68,63,0,20,-5,A#/B♭ Minor,4,6QeIxGSHZPrHZxJOgYct9V,USUM71405284
189,"Falling","HAIM",112,10B,89,2026-03-02,04:17,46,"","Days Are Gone",2013-09-30,74,8,0,30,0,0,-6,D Major,4,5wL742yBgvtbw1IibA3FMJ,USSM11300646
190,"Don't Save Me","HAIM",140,9B,89,2026-03-02,03:51,42,"","Days Are Gone",2013-09-30,68,3,0,65,0,10,-4,G Major,4,6Je5Vjd8VXVpQYcOiav5KU,USSM11206550
191,"My Song 5","HAIM",152,10A,66,2026-03-02,03:53,35,"","Days Are Gone",2013-09-30,65,33,0,86,10,10,-6,B Minor,4,0jCGo9MLTR98iPUQCT0p5r,USSM11304482
192,"Go Slow","HAIM",145,10A,71,2026-03-02,04:17,33,"","Days Are Gone",2013-09-30,68,17,1,80,0,0,-7,B Minor,4,5mKbFgEbuYRJRvl7SlPpRf,USSM11304484
193,"Running If You Call My Name","HAIM",134,8B,95,2026-03-02,04:02,33,"","Days Are Gone",2013-09-30,62,2,18,45,0,0,-5,C Major,4,7p3vvpBKc7QRY1ur4qj2jP,USSM11304483
194,"Running Up That Hill (From The 'Stranger Things' Season 4 Trailer)","Baltic House Orchestra",108,5A,83,2026-03-02,03:57,48,"","Running Up That Hill (From The 'Stranger Things' Season 4 Trailer)",2022-06-27,57,0,7,7,0,10,-9,C Minor,4,1XTgUXEAuGTat4zCD88iPU,QZPJ32180839
195,"End of Beginning","Djo",160,10B,45,2026-03-02,02:39,97,"","DECIDE",2022-09-16,69,4,0,91,0,0,-8,D Major,4,3qhlB30KknSejmIvZZLjOD,GBKPL2205058
196,"Basic Being Basic","Djo",122,2B,59,2026-03-02,02:38,76,"","The Crux",2025-04-04,86,12,0,94,0,0,-5,F#/G♭ Major,4,2jjwQENSoGnYbQEK4acuC6,QMFMF2426857
197,"Delete Ya","Djo",118,4B,67,2026-03-02,03:23,79,"","The Crux",2025-04-04,83,25,6,84,0,40,-6,G#/A♭ Major,4,7tFI5cqfAoR7MIvmbw1qd8,QM4TW2525818
198,"Black Mambo","Glass Animals",80,5A,41,2026-03-02,04:08,62,"","ZABA",2014-06-03,68,29,0,31,0,10,-11,C Minor,4,63OC8cNa4ZnFB3bbvbWCOc,GBUM71303835
199,"Gooey","Glass Animals",183,10A,37,2026-03-02,04:49,72,"","ZABA",2014-06-03,49,74,0,11,0,0,-13,B Minor,4,1gk3FhAV07q9Jg77UxnVjX,GBUM71400655
200,"Youth","Glass Animals",96,8A,72,2026-03-02,03:50,72,"","How To Be A Human Being",2016-08-26,65,13,0,79,0,10,-8,A Minor,4,1LPGwuFgIzbJoShfDdw7MY,GB2DY1600029
201,"Pork Soda","Glass Animals",96,9B,66,2026-03-02,04:13,67,"","How To Be A Human Being",2016-08-26,70,12,0,62,0,30,-8,G Major,4,5C5gvDZsl6d8bh89URfKHr,GB2DY1600025
202,"Undisclosed Desires","Muse",116,4B,59,2026-03-02,03:55,71,"alternative rock, rock","The Resistance",2009-09-10,68,1,2,64,0,0,-7,G#/A♭ Major,4,0It6VJoMAare1zdV2wxqZq,GBAHT0900322
203,"Madness","Muse",180,6B,42,2026-03-02,04:41,71,"alternative rock, rock","The 2nd Law",2012-09-24,50,13,0,22,0,10,-8,A#/B♭ Major,4,0c4IEciLCDdXEhhKxj4ThA,GBAHT1200390
204,"Time is Running Out","Muse",118,8A,89,2026-03-02,03:56,76,"alternative rock, rock","Absolution",2003-09-15,54,0,0,32,0,0,-3,A Minor,4,0EdMqiKs9LKXhspeQhl4RZ,GBAHT1901181
205,"Waiting for the End","Linkin Park",170,12B,96,2026-03-02,03:51,64,"nu metal, rap metal, rock, alternative metal","A Thousand Suns",2010-09-08,49,4,0,32,10,50,-4,E Major,4,1V4Bq9kYHMk9yILUp5z3o3,USWB11001851
206,"Leave Out All The Rest","Linkin Park",80,8B,64,2026-03-02,03:29,76,"nu metal, rap metal, rock, alternative metal","Minutes to Midnight",2007-05-14,51,21,0,18,0,30,-6,C Major,4,0sp00HSXkQyqTa6QqM0O8V,USWB10701212
207,"Valentine's Day","Linkin Park",108,8B,66,2026-03-02,03:16,60,"nu metal, rap metal, rock, alternative metal","Minutes to Midnight",2007-05-14,65,2,4,40,0,20,-6,C Major,4,2vfshZvISOKy2Je7wQBWOV,USWB10701217
208,"Shadow of the Day","Linkin Park",110,1B,38,2026-03-02,04:49,72,"nu metal, rap metal, rock, alternative metal","Minutes to Midnight",2007-05-14,53,1,2,6,0,10,-8,B Major,4,0OYcEfskah1egYHjYRvbg1,USWB10701214
209,"What I've Done","Linkin Park",120,7B,94,2026-03-02,03:25,87,"nu metal, rap metal, rock, alternative metal","Minutes to Midnight",2007-05-14,63,1,0,29,0,10,-5,F Major,4,18lR4BzEs7e3qzc0KVkTpU,USWB10700721
210,"Bleed It Out","Linkin Park",140,1B,97,2026-03-02,02:44,83,"nu metal, rap metal, rock, alternative metal","Minutes to Midnight",2007-05-14,54,11,0,60,0,60,-3,B Major,4,0UFDKFqW2oGspYeYqo9wjA,USWB10701213
211,"New Divide","Linkin Park",118,4A,81,2026-03-02,04:28,72,"nu metal, rap metal, rock, alternative metal","Transformers: Revenge Of The Fallen The Album",2009-06-12,49,0,0,38,0,10,-3,F Minor,4,6Wx88Mv6b9ofjKMKkdwOJd,USWB10901893
212,"Where Is My Mind? - 2007 Remaster","Pixies",81,12B,44,2026-03-02,03:54,80,"alternative rock","Surfer Rosa (2007 Remaster)",1988-03-21,52,2,0,25,0,0,-14,E Major,4,7wCmS9TTVUcIhRalDYFgPy,GBAFL0700145
213,"Chlorine","Twenty One Pilots",90,3A,67,2026-03-02,05:24,78,"","Trench",2018-10-05,61,7,6,32,0,30,-7,A#/B♭ Minor,4,23OXdR7YuUBVWh5hSnYJau,USAT21810687
214,"Trampoline","SHAED",127,6A,41,2026-03-02,03:04,63,"","MELT",2018-09-21,69,49,0,50,0,0,-8,G Minor,4,6AFAey1TrtgGNkgCMTEVCq,QZ47A1800201
215,"Superposition","Young the Giant",170,9B,70,2026-03-02,03:50,70,"","Mirror Master",2018-10-12,59,0,3,43,0,10,-5,G Major,4,67YPjbcxUypwNOwYBZquq1,USAT21810536
216,"Teenage Dirtbag","Wheatus",95,12B,85,2026-03-02,04:01,85,"","Wheatus",1999-02-15,63,35,0,63,0,10,-4,E Major,4,25FTMokYEbEWHEdss5JLZS,USSM10008431
217,"Figure It Out","Maroon 5",100,9A,55,2026-03-02,02:59,24,"pop","The B-Side Collection",2007-01-01,89,4,0,46,0,0,-4,E Minor,4,5qUrVPh2XRNuDLkkyAEuNQ,USUM70732159
218,"Story - Non-LP Version","Maroon 5",120,8B,81,2026-03-02,04:29,22,"pop","The B-Side Collection",2007-01-01,47,0,0,42,0,30,-4,C Major,4,2ZJ0357KXCl3WTCwsPQWdQ,USUM70732180
219,"Losing My Mind - Non-LP Version","Maroon 5",168,6B,77,2026-03-02,03:20,23,"pop","The B-Side Collection",2007-01-01,49,3,0,36,0,10,-3,A#/B♭ Major,4,1ouASzVFvAz2Wr7ynZMaIx,USUM70732912
220,"Until You're Over Me - Non-LP Version","Maroon 5",140,7B,80,2026-03-02,03:15,24,"pop","The B-Side Collection",2007-01-01,81,3,0,93,0,0,-3,F Major,4,4Mhatx7wvuAO3s8LvbzXXi,USUM70732911
221,"One For The Road","Arctic Monkeys",180,8B,67,2026-03-02,03:26,70,"indie, garage rock","AM",2013-09-09,42,21,6,84,0,20,-7,C Major,4,6wNUBZNWFxdUGof6vkaykE,GBCEL1300364
222,"Knee Socks","Arctic Monkeys",98,10A,54,2026-03-02,04:17,78,"indie, garage rock","AM",2013-09-09,67,12,0,59,0,30,-8,B Minor,4,2LGdO5MtFdyphi2EihANZG,GBCEL1300372
223,"Why'd You Only Call Me When You're High?","Arctic Monkeys",92,10B,63,2026-03-02,02:41,87,"indie, garage rock","AM",2013-09-09,69,5,0,80,0,10,-6,D Major,4,086myS9r57YsLbJpU0TgK9,GBCEL1300370
224,"R U Mine?","Arctic Monkeys",97,11A,76,2026-03-02,03:21,83,"indie, garage rock","AM",2013-09-09,29,1,0,62,0,30,-6,F#/G♭ Minor,4,2AT8iROs4FQueDv2c8q2KE,GBCEL1300363
225,"Lasso","Phoenix",151,1B,65,2026-03-02,02:47,63,"indie","Wolfgang Amadeus Phoenix",2009-05-25,65,2,0,95,0,10,-7,B Major,4,3LENMSJJU0LLqcdVgf4JVW,FR31Q0900006
226,"Just Can’t Get Enough","Black Eyed Peas",94,5A,63,2026-03-02,03:39,84,"","The Beginning",2010-01-01,66,19,0,26,10,10,-9,C Minor,4,3JA9Jsuxr4xgHXEawAdCp4,USUM71026671
227,"Houdini","Foster The People",110,4B,91,2026-03-02,03:22,69,"","Torches",2011-05-23,63,1,0,76,0,10,-4,G#/A♭ Major,4,5Fli1xRi01bvCjsZvKWro0,USSM11005694
228,"Don't Stop (Color on the Walls)","Foster The People",133,12A,95,2026-03-02,02:54,62,"","Torches",2011-05-23,61,0,10,79,0,10,-4,C♯/D♭ Minor,4,4HRa9ZWcmZ8JD7UySPu0wT,USSM11101701
229,"Pumped Up Kicks","Foster The People",128,4A,71,2026-03-02,03:59,87,"","Torches",2011-05-23,73,14,12,97,0,10,-6,F Minor,4,7w87IxuO7BDcJ3YUqCyMTT,USSM11002931
230,"Cringe","Matt Maeson",126,7B,47,2026-03-02,03:36,70,"","Bank On The Funeral",2019-04-05,73,7,0,44,0,0,-8,F Major,4,12rhvKDK2FfHTZZ1sSAHDG,USAT21603312
231,"Go Easy","Matt Maeson",86,6A,71,2026-03-02,03:47,57,"","Bank On The Funeral",2019-04-05,35,20,0,33,10,0,-6,G Minor,4,4yoMMiRT5sXtIbSHKQfRqi,USAT21900731
232,"I Just Don't Care That Much","Matt Maeson",120,8B,72,2026-03-02,03:25,47,"","Bank On The Funeral",2019-04-05,82,9,0,62,0,40,-4,C Major,4,3CMAfzKrxKC9reX2B6x6OF,USAT21900730
233,"Legacy","Matt Maeson",114,11B,65,2026-03-02,02:49,51,"","Bank On The Funeral",2019-04-05,62,1,0,55,10,30,-5,A Major,4,373CjBoI0zDFNIXm57NdOY,USAT21900733
234,"Hallucinogenics","Matt Maeson",121,8B,65,2026-03-02,03:07,72,"","Bank On The Funeral",2019-04-05,55,46,0,29,0,10,-7,C Major,4,6bLU8e0LGyztE9iD5DWBQ1,USAT21801088
235,"The Mask","Matt Maeson",148,10B,59,2026-03-02,03:24,44,"","Bank On The Funeral",2019-04-05,58,29,0,46,0,0,-7,D Major,3,0jHieRglaHjl3bopesFBc7,USAT21812693
236,"Beggar's Song","Matt Maeson",145,2B,46,2026-03-02,03:55,61,"","Bank On The Funeral",2019-04-05,45,60,0,27,0,0,-7,F#/G♭ Major,4,4NK49OnNDP3oJcTGs89XSg,USAT21900734
237,"Tribulation","Matt Maeson",155,3B,67,2026-03-02,03:13,47,"","Bank On The Funeral",2019-04-05,41,10,0,36,0,0,-7,C♯/D♭ Major,4,2CCy0wnJTtUIMoHpmGRcwM,USAT21700291
238,"Dancing After Death","Matt Maeson",176,12A,50,2026-03-02,03:57,52,"","Bank On The Funeral",2019-04-05,42,50,0,25,0,10,-6,C♯/D♭ Minor,3,6FCWOKBTjzHsHpa0cF0br6,USAT21900736
239,"Bank On The Funeral","Matt Maeson",177,2B,30,2026-03-02,03:29,42,"","Bank On The Funeral",2019-04-05,29,72,0,19,0,10,-9,F#/G♭ Major,3,4t86vQyqJuck4tAn9eIzHH,USAT21900738
240,"broken","lovelytheband",123,9B,73,2026-03-02,03:24,68,"","finding it hard to smile",2018-08-03,67,0,0,51,0,0,-6,G Major,4,6XcfKZvJio9Z0fQy11GnNX,US3DF1712109
241,"Peaches","In The Valley Below",104,1A,52,2026-03-02,04:45,59,"","The Belt",2014-01-01,51,0,2,5,0,10,-8,G#/A♭ Minor,4,0JsRZWdSquAQtgyJO8mhLA,QMF5G1300001
242,"Tonight You Are Mine","The Technicolors",90,1B,60,2026-03-02,03:50,63,"","Ultraviolet Disguise (Deluxe Edition)",2015-10-16,63,0,1,64,0,0,-7,B Major,4,0Sjz8pTu8vcVvGP5rtyh3Q,TCACI1594069
243,"You're Mine","Phantogram",119,3A,77,2026-03-02,02:51,51,"","Three",2016-10-07,67,0,0,27,0,10,-6,A#/B♭ Minor,4,3rchbdfMJ48si8MqFRs6wP,USUM71605176
244,"Homemade Dynamite","Lorde",107,6B,43,2026-03-02,03:09,62,"","Melodrama",2017-06-16,77,29,0,27,0,0,-5,A#/B♭ Major,4,02oAUzv4M0ItuTDy2RT3IT,NZUM71700066
245,"Punching In A Dream","The Naked And Famous",115,2B,88,2026-03-02,03:58,63,"","Passive Me, Aggressive You",2011-01-01,47,0,0,16,0,10,-4,F#/G♭ Major,4,1vJTIEahOOoy5sq3ZUEaSi,NZNK11000002
246,"My Blood","Twenty One Pilots",109,3B,72,2026-03-02,03:49,71,"","Trench",2018-10-05,75,6,2,67,0,10,-7,C♯/D♭ Major,4,5HeKOKc4phmLn8e4I7EkzD,USAT21810686
247,"I Follow Rivers","Lykke Li",122,8A,53,2026-03-02,03:48,66,"","Wounded Rhymes",2011-00-00,60,48,0,61,0,20,-14,A Minor,4,336ZYcU6poBWi3s8yzRcAD,SEVUM1000502
248,"Trojans","Atlas Genius",140,9B,82,2026-03-02,03:37,62,"","When It Was Now",2013-02-18,72,1,0,54,0,0,-5,G Major,4,0wDEiGfq4pw7FAkYKpkwMo,USWB11300017
249,"When It Lands","Rainbow Kitten Surprise",120,4A,48,2026-03-02,04:29,64,"","How to: Friend, Love, Freefall",2018-04-06,73,44,0,37,10,10,-9,F Minor,4,16ro1is6DmDKkarlJMBbzV,USAT21800168
250,"Wait for Me","Kings of Leon",117,11B,62,2026-03-02,03:30,75,"","Mechanical Bull (Expanded Edition)",2013-09-24,49,3,0,31,0,10,-8,A Major,4,2nO1DYEg1X5GHi8SSuNJQj,USRC11300789
251,"Free Animal","Foreign Air",80,4A,58,2026-03-02,03:00,60,"","For the Light",2016-09-23,58,9,0,41,0,0,-7,F Minor,4,6pnD89Q888HUHhcwQUTky8,TCACJ1573640
252,"Say It","Blue October",110,8A,86,2026-03-02,03:38,44,"","Approaching Normal",2009-01-01,59,0,0,55,0,10,-7,A Minor,4,7q8OD5NacFEKikwwBtjQNo,USUM70953573
253,"Heavy In Your Arms","Florence + The Machine",80,8A,80,2026-03-02,04:45,51,"baroque pop","Lungs (Deluxe Edition)",2009-00-00,32,51,0,30,0,0,-6,A Minor,4,3YZ4ccGSysav9mPqbni9JU,GBUM71024262
254,"Falling","Florence + The Machine",113,7A,33,2026-03-02,03:32,41,"baroque pop","Lungs (Deluxe Edition)",2009-00-00,43,79,20,8,0,10,-9,D Minor,4,3bENrkfntz1ugrsi8yzT9C,GBUM70905783
255,"Bird Song","Florence + The Machine",120,8B,53,2026-03-02,02:55,48,"baroque pop","Lungs (Deluxe Edition)",2009-00-00,46,75,0,25,0,10,-7,C Major,4,6EfZCB2wudriyD1vDjuAZ9,GBUM70905781
256,"Hospital Beds","Florence + The Machine",96,10A,46,2026-03-02,02:14,36,"baroque pop","Lungs (Deluxe Edition)",2009-00-00,67,40,0,31,0,30,-5,B Minor,4,32CpKhS5v5SFgfbXmdpsi7,GBUM70900208
257,"Howl","Florence + The Machine",130,8B,85,2026-03-02,03:33,57,"baroque pop","Lungs (Deluxe Edition)",2009-00-00,58,0,0,29,0,30,-4,C Major,4,3GS8qG28p2RF6M7S5rFdx5,GBUM70904473
258,"Free","Florence + The Machine",175,3A,70,2026-03-02,03:54,71,"baroque pop","Dance Fever",2022-05-13,47,1,0,5,0,10,-6,A#/B♭ Minor,4,7H7SHw3YWXhb4zYqyoPNa1,GBUM72108016
259,"King","Florence + The Machine",106,11A,45,2026-03-02,04:40,64,"baroque pop","Dance Fever",2022-05-13,73,14,0,9,0,10,-8,F#/G♭ Minor,4,31ABtQJdfloNaGz7ZhXaN5,GBUM72108021
260,"Messy","Lola Young",111,11B,55,2026-03-02,04:44,83,"","Messy",2024-05-30,80,11,0,65,0,10,-6,A Major,4,3SKH53SPQbEnZR4cJPVaz2,GBUM72401610
261,"High In Low Places","Beach Weather",86,3B,65,2026-03-02,03:10,59,"","Melt",2024-10-25,59,0,0,42,0,20,-4,C♯/D♭ Major,4,1zKnyGMHUfR8zAzBJRpz5w,USAR12400138
262,"Wish You Were Here","Incubus",170,11B,77,2026-03-02,03:32,75,"nu metal, funk rock, alternative metal, alternative rock","Morning View",2001-10-23,25,0,30,35,0,10,-7,A Major,4,6KtLECDztnah63TNmV4Plw,USSM10107084
263,"Bedroom Hymns","Florence + The Machine",106,9A,87,2026-03-02,03:01,35,"baroque pop","Ceremonials",2011-01-01,53,8,0,23,0,30,-4,E Minor,4,7cXLpJezIuXb2RYeSk7YXB,GBUM71107582
264,"Spectrum (Say My Name)","Florence + The Machine",123,10A,87,2026-03-02,05:11,39,"baroque pop","Ceremonials",2011-01-01,57,8,0,11,0,10,-6,B Minor,4,3oAJPaILCEZtMCVkVgiPC5,GBUM71107576
265,"Strangeness And Charm","Florence + The Machine",145,8B,94,2026-03-02,05:15,34,"baroque pop","Ceremonials",2011-01-01,43,1,0,46,0,10,-4,C Major,4,6nkatX0hxZxfuwszsZZLqP,GBUM71107585
266,"No Light, No Light","Florence + The Machine",132,8B,76,2026-03-02,04:34,40,"baroque pop","Ceremonials",2011-01-01,43,1,0,16,0,40,-6,C Major,4,6IfMKPhf1Qo8IZib5jOhWt,GBUM71107581
267,"I Can Talk","Two Door Cinema Club",163,8A,75,2026-03-02,02:57,59,"indie, indie rock","Tourist History",2010-02-17,47,0,16,68,10,50,-5,A Minor,4,6W7rf0mCRfcvz5RpRdwLfm,FRU700900083
268,"Undercover Martyn","Two Door Cinema Club",160,10A,86,2026-03-02,02:47,73,"indie, indie rock","Tourist History",2010-02-17,44,0,0,58,10,0,-5,B Minor,4,1JmRbZclLHgneDrpyA9e3X,FRU700900115
269,"What You Know","Two Door Cinema Club",139,11A,76,2026-03-02,03:11,80,"indie, indie rock","Tourist History",2010-02-17,56,0,0,81,0,0,-4,F#/G♭ Minor,4,4iZxeyibg6w4EFCOoAQ6Eh,FRU700900116
270,"Eat That Up, It's Good for You","Two Door Cinema Club",155,7B,89,2026-03-02,03:45,50,"indie, indie rock","Tourist History",2010-02-17,51,0,0,64,0,30,-5,F Major,4,00829N8kbRmuLpppY407Qb,FRU700900117
271,"Something Good Can Work","Two Door Cinema Club",120,8B,83,2026-03-02,02:44,65,"indie, indie rock","Tourist History",2010-02-17,65,1,0,68,0,10,-5,C Major,4,0zo5H2QWXCkarmPSK2KJvH,FRU700900101
272,"Trip Switch","Nothing But Thieves",88,3A,81,2026-03-02,03:01,54,"","Nothing But Thieves (Track by Track)",2015-10-09,65,2,1,77,0,0,-4,A#/B♭ Minor,4,13QI6bq0U8HMK7gUpAwFBK,GBARL1500806
273,"Bad Habit","The Kooks",123,5A,88,2026-03-02,03:41,62,"indie, indie rock","Listen",2014-01-01,73,5,0,85,0,10,-4,C Minor,4,3huV7eiNpaQlCB3LbZi9bB,GBUM71401804
274,"Lampshades on Fire","Modest Mouse",95,6A,91,2026-03-02,03:07,57,"indie rock, indie, alternative rock","Strangers to Ourselves",2015-03-13,66,16,0,79,0,10,-4,G Minor,4,5jJ69cMDMC0aeWPjZo6VP2,USSM11409701
275,"Get Some","Lykke Li",102,3A,88,2026-03-02,03:22,45,"","Wounded Rhymes",2011-00-00,57,1,1,61,0,30,-5,A#/B♭ Minor,4,5LbCx9z3eq83JVoJ74tnmt,SEVUM1000401
276,"I'm Good, I'm Gone","Lykke Li",120,9A,91,2026-03-02,03:09,46,"","Youth Novels",2008-06-06,84,5,1,90,0,10,-4,E Minor,4,2GjycBB2VHP4NSIzUrJkrE,SEVUM0800103
277,"Dance, Dance, Dance","Lykke Li",122,9B,68,2026-03-02,03:41,47,"","Youth Novels",2008-06-06,75,58,1,73,0,10,-7,G Major,4,68s9Rkn9dyuonMXZXkKvWo,SEVUM0700801
278,"sex money feelings die","Lykke Li",134,1A,53,2026-03-02,02:19,67,"","so sad so sexy",2018-06-08,79,32,0,63,0,0,-6,G#/A♭ Minor,4,0g4fzRkbLeCDUCoe5iUOcf,USRC11801750
279,"Crystals","Of Monsters and Men",132,8B,75,2026-03-02,04:03,64,"folk pop","Beneath The Skin",2015-06-05,58,0,0,33,0,10,-7,C Major,4,5wU6jk9kxYzFGUpeE6T2Q5,USUG11500395
280,"Habits (Stay High)","Tove Lo",110,7B,65,2026-03-02,03:29,80,"","Queen Of The Clouds",2014-01-01,73,7,0,35,0,0,-4,F Major,4,14OxJlLdcHNpgsm4DRwDOB,SE3NM1300101
281,"Talking Body","Tove Lo",120,9A,76,2026-03-02,03:58,73,"","Queen Of The Clouds",2014-09-24,74,10,0,11,0,0,-5,E Minor,4,2tpfxAXiI52znho4WE3XFA,SEUM71401533
282,"True Disaster","Tove Lo",97,3B,76,2026-03-02,03:24,52,"","Lady Wood",2016-10-28,61,5,0,34,0,10,-6,C♯/D♭ Major,4,6s7PleW93OfE3YnujL9yxw,SEUM71601583
283,"Cool Girl","Tove Lo",102,8A,69,2026-03-02,03:19,63,"","Lady Wood",2016-10-28,67,31,0,20,10,0,-7,A Minor,4,3tJ4y2Zqx6gM9xOAuFfsSF,SEUM71601198
284,"Lady Wood","Tove Lo",120,6A,60,2026-03-02,03:36,41,"","Lady Wood",2016-10-28,65,34,0,16,10,10,-8,G Minor,4,5cB9BlseQteklXaJjRtZti,SEUM71601636
285,"Stolen Dance","Milky Chance",114,1B,56,2026-03-02,05:13,78,"","Sadnecessary (Bonus Track Version)",2014-10-14,88,41,0,69,0,0,-9,B Major,4,0ZfByLXCeKchuj7zi1CJ0S,DEL211300741
286,"Flashed Junk Mind","Milky Chance",118,1B,83,2026-03-02,04:21,66,"","Sadnecessary (Bonus Track Version)",2014-10-14,84,36,5,91,0,10,-9,B Major,4,2UAWVtEwFLJqdJsT8FCzKX,DEL211300732
287,"Cocoon","Milky Chance",114,6B,66,2026-03-02,04:15,59,"","Blossom (Deluxe)",2017-03-17,74,10,0,80,0,0,-7,A#/B♭ Major,4,6acDlNeA06MCVCzsTVGr9V,DEVP21600001
288,"Colorado","Milky Chance",124,8A,74,2026-03-02,02:54,60,"","Trip Tape",2021-11-03,79,29,0,80,0,0,-7,A Minor,4,35iR1qzexmbcUSgA01S4gI,DEVP22100003
289,"Troubled Man","Milky Chance",124,2B,65,2026-03-02,02:35,45,"","Trip Tape II",2022-10-05,96,37,0,89,0,10,-7,F#/G♭ Major,4,0RtXNY1EREFz5sO94TIHM9,DEVP22200027
290,"Blossom","Milky Chance",120,12B,68,2026-03-02,04:14,49,"","Blossom (Deluxe)",2017-03-17,75,3,0,85,0,0,-7,E Major,4,3vmE845FU7PdYh4tuoWUU2,DEVP21600005
291,"Tainted Love","Milky Chance",114,8A,34,2026-03-02,02:59,59,"","Trip Tape",2021-11-03,84,54,37,41,10,10,-12,A Minor,4,1wAPbQ5XjbZqPl0WDl5mHH,DEVP22100004
292,"Love Lockdown","Glass Animals",120,1B,36,2026-03-02,02:41,50,"","Pools",2014-01-01,77,15,0,29,0,30,-10,B Major,4,0WYqT1IvPzmKNNzR8mgIQs,GB2DY1400073
293,"Secrets","OneRepublic",148,10B,76,2026-03-02,03:44,79,"soft pop","Waking Up",2009-01-01,52,7,0,38,0,10,-6,D Major,4,1NhPKVLsHhFUHIOZ32QnS2,USUM70985644
294,"Everybody Loves Me","OneRepublic",170,12B,91,2026-03-02,03:34,60,"soft pop","Waking Up",2009-01-01,58,2,0,66,0,50,-5,E Major,4,0Q0Vl9fKJF5MDxfVKbD78e,USUM70974275
295,"Made For You","OneRepublic",122,9B,56,2026-03-02,04:17,39,"soft pop","Waking Up",2009-01-01,64,14,2,40,0,10,-10,G Major,4,1uRQzm3P0nRGnSfnuzMTpq,USUM70999112
296,"All The Right Moves","OneRepublic",146,8B,95,2026-03-02,03:58,70,"soft pop","Waking Up",2009-01-01,53,26,0,65,0,20,-4,C Major,4,5XRHGXut00SrJUFmcn2lQF,USUM70984099
297,"Good Life","OneRepublic",95,2B,69,2026-03-02,04:13,76,"soft pop","Waking Up",2009-01-01,63,8,0,65,0,10,-8,F#/G♭ Major,4,6OtCIsQZ64Vs1EbzztvAv4,USUM70999110
298,"Marchin On","OneRepublic",123,1B,81,2026-03-02,04:11,55,"soft pop","Waking Up",2009-01-01,51,33,0,31,0,10,-9,B Major,4,4BUtvtGTRvJB49Hx2F7lle,USUM70905504
299,"Kangaroo Court","Capital Cities",100,4A,58,2026-03-02,03:43,69,"","In A Tidal Wave of Mystery",2013-06-04,76,1,0,98,0,0,-5,F Minor,4,3dY1DlC1nDUDtiIKaQ0Ynu,USCA21300187
300,"Go! (feat. Mai Lan)","M83,MAI LAN",91,6A,74,2026-03-02,03:55,48,"ballroom vogue","Junk",2016-04-08,50,0,4,21,0,0,-6,G Minor,4,09zN9QBOHe8795UVOvEtnt,GB55H1600002
301,"Technicolour Beat","Oh Wonder",130,4A,36,2026-03-02,03:00,59,"","Oh Wonder",2015-09-04,60,63,0,8,0,0,-10,F Minor,4,5pLpkaIRobcvPnUmclNv6o,GB9L31400017
302,"Unconsolable","X Ambassadors",151,11A,61,2026-03-02,03:36,41,"","Love Songs Drug Songs",2013-01-01,67,0,3,34,0,10,-8,F#/G♭ Minor,4,0jpoRHaMiyKNnCectzcXTv,USUM71304273
303,"Mount Everest","Labrinth",88,5A,43,2026-03-02,02:37,80,"","Imagination & the Misfit Kid",2019-11-22,49,24,7,44,20,0,-7,C Minor,4,1ZdhOMWyFR8Iv9eylMGYg2,GBHMU1800032
304,"Genius (feat. Sia, Diplo, and Labrinth)","Sia,Diplo,Labrinth,LSD",159,10A,62,2026-03-02,03:33,77,"moombahton, dance pop","LABRINTH, SIA & DIPLO PRESENT... LSD",2019-04-12,60,8,0,56,10,10,-5,B Minor,4,4xigPf2sigSPmuFH3qCelB,USQX91800798
305,"Over Now","Post Malone",164,9A,78,2026-03-02,04:06,68,"","beerbongs & bentleys",2018-04-27,57,14,0,18,0,10,-4,E Minor,4,09IOPhEh1OMe0HD9b36FJk,USUM71805169
306,"Hollywood's Bleeding","Post Malone",130,9A,65,2026-03-02,02:36,74,"","Hollywood's Bleeding",2019-09-06,41,33,0,17,0,10,-3,E Minor,4,7sWRlDoTDX8geTR8zzr2vt,USUM71915730
307,"Cooler Than Me","Mike Posner,Big Sean",129,6A,50,2026-03-02,03:45,64,"","A Matter Of Time",2009-02-28,84,15,0,79,10,10,-4,G Minor,4,2qE3sj3jXj44kbCIU7bkIn,QZANL1718483
308,"La La La","Naughty Boy,Sam Smith",125,11A,65,2026-03-02,03:42,67,"soft pop","Hotel Cabana (Deluxe Version)",2014-01-01,77,11,0,26,0,0,-5,F#/G♭ Minor,4,36pLU2ywVeBKEF0rrKtmCB,GBAAA1300148
309,"Lydia","Highly Suspect",128,11A,71,2026-03-02,04:02,68,"post-grunge","Mister Asylum",2015-07-17,42,1,0,51,0,40,-5,F#/G♭ Minor,4,7yoBjKO6cCnK3zV8gr1k4e,QMCE31500196
310,"Low Life","Crobot",76,2B,91,2026-03-02,03:36,48,"stoner rock","Motherbrain",2019-08-23,55,0,0,76,0,10,-5,F#/G♭ Major,4,3qsLiIMrQAq12sY3kWAoWm,NLB931902104
311,"hometown","cleopatrick",139,6A,83,2026-03-02,04:16,57,"","hometown",2017-10-25,32,0,0,36,0,0,-4,G Minor,4,6p8DGrcAUBuLUgDIKcUn0P,CAI371713378
312,"GREAT LAKES","cleopatrick",75,2B,79,2026-03-02,03:23,40,"","BUMMER",2021-06-04,45,0,0,52,0,30,-7,F#/G♭ Major,4,4ODBthPIrDroujDxRS7cWu,CAJXF2100017
313,"30","Badflower",135,11B,97,2026-03-02,03:46,51,"post-grunge","30",2020-07-17,55,0,0,37,10,0,-4,A Major,3,6nipZlJiUvI0I7lCf1Z7Li,USCJY2054091
314,"Wires","The Neighbourhood",73,6A,57,2026-03-02,03:13,60,"","I Love You. (10th Anniversary Edition)",2013-04-23,57,0,10,27,0,30,-6,G Minor,4,3aeJ1b9ayxl5mqUMGh5zhq,USSM11204648
315,"Teddy Picker","Arctic Monkeys",150,11B,97,2026-03-02,02:40,65,"indie, garage rock","Favourite Worst Nightmare (Standard Version)",2007-04-24,64,0,0,80,10,10,-3,A Major,4,4OkPamOn5GofkOQu64Z4eR,GBCEL0700064
316,"BURN IT DOWN","Linkin Park",110,8A,97,2026-03-02,03:50,82,"nu metal, rap metal, rock, alternative metal","LIVING THINGS",2012-06-19,59,1,0,59,0,0,-4,A Minor,4,7oVEtyuv9NBmnytsCIsY5I,USWB11200587
317,"Fences","Phoenix",113,7A,75,2026-03-02,03:44,61,"indie","Wolfgang Amadeus Phoenix",2009-05-25,59,8,0,50,0,30,-7,D Minor,4,4N7159SXtxwObOFhimCLGW,FR31Q0900003
318,"Doing It To Death","The Kills",133,11B,69,2026-03-02,04:07,51,"garage rock","Ash & Ice",2016-06-03,64,28,1,65,0,0,-8,A Major,4,2hDtkP0ge2Gckcj7qi2NQ2,GBCEL1600028
319,"Sinners","Barns Courtney",95,6A,86,2026-03-02,02:53,57,"","Sinners",2018-02-09,51,11,0,41,10,0,-5,G Minor,4,0eUgkunDciOOiao9Sjw3PW,GBUM71701363
320,"Cold Cold Cold","Cage The Elephant",136,7B,79,2026-03-02,03:34,70,"","Tell Me I'm Pretty",2015-12-18,55,2,0,72,0,0,-6,F Major,4,1Q3t9fWvHUXKsMmpD2XpUu,USRC11502825
321,"Smile Like You Mean It","The Killers",125,2A,97,2026-03-02,03:54,73,"alternative rock","Hot Fuss",2004-00-00,35,0,1,38,10,20,-4,D#/E♭ Minor,4,3KANrKOFYyAxfjQJHkgBdb,USIR20400275
322,"When You Were Young","The Killers",130,1B,99,2026-03-02,03:40,81,"alternative rock","Sam's Town",2006-09-27,47,0,5,32,10,20,-3,B Major,4,70wYA8oYHoMzhRRkARoMhU,USUM70605164
323,"Bones","The Killers",140,11B,90,2026-03-02,03:47,61,"alternative rock","Sam's Town",2006-09-27,47,0,12,57,0,0,-4,A Major,4,4shKoD4U0rsE6UDjyPEjyK,USUM70605407
324,"Tear in My Heart","Twenty One Pilots",120,10B,63,2026-03-02,03:08,77,"","Blurryface",2015-05-15,66,2,0,45,0,0,-5,D Major,4,3bnVBN67NBEzedqQuWrpP4,USAT21500390
325,"Social Cues","Cage The Elephant",132,11B,91,2026-03-02,03:39,69,"","Social Cues",2019-04-19,67,1,0,93,0,10,-3,A Major,4,1KuVdyg8d6NlRhbpHxg5UF,USRC11803824
326,"Hang Me Up To Dry","Cold War Kids",93,8A,92,2026-03-02,03:38,67,"","Robbers & Cowards",2007-05-11,51,2,0,65,0,50,-3,A Minor,4,3IXRdLsQib8m0hBbQpe7T8,USCJ80600045
327,"Supermassive Black Hole","Muse",120,9B,92,2026-03-02,03:32,84,"alternative rock, rock","Black Holes and Revelations",2006-06-28,67,5,1,78,0,0,-4,G Major,4,3lPr8ghNDBLc2uZovNyLs9,GBAHT0500593
328,"Lisztomania","Phoenix",98,8B,81,2026-03-02,04:01,74,"indie","Wolfgang Amadeus Phoenix",2009-05-25,64,4,1,27,0,50,-6,C Major,4,4esUVfYnFcCCVHntx9FQCb,FR31Q0900001
329,"Wish I Knew You","The Revivalists",101,5A,72,2026-03-02,04:34,74,"","Men Amongst Mountains",2015-07-15,65,14,7,72,0,10,-7,C Minor,4,2EWpa5XnAuSn0sIkSSIhYk,USWU31500062
330,"How You Like Me Now","The Heavy",110,8B,71,2026-03-02,03:37,66,"","The House That Dirt Built",2009-10-05,65,0,70,27,0,0,-5,C Major,4,7D180Q77XAEP7atBLmMTgK,GBCFB0901502
331,"Take Me Out","Franz Ferdinand",105,9A,66,2026-03-02,03:57,86,"indie rock","Franz Ferdinand",2004-02-16,28,0,0,53,0,10,-9,E Minor,4,20I8RduZC2PWMWTDCZuuAN,GBCEL0300192
332,"Starlight","Muse",122,12B,87,2026-03-02,04:00,79,"alternative rock, rock","Black Holes and Revelations",2006-06-28,55,0,0,32,0,20,-4,E Major,4,3skn2lauGk7Dx6bVIt5DVj,GBAHT0500592
333,"Run For Cover","The Killers",165,7B,95,2026-03-02,03:42,62,"alternative rock","Wonderful Wonderful",2017-09-22,47,0,0,50,10,30,-3,F Major,4,5NAiPIEzxAexFE3ucV18Q8,USUM71707343
334,"The Man","The Killers",106,11A,94,2026-03-02,04:10,69,"alternative rock","Wonderful Wonderful",2017-09-22,61,7,0,52,10,0,-3,F#/G♭ Minor,4,5aWhs651KYM26HYM16kRdk,USUM71705733
335,"We Fight","Dashboard Confessional",174,7B,89,2026-03-02,03:24,37,"emo, pop punk","Crooked Shadows",2018-02-09,51,1,0,55,0,0,-4,F Major,4,6hv6d8YnlBPuSnueUjxXny,USAT21704784
336,"Trust","Neon Trees",117,7B,73,2026-03-02,06:05,25,"","Picture Show",2012-01-01,43,0,4,19,0,20,-7,F Major,4,7x2anCGr4Y5jw245JR2xQ5,USUM71202865
337,"Close To You","Neon Trees",120,8A,81,2026-03-02,05:05,26,"","Picture Show",2012-01-01,61,2,9,31,0,10,-6,A Minor,4,0QGRhDnZtSUbaighbPENYW,USUM71202866
338,"Cool Kids","Echosmith",130,4B,79,2026-03-02,03:35,67,"","Talking Dreams",2013-10-01,69,9,0,76,0,10,-4,G#/A♭ Major,4,3eOeuofLjOgjOCs7eWuvZ0,USWB11401379
339,"Mountain at My Gates","Foals",104,7A,93,2026-03-02,04:04,71,"indie","What Went Down",2015-08-28,50,0,8,62,0,20,-5,D Minor,4,3f7OyfSoDbQC0LRDQiytPp,GBAHT1500380
340,"High","Sir Sly",123,10B,73,2026-03-02,03:51,60,"","Don't You Worry, Honey",2017-06-30,74,1,1,73,0,0,-6,D Major,4,17aDyX39gb1iV1ZWvD1ffE,USUM71701126
341,"&Run","Sir Sly",92,7B,66,2026-03-02,03:46,60,"","Don't You Worry, Honey",2017-06-30,76,2,0,48,0,10,-8,F Major,4,0w4m3Xp4svlIoyL94Zjlyd,USUM71704895
342,"Don't Panic","Coldplay",122,8B,61,2026-03-02,02:16,70,"","Parachutes",2000-07-10,60,21,1,45,0,10,-8,C Major,4,2QhURnm7mQDxBb5jWkbDug,GBAYE0000566
343,"It's A Trip!","Joywave",98,1A,72,2026-03-02,03:03,60,"","Content",2017-07-28,67,9,0,73,0,20,-5,G#/A♭ Minor,4,6IY3cC281mz9q0bViUEldz,USHR11737993
344,"Midnight City","M83",105,10A,71,2026-03-02,04:01,74,"","Hurry Up, We're Dreaming",2011-00-00,53,2,0,32,0,10,-7,B Minor,4,1eyzqe2QqGZUmfcPZtrIyt,GB55H1100002
345,"Jerk It Out","Caesars",134,1A,98,2026-03-02,03:15,76,"","Love For The Streets",2002-00-00,58,2,0,86,0,30,-3,G#/A♭ Minor,4,5XMjXjwCkJVmk0AHm7z8IV,SEVBU0200002
346,"My Favourite Game","The Cardigans",143,4A,78,2026-03-02,03:40,74,"swedish pop","Gran Turismo (Remastered)",1998-01-01,58,0,0,42,0,0,-6,F Minor,4,0Ui05Ov0s4PnRc4JI3Pilg,SEBKB9802010
347,"Here It Goes Again","OK Go",146,8B,88,2026-03-02,02:59,65,"","Oh No",2005-01-01,54,0,0,81,0,10,-2,C Major,4,1pHP4JeQV9wDx87D6qH9hD,USCA20500270
348,"Come with Me Now","KONGOS",104,3A,73,2026-03-02,03:31,70,"","Lunatic",2014-01-27,65,3,0,73,0,0,-4,A#/B♭ Minor,4,2kWowW0k4oFymhkr7LmvzO,USY741100002
349,"Take It From Me","KONGOS",173,10A,74,2026-03-02,03:10,51,"","Egomaniac",2016-06-10,56,6,0,76,10,30,-7,B Minor,4,1oxPrSHvcFiX9cqiQXCIHE,USSM11600937
350,"High Enough","K.Flay",89,8B,62,2026-03-02,03:51,62,"","Every Where Is Some Where",2017-04-07,37,3,10,51,0,10,-5,C Major,4,1D9HQactbJoUudf9B119Y5,USUM71701789
351,"Giver","K.Flay",176,4A,61,2026-03-02,03:34,56,"","Every Where Is Some Where",2017-04-07,49,0,1,57,0,0,-4,F Minor,4,5f8z7Cp7CY9T54Cnq1YVlh,USUM71701785
352,"Blood In The Cut","K.Flay",130,10B,66,2026-03-02,03:08,61,"","Every Where Is Some Where",2017-04-07,77,12,2,64,0,10,-5,D Major,4,4q604hQba5940BbOoaenmz,USUM71607030
353,"Dashboard","Modest Mouse",136,10A,90,2026-03-02,04:06,63,"indie rock, indie, alternative rock","We Were Dead Before The Ship Even Sank",2007-03-20,64,1,0,96,0,10,-5,B Minor,4,0Fe3WxeO6lZZxj7ytvbDUh,USSM10700153
354,"Mouthful of Diamonds","Phantogram",100,8B,82,2026-03-02,04:13,64,"","Eyelid Movies",2010-00-00,61,14,82,22,0,10,-5,C Major,4,6zO0e11RCBnh1w8kjPZpIh,USBS50931057
355,"Don't Move","Phantogram",100,4A,64,2026-03-02,04:18,63,"","Nightlife",2011-00-00,56,0,1,47,0,20,-5,F Minor,4,1BeNZQORyV0jEF2toAmrsA,USBS51131293
356,"Sleepyhead","Passion Pit",106,4B,72,2026-03-02,02:54,78,"indie","Manners",2009-00-00,57,9,0,54,0,20,-5,G#/A♭ Major,4,4prEPl61C8qZpeo3IkYSMl,USSM10901014
357,"Deadcrush","alt-J",143,8A,62,2026-03-02,03:51,54,"indie, indie rock","RELAXER",2017-06-02,65,10,48,60,0,10,-7,A Minor,4,7gn0MfkV4ZuMkqbPlmhIlx,GB5KW1700460
358,"Semi-Charmed Life","Third Eye Blind",102,9B,86,2026-03-02,04:28,84,"","Third Eye Blind",1997-04-08,64,1,0,70,0,10,-7,G Major,4,42et6fnHCw1HIPSrdPprMl,USEE19701203
359,"Jumper - 1998 Edit","Third Eye Blind",91,8B,54,2026-03-02,04:32,73,"","Third Eye Blind",1997-04-08,60,1,0,62,0,20,-9,C Major,4,3354J49VpkbZJho7Ztdzpw,USEE19800179
360,"How's It Going to Be","Third Eye Blind",80,7B,59,2026-03-02,04:13,74,"","Third Eye Blind",1997-04-08,56,0,0,57,0,10,-9,F Major,4,3Uvx1TO0Kg5HgGPk58lHXv,USEE19701206
361,"Luna - 2011 Remaster","The Smashing Pumpkins",126,11B,27,2026-03-02,03:22,71,"alternative rock, rock","Siamese Dream (Deluxe Edition)",1993-00-00,57,1,79,11,0,10,-14,A Major,4,5Q6Xzp25aXYxNJ4B6vBkcf,USVI21100158
362,"Hush","The Marías",93,4A,43,2026-03-02,03:01,71,"bedroom pop","CINEMA",2021-06-25,85,7,18,68,0,0,-7,F Minor,4,4zXZ5Mq2L6jnsOsTssgRh8,USAT22100692
363,"crushcrushcrush","Paramore",137,12A,79,2026-03-02,03:09,71,"pop punk, emo","Riot!",2007-06-12,63,0,0,65,0,10,-4,C♯/D♭ Minor,4,3VA4sjTMSTTF02hFGmlpJh,USAT20702606
364,"Still into You","Paramore",136,7B,92,2026-03-02,03:36,84,"pop punk, emo","Paramore",2013-04-05,60,1,0,77,0,0,-4,F Major,4,1yjY7rpaAQvKwpdUliHx0d,USAT21300012
365,"Misery Business","Paramore",173,3B,91,2026-03-02,03:31,79,"pop punk, emo","Riot!",2007-06-12,52,0,0,73,0,10,-4,C♯/D♭ Major,4,6SpLc7EXZIPpy0sVko0aoU,USAT20702617
366,"All I Wanted","Paramore",144,11A,72,2026-03-02,03:45,82,"pop punk, emo","Brand New Eyes",2009-09-25,49,2,3,15,0,10,-5,F#/G♭ Minor,4,1Bv3h7Vc4AaYA2BcSM3rVd,USAT20902328
367,"Fake Happy","Paramore",99,9B,63,2026-03-02,03:55,61,"pop punk, emo","After Laughter",2017-05-12,73,8,0,44,0,10,-6,G Major,4,6t44iU80A0h8WQ7vc4OoRj,USAT21700953
368,"Heart-Shaped Box","Nirvana",203,3B,64,2026-03-02,04:41,83,"grunge, rock","In Utero (Deluxe Edition)",1993-09-21,26,20,3,38,0,0,-10,C♯/D♭ Major,4,11LmqTE2naFULdEP94AUBa,USGF19960703
369,"Seven Nation Army","The White Stripes",124,9A,45,2026-03-02,03:52,86,"garage rock, blues rock, rock, alternative rock","Elephant",2003-04-01,74,0,12,28,0,30,-8,E Minor,4,3dPQuX8Gs42Y7b454ybpMR,USVT10300001
370,"Personal Jesus","Depeche Mode",130,1B,74,2026-03-02,04:55,69,"new wave, synthpop, darkwave","Violator (Deluxe)",1990-03-19,68,14,21,36,0,10,-8,B Major,4,2wUlYDGGXlSvm2NkGj0Qio,GBAJH0600289
371,"Blue Monday","New Order",130,8B,65,2026-03-02,07:29,76,"new wave, synthpop, post-punk, madchester","Substance",1987-08-17,76,0,86,94,0,10,-13,C Major,4,6hHc7Pks7wtBIW8Z6A0iFq,GBAAP0001115
372,"Closer","Tegan and Sara",137,8B,75,2026-03-02,03:30,60,"","Heartthrob",2013-00-00,59,0,0,52,0,30,-8,C Major,4,4dTVgHZFPlaq9nPbLVVLSG,USWB11202179
373,"I Couldn't Be Your Friend","Tegan and Sara",135,7B,79,2026-03-02,04:19,45,"","Heartthrob",2013-00-00,68,0,0,51,0,30,-7,F Major,4,45Hj3rpjcoWeKvwBAcqTqk,USWB11203032
374,"Miracle Mile","Cold War Kids",143,10B,87,2026-03-02,03:00,58,"","Dear Miss Lonelyhearts",2013-01-01,36,1,55,30,0,30,-3,D Major,4,4RvmQ5qbP5PxgJD0BN4EZK,USCJ81200925
375,"Tainted Love","Soft Cell",144,6A,45,2026-03-02,02:33,68,"synthpop, new wave","Non-Stop Erotic Cabaret",1981-00-00,54,56,0,63,0,50,-10,G Minor,4,58E1XVmZTODC67YNjneuXM,GBF088100017
376,"Ruby","Kaiser Chiefs",93,4A,94,2026-03-02,03:24,62,"britpop","Yours Truly, Angry Mob",2007-01-01,45,1,0,44,0,0,-3,F Minor,4,2fAIfPLrPUTW1AmJRR428Q,GBDVX0600080
377,"Slide","The Goo Goo Dolls",112,4B,84,2026-03-02,03:32,78,"","Dizzy up the Girl",1998-00-00,40,0,0,48,0,0,-4,G#/A♭ Major,4,0nnwn7LWHCAu09jfuH1xTA,USWB19800781
378,"No Good","KALEO",109,11B,93,2026-03-02,03:54,70,"","A/B",2016-06-10,38,2,0,58,10,10,-4,A Major,4,0Tr5G2mE56eLUGvCaXRM8I,USAT21601267
379,"Way down We Go","KALEO",163,3A,51,2026-03-02,03:33,84,"","A/B",2016-06-10,49,58,0,34,10,10,-8,A#/B♭ Minor,4,0y1QJc3SJVPKJ1OvFmFqe6,USAT21502122
380,"Desire","MEG MYERS",132,9B,61,2026-03-02,04:44,64,"","Sorry",2015-09-18,62,0,9,17,0,10,-5,G Major,4,3kG6GPkDkV2RQTm9QdYN9Z,USAT21302617
381,"Monster","MEG MYERS",103,7B,38,2026-03-02,03:48,44,"","Daughter in the Choir",2013-04-19,65,7,0,17,0,10,-7,F Major,4,44XXnLW9z7YZXSHIUVj4cO,USAT21301042
382,"Sorry","MEG MYERS",149,10B,60,2026-03-02,03:56,43,"","Sorry",2015-09-18,52,1,0,17,0,10,-6,D Major,4,00dgK4Nln0AJQvI66SLRDb,USAT21500159
383,"Lemon Eyes","MEG MYERS",140,8B,57,2026-03-02,03:39,44,"","Sorry",2015-09-18,78,37,0,65,0,40,-8,C Major,4,5sjEQjDkEYOr1RB6n5acXD,USAT21502057
384,"Numb","MEG MYERS",82,7B,69,2026-03-02,04:22,43,"","Take Me To The Disco",2018-07-20,51,1,0,29,0,10,-3,F Major,4,3XMyREykeptNpvd0tE75xw,QMCE31801717
385,"Take Me To The Disco","MEG MYERS",87,5A,56,2026-03-02,03:53,26,"","Take Me To The Disco",2018-07-20,48,50,0,20,0,10,-7,C Minor,4,6s3aITK4gMINveYvaD7qxs,QMCE31801716
386,"Tourniquet","MEG MYERS",105,8A,75,2026-03-02,04:23,27,"","Take Me To The Disco",2018-07-20,46,4,2,22,0,20,-5,A Minor,4,520goNMASTZp31CQCcSvwR,QMCE31801718
387,"Jealous Sea","MEG MYERS",79,11A,64,2026-03-02,04:41,41,"","Take Me To The Disco",2018-07-20,53,16,1,20,0,10,-6,F#/G♭ Minor,4,22MuigRpnwPjbAtUSTexb8,QMCE31801720
388,"The Death Of Me","MEG MYERS",140,4B,87,2026-03-02,04:14,33,"","Take Me To The Disco",2018-07-20,56,13,0,41,0,0,-4,G#/A♭ Major,4,2UdCAgl9eX9VevTzo4Rbyn,QMCE31801721
389,"Tear Me To Pieces","MEG MYERS",152,8A,64,2026-03-02,03:26,36,"","Take Me To The Disco",2018-07-20,46,3,0,33,0,10,-3,A Minor,4,0X8qBbOo055El8ba1FRkIL,QMCE31801719
390,"Heart Heart Head","MEG MYERS",125,1A,29,2026-03-02,04:11,37,"","Make a Shadow",2014-02-07,54,51,0,14,0,10,-8,G#/A♭ Minor,4,0ft93Dt7MUQpjqLbVEBN59,USAT21300763
391,"Wait a Minute!","WILLOW",101,2A,71,2026-03-02,03:16,86,"","ARDIPITHECUS",2015-01-11,76,4,0,67,0,0,-5,D#/E♭ Minor,4,0y60itmpH0aPKsFiGxmtnh,QMJMT1500801
392,"Gasoline","Halsey",120,3A,58,2026-03-02,03:19,75,"","BADLANDS (Deluxe)",2015-08-28,73,22,0,32,0,10,-7,A#/B♭ Minor,4,2IO7yf562c1zLzpanal1DT,USUM71507634
393,"Control","Halsey",120,9A,68,2026-03-02,03:34,71,"","BADLANDS (Deluxe)",2015-08-28,55,40,0,21,0,10,-6,E Minor,4,3SKzTIl9mW0DadTys9SFo3,USUM71507636
394,"I am not a woman, I'm a god","Halsey",180,11A,70,2026-03-02,02:56,45,"","If I Can’t Have Love, I Want Power (Deluxe)",2021-08-27,52,0,5,52,0,0,-7,F#/G♭ Minor,4,20MWkJVeqKnWf0rGFJJqRY,USUM72106132
395,"Don't Speak","No Doubt",76,4A,71,2026-03-02,04:23,83,"","Tragic Kingdom",1995-10-10,52,25,0,54,0,10,-7,F Minor,4,6urCAbunOQI4bLhmGpX7iS,USIR19500279
396,"It's My Life","No Doubt",126,1A,75,2026-03-02,03:45,65,"","The Singles Collection",2003-01-01,61,0,0,77,0,30,-5,G#/A♭ Minor,4,2fOxxLz9JVe53itq6pfBak,USIR10312339
397,"Push And Shove","No Doubt,Busy Signal,Major Lazer",123,4A,90,2026-03-02,05:06,44,"dancehall, reggae, lovers rock, ragga, riddim, soca, roots reggae, moombahton","Push And Shove",2012-01-01,58,5,0,51,10,0,-4,F Minor,4,1fvGs20dhb5eyiAurPO75y,USUM71209064
398,"Undercover","No Doubt",136,12A,82,2026-03-02,03:31,31,"","Push And Shove",2012-01-01,50,0,0,51,0,30,-4,C♯/D♭ Minor,4,2Cp5exQvEWphydFc11pxO6,USUM71209067
399,"Rhythm Of Love","Danity Kane",128,8B,68,2026-03-02,03:36,25,"","DK3",2014-10-27,69,3,0,66,20,40,-6,C Major,4,6zajnNcHhrRd833CT2LIeB,QMRSZ1401435
400,"I Feel Like I'm Drowning","Two Feet",105,4B,58,2026-03-02,03:05,77,"","A 20 Something Fuck",2018-10-05,72,71,0,24,0,0,-5,G#/A♭ Major,3,3aauaXWRgwCMoykMbI0Jq1,USUM71709320
401,"Bloodstream","Stateless",140,11A,46,2026-03-02,05:13,55,"","Stateless",2007-06-25,70,36,0,35,0,0,-7,F#/G♭ Minor,4,5I2UElY0XPnPhQhBTxBcq3,DEG930700611
402,"3 Nights","Dominic Fike",152,6A,52,2026-03-02,02:57,82,"","Don't Forget About Me, Demos",2018-10-16,82,22,0,88,0,10,-7,G Minor,4,0uI7yAKUf52Cn7y3sYyjiX,USQX91802455
403,"King of Everything","Dominic Fike",167,7B,47,2026-03-02,03:14,66,"","Don't Forget About Me, Demos",2018-10-16,64,78,6,57,0,10,-8,F Major,4,0lO1yt6M1l1OAs80M3vEfM,USQX91802460
404,"Wolves Without Teeth","Of Monsters and Men",136,10A,72,2026-03-02,03:52,58,"folk pop","Beneath The Skin",2015-06-05,36,0,0,44,0,30,-6,B Minor,5,1bhpub6BolgKXDD7iMkYTZ,USUG11500398
405,"Bros","Wolf Alice",126,12B,92,2026-03-02,03:44,52,"indie","My Love Is Cool",2015-06-22,58,0,46,22,0,20,-8,E Major,4,6NunWZuZ6g9KipJ9Q5Vck7,GBK3W1000336
406,"Where Have You Been?","Manchester Orchestra",136,12B,42,2026-03-02,06:16,38,"","I'm Like a Virgin Losing a Child",2006-01-01,69,21,1,21,0,10,-8,E Major,4,7LXVDbbx0NY6zJZbdUUaVx,USTC10665307
407,"Cursive (feat. Manchester Orchestra)","Matt Maeson,Manchester Orchestra",142,10B,52,2026-03-02,03:47,54,"","A Quiet and Harmless Living",2025-09-12,55,35,0,31,0,10,-8,D Major,3,2RJnW5OLYkMUcxn9Hv8XIg,USAT22504336
408,"Halfway To Whole","Matt Maeson",79,11B,27,2026-03-02,04:00,51,"","A Quiet and Harmless Living",2025-09-12,32,67,0,17,0,10,-9,A Major,4,56cbfdfhxP3wfUmdjeD6jY,USAT22504338
409,"Downstairs","Matt Maeson",137,2B,49,2026-03-02,03:36,59,"","A Quiet and Harmless Living",2025-09-12,65,22,0,25,0,10,-8,F#/G♭ Major,4,5NOKqfyuSU3e1sqvildQmM,USAT22504166
410,"Backseat","Balu Brigada",126,3B,81,2026-03-02,06:23,75,"","Portal",2025-08-29,35,0,0,22,10,60,-5,C♯/D♭ Major,4,7j6PWLaubVavCLE4peea8S,AUWA02500140
411,"NOTHING ON THE LINE","George Barnett",95,9A,82,2026-03-02,03:24,56,"","NOTHING ON THE LINE",2022-06-03,60,0,0,84,0,30,-3,E Minor,4,1LMof9xi1Hf88UeeW9JSbL,QZ8GX1701511
412,"Love Is Mystical","Cold War Kids",106,6A,86,2026-03-02,03:34,60,"","LA DIVINE",2017-04-07,57,0,0,72,0,20,-5,G Minor,4,12pdXFcruNcPUbZypKUDgz,USUG11700005
413,"Skin and Bones","Cage The Elephant",160,8A,79,2026-03-02,03:16,59,"","Social Cues",2019-04-19,54,1,0,36,0,20,-3,A Minor,4,6ubPFMzlIg73d1jzzWcC8B,USRC11803827
414,"Drop The Game","Flume,Chet Faker",79,9B,67,2026-03-02,03:41,68,"future bass, ","Lockjaw",2013-11-22,56,59,0,43,0,10,-5,G Major,4,3wFFW1B6WAmAFGOwdEOOZR,AUFF01300488
415,"Supercut","Lorde",125,8B,44,2026-03-02,04:37,79,"","Melodrama",2017-06-16,56,22,0,15,0,0,-10,C Major,4,6K8VQ84MqhsoakN5MjrnVR,NZUM71700072
416,"Walkin' On The Sun","Smash Mouth",123,2B,97,2026-03-02,03:27,73,"","Fush Yu Mang (20th Anniversary Edition)",1997-07-08,75,35,0,97,0,10,-6,F#/G♭ Major,4,4TQeNHx85xcP9YRkvJC6K1,USIR19701434
417,"Tidal Wave","Portugal. The Man",80,4B,74,2026-03-02,03:31,59,"","Woodstock",2017-06-16,55,1,1,40,0,0,-4,G#/A♭ Major,4,384TqRlwlMfeUAODhXfF3O,USAT21700822
418,"Drive","Incubus",91,9A,79,2026-03-02,03:52,82,"nu metal, funk rock, alternative metal, alternative rock","Make Yourself",1999-10-26,65,6,1,67,0,10,-7,E Minor,4,7nnWIPM5hwE3DaUBkvOIpy,USSM19911007
419,"Don't Wanna Fight","Alabama Shakes",100,3A,92,2026-03-02,03:52,58,"","Sound & Color",2015-04-21,61,26,11,55,10,10,-3,A#/B♭ Minor,4,6q0lIjDSuZDhrg9GC9yUQO,USATO1400851
420,"Everlasting Light","The Black Keys",181,12B,58,2026-03-02,03:23,60,"blues rock, garage rock, modern blues, rock","Brothers",2010-05-18,64,13,1,73,0,30,-7,E Major,4,6dU5RxthbuaN31bRbEDlNw,USNO11000076
421,"The Way We Get By","Spoon",75,7B,68,2026-03-02,02:39,54,"indie rock, indie","Kill the Moonlight",2002-08-20,73,25,0,53,0,10,-4,F Major,4,2k6TManBkFAweRUCH6jYny,USMRG0340037
422,"Feel It Still","Portugal. The Man",79,12A,80,2026-03-02,02:43,84,"","Woodstock",2017-06-16,80,4,0,75,0,0,-5,C♯/D♭ Minor,4,6QgjcU0zLnzq5OrUoSZ3OK,USAT21700437
423,"Extreme Ways","Moby",100,8A,78,2026-03-02,03:57,59,"downtempo, trip hop","18 & 18 B-Sides",2002-00-00,51,0,0,55,0,10,-8,A Minor,4,5dcUUklOiH01fVEH5pmWRs,GBAJH0200051
424,"12 to 12","sombr",124,10A,90,2026-03-02,04:02,91,"","I Barely Know Her",2025-08-22,66,1,0,51,0,10,-3,B Minor,4,05od2qm2MTSKCHxy1GBp5W,USWB12502453
425,"we never dated","sombr",104,2B,87,2026-03-02,03:16,81,"","I Barely Know Her",2025-08-22,59,14,0,97,0,10,-5,F#/G♭ Major,4,0t1fdMrn7JOg9DDsT95bxt,USWB12501938
426,"Wet Dream","Wet Leg",130,10B,70,2026-03-02,02:20,71,"indie rock, indie","Wet Leg",2022-04-08,72,0,3,89,0,20,-6,D Major,3,260Ub1Yuj4CobdISTOBvM9,GBCEL2100487
427,"THE RIDE","Omido,Kae",145,1A,64,2026-03-02,02:35,64,"dark r&b","THE RIDE",2024-05-02,50,7,0,27,0,30,-6,G#/A♭ Minor,3,56UsK8ziDSA2SrD7hPtApH,QZPEW2423714
428,"Keep It Down","Migrant Motel",88,3B,57,2026-03-02,02:44,48,"","Keep It Down",2019-10-18,67,2,0,50,0,0,-6,C♯/D♭ Major,4,2X08vXJHBRCXsQyFdaQGPT,QZHZ31967737
429,"Freak Like Me","NoMBe",96,3B,57,2026-03-02,02:56,54,"","They Might've Even Loved Me",2018-03-23,69,3,0,46,0,40,-6,C♯/D♭ Major,4,6ruM3vVChkDA165VFgidhF,TCACZ1718380
430,"puppy","Sam Short",87,11A,77,2026-03-02,02:43,49,"pop singer-songwriter","puppy",2024-10-25,63,1,0,66,10,20,-4,F#/G♭ Minor,4,465WMnAsGX9twpLm90QgWO,QZJ842403352
431,"Apartment","BOBI ANDONOV",107,5A,65,2026-03-02,03:42,50,"","Apartment",2017-10-20,53,4,0,19,0,0,-6,C Minor,4,51nagRIITUODE4hBxadytm,USHR11738218
432,"Heaven Knows","The Pretty Reckless",84,10B,82,2026-03-02,03:44,63,"","Going To Hell (Deluxe Edition)",2014-03-18,54,8,0,58,0,20,-4,D Major,4,04w73SmPfQkkmEpKbcrHOL,USRZR1353301
433,"Body Talks","The Struts",186,1A,86,2026-03-02,02:58,58,"glam rock","YOUNG&DANGEROUS",2018-10-19,37,0,0,65,20,30,-3,G#/A♭ Minor,4,6spaGIZEfeDYlgAupMI34k,USUM71807300
434,"Two Princes","Spin Doctors",104,9B,91,2026-03-02,04:16,74,"","Pocket Full Of Kryptonite (Anniversary Edition)",1991-00-00,54,0,0,83,0,0,-11,G Major,4,0cuq829zRNq4AEdmDJA4aw,USSM19000350
435,"Rebel Yell","Billy Idol",166,9A,86,2026-03-02,04:48,79,"","Rebel Yell",1983-11-01,53,0,0,49,0,30,-5,E Minor,4,4TIJ7zSBNejpoIPaWpWRKc,USCH38400024
436,"White Wedding - Pt. 1","Billy Idol",147,11B,81,2026-03-02,04:12,75,"","Billy Idol",1982-01-01,67,1,0,73,0,30,-5,A Major,4,1gzIbdFnGJ226LTl0Cn2SX,USCH30100008
437,"The Stroke - Remastered 2010","Billy Squier",91,9B,59,2026-03-02,03:37,70,"classic rock, aor","Don't Say No (Remastered 2010)",1981-00-00,67,62,0,80,0,30,-6,G Major,4,52KvuGmgcgRdrLMXOtda0E,USCA21001203
438,"Talking In Your Sleep (2023 Remaster)","The Romantics",130,8A,93,2026-03-02,03:56,72,"power pop","In Heat (2023 Remaster)",1983-02-14,70,0,0,97,0,0,-5,A Minor,4,7fRvtXvJMpGfTLdF0M09a1,USSM18300249
439,"The Wild Boys","Duran Duran",116,10A,84,2026-03-02,04:17,43,"new wave, synthpop","Decade",1989-11-20,74,41,0,59,0,10,-8,B Minor,4,5qeLeyIWCPe1FpdJLQTUDW,GBAYE8400060
440,"I Hate Myself for Loving You","Joan Jett & the Blackhearts",118,11B,88,2026-03-02,04:06,66,"rock","Up Your Alley",1988-05-23,61,8,0,61,0,10,-11,A Major,4,2HXixVqzzm9rEUIMAWzshl,USSM10021818
441,"I Don't Care Anymore - 2016 Remaster","Phil Collins",140,1B,42,2026-03-02,05:05,62,"soft rock","Hello, I Must Be Going! (Deluxe Edition)",1982-11-05,70,19,0,44,0,0,-8,B Major,4,24IdPCimVnJJDRuB5YSDiS,USRH11509311
442,"Heartbreaker","Pat Benatar",156,4A,59,2026-03-02,03:29,67,"aor","In The Heat Of The Night",1979-01-01,46,28,0,88,0,0,-11,F Minor,4,22ML0MuFKfw16WejbxsLOy,USCH38400033
443,"Hit Me With Your Best Shot","Pat Benatar",127,12B,58,2026-03-02,02:51,73,"aor","Crimes Of Passion",1980-08-05,74,12,0,94,0,20,-9,E Major,4,0vOkmmJEtjuFZDzrQSFzEE,USCH38400009
444,"Wuthering Heights","Pat Benatar",128,11B,38,2026-03-02,04:29,41,"aor","Crimes Of Passion",1980-08-05,63,22,0,31,0,10,-12,A Major,4,5qEzneq8mLbYur4YWvNHpw,USCH38400015
445,"How to Be a Heartbreaker","MARINA",140,10A,90,2026-03-02,03:41,72,"","Electra Heart (Deluxe)",2012-04-27,69,1,0,85,0,10,-5,B Minor,4,2sEk5R8ErGIFxbZ7rX6S2S,GBFFS1200077
446,"Bubblegum Bitch","MARINA",158,5A,86,2026-03-02,02:34,81,"","Electra Heart (Deluxe)",2012-04-27,50,0,0,61,0,10,-5,C Minor,4,6IbnUaczZBT34DhaD6S18F,GBFFS1200008
447,"Are You Satisfied?","MARINA",124,8B,73,2026-03-02,03:21,66,"","The Family Jewels",2009-07-15,67,32,0,80,0,0,-5,C Major,4,411Hvulc0PrGQLOHljTYed,GBFFS0900114
448,"I Am Not a Robot","MARINA",120,10B,49,2026-03-02,03:35,53,"","The Family Jewels",2009-07-15,67,57,0,49,0,10,-5,D Major,4,0fiPpwBPIaxxydn4KzX9Tc,GBFFS0900122
449,"Obsessions","MARINA",105,8A,63,2026-03-02,03:38,41,"","The Family Jewels",2009-07-15,73,67,0,48,0,0,-7,A Minor,4,50e8ksucu6yo0cYF47xCC9,GBFFS0800161
450,"Mowgli's Road","MARINA",146,3A,81,2026-03-02,03:12,46,"","The Family Jewels",2009-07-15,62,1,0,66,0,30,-7,A#/B♭ Minor,4,7GSt1wQIumbnBcx3Fc6oxS,GBFFS0900113
451,"Oh No!","MARINA",127,8B,90,2026-03-02,03:02,73,"","The Family Jewels",2009-07-15,77,5,0,96,0,20,-4,C Major,4,4sNwdacKyi2S26WrRtNama,GBFFS0900127
452,"Down","Marian Hill,Big Sean",115,7B,36,2026-03-02,03:17,42,"","ACT ONE (The Complete Collection)",2016-06-20,68,45,0,11,10,10,-15,F Major,5,0Ur3MkuypsbtszAJyihCFT,USUM71703673
453,"One Time","Marian Hill",160,8A,24,2026-03-02,03:37,53,"","Sway",2015-02-17,84,29,0,52,40,10,-12,A Minor,4,1Z4UKak2eNteHFZkwiYPNz,TCABU1440576
454,"Lips","Marian Hill",89,9A,33,2026-03-02,03:18,43,"","Sway",2015-02-17,82,55,0,66,20,10,-12,E Minor,4,2MHdIP9qDvpHDsJfIXp0j6,TCACA1468580
455,"Hypnotic","Zella Day",81,11A,72,2026-03-02,02:56,62,"","Kicker",2015-01-01,64,12,0,41,0,30,-5,F#/G♭ Minor,4,2zsWRxMcUdGjj8TnWkVKw0,USHR11435940
456,"Loud(y)","Lewis Del Mar",140,8A,59,2026-03-02,04:09,44,"","Lewis Del Mar",2016-10-07,72,30,0,48,0,0,-7,A Minor,4,5DOadSIDaKFwUPcbcbDv5J,USSM11509018
457,"Put the Gun Down","ZZ Ward",105,8B,72,2026-03-02,02:49,50,"","Til the Casket Drops",2012-01-01,76,3,16,85,0,20,-5,C Major,4,63tqSZIWPIbNCcOb9A2gHY,USHR11233636
458,"Move Like U Stole It","ZZ Ward",118,4B,72,2026-03-02,03:18,43,"","Til the Casket Drops",2012-01-01,86,4,0,55,0,10,-4,G#/A♭ Major,4,4CweTlvTQyGt8T2vrt149a,USHR11233635
459,"I Hate Everything About You","Three Days Grace",89,11A,83,2026-03-02,03:51,84,"post-grunge, rock","Three Days Grace",2003-04-19,50,0,0,45,0,10,-5,F#/G♭ Minor,4,0M955bMOoilikPXwKLYpoi,USJI10300075
460,"Animal I Have Become","Three Days Grace",122,4B,85,2026-03-02,03:51,83,"post-grunge, rock","One-X",2006-06-25,55,0,0,51,0,10,-4,G#/A♭ Major,4,56sk7jBpZV0CD31G9hEU3b,USJI10600117
461,"Pain","Three Days Grace",161,9B,74,2026-03-02,03:22,73,"post-grunge, rock","One-X",2006-06-25,42,1,0,29,0,20,-4,G Major,4,5PZ2cqh9Yem2g6cTSOLllz,USJI10600159
462,"Never Too Late","Three Days Grace",150,7A,78,2026-03-02,03:29,77,"post-grunge, rock","One-X",2006-06-25,43,1,0,22,0,10,-5,D Minor,4,3HE50TVRquwXe9yv2HFoNL,USJI10600166
463,"All Apologies","Nirvana",113,3B,63,2026-03-02,03:53,77,"grunge, rock","In Utero",1993-09-21,45,8,0,36,0,0,-12,C♯/D♭ Major,4,1Ic9pKxGSJGM0LKeqf6lGe,USGF19960712
464,"Dumb","Nirvana",114,2B,40,2026-03-02,02:31,74,"grunge, rock","In Utero",1993-09-21,70,43,65,88,0,10,-14,F#/G♭ Major,4,5gRcv46AMTrosmTOqrOV3Q,USGF19960706
465,"Smile","Lily Allen",96,7B,64,2026-03-02,03:16,71,"","Alright, Still (Bonus Track Version)",2006-07-14,63,0,0,73,0,20,-6,F Major,4,4aR9bPMAOFySBuQSbVWF3d,GBAYE0600634
466,"Say It Right","Nelly Furtado",117,3B,87,2026-03-02,03:43,85,"","Loose",2006-01-01,87,5,0,81,10,0,-6,C♯/D♭ Major,4,2aI21FnmY7TJVKeMaoQZ0t,USUM70603368
467,"Novocaine","The Unlikely Candidates",116,7A,76,2026-03-02,04:04,53,"","Panther Island",2022-05-20,66,0,0,31,0,0,-9,D Minor,4,2DKMINA8asTPUJz8Qu2CGK,USQX91900509
468,"my strange addiction","Billie Eilish",100,1A,31,2026-03-02,02:59,76,"","WHEN WE ALL FALL ASLEEP, WHERE DO WE GO?",2019-03-29,94,35,0,56,30,10,-11,G#/A♭ Minor,4,3Tc57t9l2O8FwQZtQOvPXK,USUM71900769
469,"all the good girls go to hell","Billie Eilish",185,1A,44,2026-03-02,02:48,74,"","WHEN WE ALL FALL ASLEEP, WHERE DO WE GO?",2019-03-29,73,28,14,57,30,10,-9,G#/A♭ Minor,4,6IRdLKIyS4p7XNiP8r6rsx,USUM71900766
470,"you should see me in a crown","Billie Eilish",150,12B,53,2026-03-02,03:00,77,"","WHEN WE ALL FALL ASLEEP, WHERE DO WE GO?",2019-03-29,68,46,22,32,10,10,-10,E Major,4,3XF5xLJHOQQRbWya6hBp7d,USUM71810049
471,"Shh","Frou Frou",131,11A,80,2026-03-02,05:34,40,"","Details",2002-01-01,65,64,69,34,0,10,-9,F#/G♭ Minor,4,0jXRQSoOA01VTmrVIDbhtm,GBAAN0200022
472,"Hear Me Out","Frou Frou",180,4B,72,2026-03-02,04:19,44,"","Details",2002-01-01,52,16,0,66,0,0,-8,G#/A♭ Major,4,4Wyp4VYTjsz3ttbtR0kLIL,GBAAN0200023
473,"First Train Home","Imogen Heap",100,2B,52,2026-03-02,04:13,39,"","Ellipse (Deluxe Version)",2009-08-24,68,59,0,47,0,10,-10,F#/G♭ Major,4,4ilh70ufpt5Y7ERG4hzoro,GBJPX0900064
474,"Just for Now","Imogen Heap",150,5B,38,2026-03-02,03:00,70,"","Speak for Yourself (Deluxe Version)",2005-00-00,45,82,0,47,0,10,-9,D#/E♭ Major,4,64kEBCPbeV06af3omyh1Ju,GBJPX0500009
475,"Hide and Seek","Imogen Heap",121,11B,17,2026-03-02,04:28,64,"","Speak for Yourself (Deluxe Version)",2005-00-00,45,90,0,11,0,20,-11,A Major,4,2tej1KSqNuxwywIpY1rDRc,GBJPX0500005
476,"Headlock","Imogen Heap",120,6A,37,2026-03-02,03:35,85,"","Speak for Yourself (Deluxe Version)",2005-00-00,81,79,0,79,0,10,-11,G Minor,4,63Pi2NAx5yCgeLhCTOrEou,GBJPX0500001
477,"I'm God","Clams Casino,Imogen Heap",142,10B,64,2026-03-02,04:37,77,"cloud rap, ","Instrumental Relics",2020-04-24,53,7,76,9,0,10,-7,D Major,4,0FVuyC9RP5MACjp4lgU3qZ,QM24S2003584
478,"WILDFLOWER","Billie Eilish",148,11A,25,2026-03-02,04:21,92,"","HIT ME HARD AND SOFT",2024-05-17,47,61,0,13,0,10,-12,F#/G♭ Minor,4,3QaPy1KgI7nu9FJEQUgn6h,USUM72401993
479,"Softcore","The Neighbourhood",94,8A,57,2026-03-02,03:26,87,"","Hard To Imagine The Neighbourhood Ever Changing",2018-11-02,57,5,0,37,0,20,-6,A Minor,4,2K7xn816oNHJZ0aVqdQsha,USSM11800523
480,"Scary Love","The Neighbourhood",112,4A,64,2026-03-02,03:42,65,"","Hard To Imagine The Neighbourhood Ever Changing",2018-11-02,60,0,5,15,0,20,-6,F Minor,4,6TA5aymvVrtiPVbuAwmPIc,USSM11709908
481,"You Get Me So High","The Neighbourhood",88,6A,88,2026-03-02,02:33,82,"","Hard To Imagine The Neighbourhood Ever Changing",2018-11-02,55,19,8,39,0,10,-6,G Minor,4,7zwn1eykZtZ5LODrf7c0tS,USSM11707131
482,"Stuck with Me","The Neighbourhood",166,8A,74,2026-03-02,04:18,62,"","Hard To Imagine The Neighbourhood Ever Changing",2018-11-02,54,2,1,43,0,10,-6,A Minor,4,6eMeqiSoQYtM8u3vvfth21,USSM11709911
483,"Nervous","The Neighbourhood",120,5A,61,2026-03-02,04:05,78,"","Hard To Imagine The Neighbourhood Ever Changing",2018-11-02,59,2,17,32,0,30,-8,C Minor,4,113xf7t4qNM7038YJvauik,USSM11800521
484,"Dust","The Neighbourhood",198,12A,44,2026-03-02,03:28,52,"","Hard To Imagine The Neighbourhood Ever Changing",2018-11-02,35,10,0,7,0,10,-8,C♯/D♭ Minor,4,7inCfDM4S3xsVzgOUqSJOH,USSM11709907
485,"Still Don't Know My Name (From  Euphoria: Season 1  Soundtrack)","Labrinth",90,7B,63,2026-03-02,02:33,76,"","Euphoria (Original Score from the HBO Series)",2019-10-04,32,47,26,31,10,20,-6,F Major,1,6N22FZs2ZhPBYi3b9XPajV,USQX91902507
486,"Monsters (feat. blackbear)","All Time Low,blackbear",79,5A,85,2026-03-02,02:54,72,"pop punk, emo, punk, ","Wake Up, Sunshine",2020-04-03,37,5,0,78,0,40,-3,C Minor,4,0tyR7Bu9P086aWBFZ4QJoo,USAT22000034
487,"Ride","Twenty One Pilots",75,2B,71,2026-03-02,03:34,86,"","Blurryface",2015-05-15,65,1,0,57,0,10,-5,F#/G♭ Major,4,2Z8WuEywRWYTKe1NybPQEW,USAT21500598
488,"Pet Cheetah","Twenty One Pilots",110,6A,68,2026-03-02,03:18,62,"","Trench",2018-10-05,65,6,0,36,20,20,-7,G Minor,4,7daBwTiPNOVgoMUG4SICgh,USAT21810693
489,"Heathens","Twenty One Pilots",90,9A,40,2026-03-02,03:15,84,"","Heathens",2016-06-16,73,8,0,55,0,10,-9,E Minor,4,6i0V12jOa3mr6uu4WYhUBr,USAT21601930
490,"Dig","Incubus",78,1B,90,2026-03-02,04:17,65,"nu metal, funk rock, alternative metal, alternative rock","Light Grenades",2006-11-28,45,3,0,46,0,10,-5,B Major,4,5wvYib82q05wiNjLElD8GJ,USSM10604651
491,"Love Hurts","Incubus",78,9A,81,2026-03-02,03:57,60,"nu metal, funk rock, alternative metal, alternative rock","Light Grenades",2006-11-28,47,1,0,41,0,10,-4,E Minor,4,5JTgqOeHWg4bxMZYMRTE4H,USSM10604653
492,"7","Catfish and the Bottlemen",155,6B,71,2026-03-02,04:16,68,"indie, indie rock","The Ride",2016-05-27,53,0,0,28,0,10,-5,A#/B♭ Major,4,5ykbOijJEfRhuo2Td1m0Qd,GBUM71600834
493,"Twice","Catfish and the Bottlemen",137,8B,82,2026-03-02,03:16,58,"indie, indie rock","The Ride",2016-05-27,41,0,3,29,0,40,-5,C Major,4,2sewj0rFvlr3aEM3bGy12n,GBUM71600835
494,"Postpone","Catfish and the Bottlemen",138,11B,93,2026-03-02,04:05,53,"indie, indie rock","The Ride",2016-05-27,53,0,0,31,0,30,-4,A Major,4,1IMtCtSqlw3VJv3IvCxkaz,GBUM71600842
495,"Oxygen","Catfish and the Bottlemen",125,12A,84,2026-03-02,02:49,56,"indie, indie rock","The Ride",2016-05-27,47,0,0,28,0,10,-5,C♯/D♭ Minor,4,1kDc700KN1jUerY6t09FNm,GBUM71600841
496,"Emily","Catfish and the Bottlemen",137,3B,91,2026-03-02,02:18,52,"indie, indie rock","The Ride",2016-05-27,49,0,0,38,0,10,-6,C♯/D♭ Major,4,53Wg2UOwBczmqUHWotWbkm,GBUM71600840
497,"Red","Catfish and the Bottlemen",135,6A,85,2026-03-02,03:48,47,"indie, indie rock","The Ride",2016-05-27,54,0,9,17,0,0,-5,G Minor,4,6ThVbNunEIjQxRNn0gk6Yg,GBUM71600838
498,"You Know You're Right","Nirvana",168,4A,72,2026-03-02,03:37,72,"grunge, rock","Nirvana",2002-10-29,29,4,0,34,10,10,-7,F Minor,4,5O8L4I2S4izFGDjvP7xAKv,USIR10211639
499,"People Are Strange","The Doors",119,9A,47,2026-03-02,02:10,74,"psychedelic rock, classic rock, acid rock","Strange Days",1967-09-25,70,69,0,76,0,30,-9,E Minor,4,1Jmqubf9kGkWeYQXQKImL5,USEE19900740
500,"Hello, I Love You","The Doors",118,10B,68,2026-03-02,02:13,33,"psychedelic rock, classic rock, acid rock","Hello, I Love You: The Doors",2026-02-02,59,1,0,92,0,0,-10,D Major,4,2sQuIXZqogCDk08JjbrmxP,USEE19900744
501,"Break on Through (To the Other Side)","The Doors",90,11B,75,2026-03-02,02:25,73,"psychedelic rock, classic rock, acid rock","The Doors",1967-01-04,42,20,0,79,0,10,-10,A Major,4,6ToM0uwxtPKo9CMpbPGYvM,USEE19900198
502,"I Can't Dance - 2007 Remaster","Genesis",108,5B,53,2026-03-02,03:59,70,"progressive rock, art rock","We Can't Dance (2007 Remaster)",1991-11-11,91,47,0,91,0,0,-10,D#/E♭ Major,4,0No5Hr1LxZjJHGsQSTy2bm,GBAAA0700775
503,"That's All - 2007 Remaster","Genesis",175,9A,66,2026-03-02,04:24,78,"progressive rock, art rock","Genesis (2007 Remaster)",1983-10-03,60,24,1,77,0,10,-9,E Minor,4,2zFdsAIk9r2Mi7Lmm1w3sM,GBAAA0700785
504,"Message In A Bottle","The Police",151,12A,81,2026-03-02,04:50,80,"","Reggatta De Blanc (Remastered 2003)",1979-10-02,58,3,0,87,0,20,-7,C♯/D♭ Minor,4,1oYYd2gnWZYrt89EBXdFiO,GBAAM0201170
505,"Come Undone","Duran Duran",174,4B,79,2026-03-02,04:16,79,"new wave, synthpop","Duran Duran",1993-02-15,54,4,0,71,0,0,-8,G#/A♭ Major,4,0yfNXxlyXdmP0ue1iJijx1,GBAYE9300072
506,"Ordinary World","Duran Duran",140,12A,65,2026-03-02,05:40,82,"new wave, synthpop","Duran Duran",1993-02-15,47,1,0,40,0,10,-10,C♯/D♭ Minor,4,0wokCRaKD0zPNhMRXAgVsr,GBAYE9200048
507,"Pretty Pimpin","Kurt Vile",91,4B,66,2026-03-02,04:58,59,"","b'lieve i'm goin down...",2015-09-25,57,9,31,76,0,0,-9,G#/A♭ Major,4,47cNDW1xyM03mT2kseO41a,USMTD1506585
508,"Losing My Religion","R.E.M.",126,8A,86,2026-03-02,04:28,88,"jangle pop, alternative rock, rock","Out Of Time (25th Anniversary Edition)",1991-03-12,67,18,0,80,0,10,-5,A Minor,4,31AOj9sFz2gM0O3hMARRBx,USC4R1605373
509,"Devil Devil","MILCK",142,3B,39,2026-03-02,04:18,50,"","Devil Devil",2016-01-11,54,16,0,28,0,10,-10,C♯/D♭ Major,4,0EE1wyppif56kWOdETvVsg,USHM81581717
510,"Out of My Head","The Wombats",90,3B,68,2026-03-02,03:02,35,"indie","Beautiful People Will Ruin Your Life",2018-02-09,67,14,0,60,0,20,-5,C♯/D♭ Major,4,1RNhBwPwEkPyu9ytdbfvwL,GBWWP1703233
511,"Lemon to a Knife Fight","The Wombats",150,8A,85,2026-03-02,03:25,53,"indie","Beautiful People Will Ruin Your Life",2018-02-09,56,0,0,73,0,0,-4,A Minor,4,5gYFK0VGlQ7cNmMhMZaNRi,GBWWP1703232
512,"Turn","The Wombats",105,3B,84,2026-03-02,03:27,59,"indie","Beautiful People Will Ruin Your Life",2018-02-09,54,1,0,38,0,0,-4,C♯/D♭ Major,4,2PL9IBLQvJjE7hqCQyJl2g,GBWWP1703234
513,"Animal","Neon Trees",148,7B,83,2026-03-02,03:32,76,"","Habits",2010-01-01,48,0,0,74,0,30,-6,F Major,4,1fBl642IhJOE5U319Gy2Go,USUM71001801
514,"Closer","Kings of Leon",109,10A,77,2026-03-02,03:57,74,"","Only By The Night",2008-09-23,40,47,0,24,0,10,-5,B Minor,5,1O8d2pWtBclzuY3FctBPVa,USRC10800298
515,"Dangerous","Big Data,Joywave",103,8B,58,2026-03-02,04:40,62,"","2.0",2015-03-23,76,1,1,96,0,10,-4,C Major,4,2PeKCn8NSGQXAHONaCh3wB,TCABQ1375535
516,"Howlin' for You","The Black Keys",133,1B,74,2026-03-02,03:11,68,"blues rock, garage rock, modern blues, rock","Brothers",2010-05-18,71,3,8,45,0,10,-7,B Major,4,0grFc6klR3hxoHLcgCYsF4,USNO11000079
517,"The Comeback","Shout Out Louds",129,8B,84,2026-03-02,02:48,33,"swedish pop","Howl Howl Gaff Gaff",2005-01-01,61,0,0,45,0,10,-4,C Major,4,3SiFPLJReFiH2uq6Lht7Xc,USCA20500118
518,"You Are Dreaming","Shout Out Louds",130,12B,90,2026-03-02,03:29,12,"swedish pop","Our Ill Wills",2007-09-11,57,1,0,30,0,20,-4,E Major,4,6Pf14cErS6v5e0GiNhaAJd,SEVUM0700203
519,"Everybody Talks","Neon Trees",155,4B,92,2026-03-02,02:57,82,"","Picture Show",2012-01-01,47,0,0,72,0,30,-4,G#/A♭ Major,4,2iUmqdfGZcHIhS3b9E9EWq,USUM71119189
520,"Stressed Out","Twenty One Pilots",170,9A,64,2026-03-02,03:22,88,"","Blurryface",2015-05-15,73,5,0,65,10,0,-6,E Minor,4,3CRDbSIZ4r5MsZ0YwxuEkn,USAT21500597
521,"Lonely As You","Matt Maeson",172,7B,69,2026-03-02,03:25,38,"","Never Had to Leave",2022-08-26,55,1,0,76,0,10,-5,F Major,4,2IGEPotTBIcmxM5SOFot6V,USAT22207425
522,"Get Happy","Matt Maeson",168,11B,87,2026-03-02,03:48,45,"","Get Happy",2023-06-29,42,14,0,35,10,0,-6,A Major,4,1C1PabZfidunDI3xEj0D0H,USAT22305745
523,"Ophelia","The Lumineers",76,7B,57,2026-03-02,02:40,82,"folk pop, indie folk","Cleopatra",2016-04-08,66,61,0,57,0,0,-7,F Major,4,14AyWf6y7KlWWLfAjdKMKI,USDMG1673802
524,"Ways to Go","GROUPLOVE",101,9B,83,2026-03-02,03:35,61,"indie","Spreading Rumours",2013-09-17,58,0,0,18,0,20,-8,G Major,4,57nNNkgk768QVXq3uHxu5e,USAT21301328
525,"Amsterdam","Nothing But Thieves",168,5B,93,2026-03-02,04:32,67,"","Broken Machine (Deluxe)",2017-09-08,51,0,0,67,20,20,-5,D#/E♭ Major,4,454I78HEySdcHE8fcVabTb,GBARL1700467
526,"Eyes Wide Open","Gotye",139,7B,87,2026-03-02,03:11,45,"","Making Mirrors",2011-01-01,60,19,2,64,0,10,-6,F Major,4,6h2q5GhVc9itEB6NqOEMd4,AUZS21100041
527,"Somebody That I Used To Know","Gotye,Kimbra",129,8B,50,2026-03-02,04:04,79,"","Making Mirrors",2011-01-01,86,59,0,72,0,10,-7,C Major,4,4wCmqSrbyCgxEXROQE6vtV,AUZS21100040
528,"Hearts A Mess","Gotye",125,4A,51,2026-03-02,06:03,49,"","Like Drawing Blood",2008-08-17,76,8,16,54,0,10,-10,F Minor,4,6NGRPL3AYwMAYkJh4EsZEU,AUZS20800003
529,"Maybe Tomorrow","Stereophonics",81,6A,65,2026-03-02,04:32,74,"britpop","You Gotta Go There To Come Back",2003-01-01,50,22,0,57,0,30,-7,G Minor,4,6SXy02aTZU3ysoGUixYCz0,GBBLK0300012
530,"Bitch","Meredith Brooks",96,11B,89,2026-03-02,04:12,75,"","Blurring The Edges",1997-01-01,62,1,0,65,0,0,-6,A Major,4,3i6qNxyVgIdUZTTi5m25EM,USCA29701376
531,"What Would Happen","Meredith Brooks",100,11A,44,2026-03-02,05:17,38,"","Blurring The Edges",1997-01-01,71,62,1,62,0,0,-9,F#/G♭ Minor,4,5on1ppavPW4nxtGXJJiSLd,USCA29600118
532,"Rooms on Fire","Stevie Nicks",127,8A,92,2026-03-02,04:34,62,"","The Other Side of the Mirror",1989-05-09,62,7,0,74,0,40,-5,A Minor,4,0QVlQTzp10Tj4Xql9ZRJzo,USAT20003000
533,"Edge of Seventeen - 2016 Remaster","Stevie Nicks",111,8B,80,2026-03-02,05:29,79,"","Bella Donna (2016 Remastered)",1981-07-27,59,33,0,66,0,0,-7,C Major,4,7L3b6iaVhDVjfo52Hbvh9Z,USRH11604198
534,"Go Your Own Way","Fleetwood Mac",136,7B,81,2026-03-02,03:38,64,"yacht rock, classic rock, soft rock","Greatest Hits",1988-11-21,60,2,0,82,0,10,-12,F Major,4,15rjQH7nTcTomKwfVMd4xl,USWB19900181
535,"Barracuda","Heart",137,9A,69,2026-03-02,04:21,75,"classic rock, aor, rock","Little Queen",1977-05-14,55,2,11,67,0,10,-14,E Minor,4,4KfSdst7rW39C0sfhArdrz,USSM10009075
536,"Magic Man","Heart",104,8B,44,2026-03-02,05:28,65,"classic rock, aor, rock","Dreamboat Annie",1975-00-00,44,16,0,73,0,40,-13,C Major,4,4sUlsy0tPv9n5nqrqeA0lE,USCA28600005
537,"Crazy On You","Heart",130,8A,46,2026-03-02,04:53,71,"classic rock, aor, rock","Dreamboat Annie",1975-00-00,44,12,0,38,0,10,-12,A Minor,4,5zH710lFSLtkHbMkslLDjR,USCA28600007
538,"Call Me When You're Sober","Evanescence",93,9B,88,2026-03-02,03:34,75,"alternative metal","The Open Door",2006-01-01,45,0,0,33,0,20,-4,G Major,4,663Karu2rvKLdnY0eo1n3M,USWU30600102
539,"Imaginary","Evanescence",150,9A,75,2026-03-02,04:16,64,"alternative metal","Fallen",2003-03-04,40,1,0,28,0,20,-5,E Minor,4,7q6CybWAg3uYLgS5tDWqmd,USWU30200111
540,"Smells Like Teen Spirit","Nirvana",117,3B,91,2026-03-02,05:01,82,"grunge, rock","Nevermind (Remastered)",1991-09-26,50,0,0,72,0,10,-5,C♯/D♭ Major,4,5ghIJDpPoe3CfHMGu71E6T,USGF19942501
541,"Lithium","Nirvana",123,9B,66,2026-03-02,04:17,75,"grunge, rock","Nevermind (Remastered)",1991-09-26,68,0,0,49,0,0,-6,G Major,4,2YodwKJnbPyNKe8XXSE9V7,USGF19942505
542,"Polly","Nirvana",121,7A,38,2026-03-02,02:53,58,"grunge, rock","Nevermind (Remastered)",1991-09-26,83,88,30,54,0,10,-11,D Minor,4,3tlXDvaNrrOmdvG0XVUOcv,USGF19942506
543,"Times Like These","Foo Fighters",145,9A,91,2026-03-02,04:25,72,"rock, post-grunge, alternative rock, grunge","One By One (Expanded Edition)",2002-10-22,38,0,0,27,0,20,-4,E Minor,4,67vYdAAM3oGsEImCRfbtsF,USRW30200005
544,"Best of You","Foo Fighters",130,12A,94,2026-03-02,04:15,77,"rock, post-grunge, alternative rock, grunge","In Your Honor",2005-06-14,37,0,0,37,0,10,-5,C♯/D♭ Minor,4,5FZxsHWIvUsmSK1IAvm2pp,USRW30500001
545,"American Idiot","Green Day",186,3B,99,2026-03-02,02:56,85,"punk, pop punk","American Idiot",2004-09-21,38,0,0,77,0,30,-2,C♯/D♭ Major,4,6nTiIhLmQ3FWhvrGafw2zj,USRE10400888
546,"Boulevard of Broken Dreams","Green Day",167,4B,58,2026-03-02,04:20,81,"punk, pop punk","American Idiot (20th Anniversary Deluxe Edition)",2024-10-25,51,0,0,61,0,0,-8,G#/A♭ Major,4,0U87auHx1iZTEFcq9KVdmO,USRE11200337
547,"The Saints Are Coming - Live from New Orleans","U2,Green Day",152,10A,95,2026-03-02,03:27,29,"rock, punk, pop punk","The Saints Are Coming (Live)",2006-01-01,23,24,0,25,0,40,-3,B Minor,4,6pqZp2AGNR5IaUOjxwKcCe,GBUM70604746
548,"House Of The Rising Sun","The Animals",117,8A,58,2026-03-02,04:31,76,"classic rock","The Animals",1964-01-01,30,0,22,23,0,10,-7,A Minor,3,7BY005dacJkbO6EPiOh2wb,USA176460010
549,"Run Joey Run","David Geddes",147,6B,48,2026-03-02,02:55,31,"","Run Joey Run",2005-02-08,41,61,0,36,0,10,-11,A#/B♭ Major,4,1g2nJvSNGFj145mRiT6usx,USAT20402599
550,"Breakin' up","The Palms",130,7A,61,2026-03-05,03:20,55,"","Sway",2016-08-05,66,1,0,36,0,30,-6,D Minor,4,1owBzz8aYKe0bDJlAJt2Yn,TCACM1627596
551,"Into The Wild","The Temper Trap",118,1B,63,2026-03-05,03:41,53,"","Into The Wild",2026-02-26,56,4,0,23,0,10,-4,B Major,4,75ucE1aqrtLF81oVg2k4IZ,AULI02565970
552,"Born To Kill","Social Distortion",166,4B,89,2026-03-05,03:50,57,"punk, skate punk, ska punk, psychobilly","Born To Kill",2026-02-25,22,0,2,9,0,20,-3,G#/A♭ Major,4,2dar1QSaBJKGCPXJQsef0J,USEP42527001
553,"Over My Head","Thirty Seconds To Mars",146,11A,62,2026-03-05,02:30,55,"","Over My Head",2026-02-27,52,0,4,36,0,10,-7,F#/G♭ Minor,3,3tffqhqjhbLMfefbsMupgL,USUM72506096
554,"Yellow Roses","Highly Suspect",145,7B,77,2026-03-05,03:22,53,"post-grunge","Yellow Roses",2026-02-27,41,1,0,14,0,10,-4,F Major,4,71tJCENl05wzNpFLKVeYUl,QM24S2600829
555,"Quiet Part Loud","The Maine",135,9B,83,2026-03-05,03:08,50,"pop punk","Quiet Part Loud",2026-02-25,63,10,0,48,0,10,-6,G Major,4,68agb1ojDyFFxn26UQUPyB,QZ47A2601507
556,"Dear Worry","Common People",202,11B,81,2026-03-05,03:01,43,"","Dear Worry",2026-02-27,43,0,1,60,0,0,-4,A Major,4,2NtFr985PjyRyG1gxrpR4o,USUG12601319
557,"Wasteman","Nautics",135,12A,85,2026-03-05,03:04,31,"shoegaze","Wasteman",2026-02-24,53,4,0,56,0,30,-7,C♯/D♭ Minor,4,6eaT24I2d7nfLLFiGx2Dco,QZJG52683884
558,"Gentleman","Towa Bird",172,10B,89,2026-03-05,02:16,50,"","Gentleman",2026-02-27,49,0,0,71,10,10,-3,D Major,4,5qGlVj7q8E5kJRznWOD12a,USUM72600634
559,"When the Love is Gone","Des Rocs",141,9A,81,2026-03-05,03:20,49,"","When the Love is Gone",2026-02-25,44,0,56,47,0,20,-4,E Minor,4,5iRv1aH4eNai45KfhjtJ6n,USFYZ2557602
560,"Flicker, Fade","Taking Back Sunday",197,5B,78,2026-03-05,04:33,40,"emo, pop punk, screamo, post-hardcore, punk","Happiness Is",2014-03-18,12,1,0,22,0,0,-4,D#/E♭ Major,3,6QQq00cv1UZK0bwWWEpa5e,USHR21481001
561,"In The Air Tonight - 2015 Remastered","Phil Collins",190,8B,24,2026-03-05,05:36,83,"soft rock","Face Value (Deluxe Editon)",1981-01-01,45,55,0,30,0,0,-14,C Major,4,18AXbzPzBS8Y3AkgSxzJPb,USAT21502120
562,"Bohemian Rhapsody - Remastered 2011","Queen",144,5A,40,2026-03-05,05:54,78,"classic rock, rock, glam rock","A Night At The Opera (Deluxe Remastered Version)",1975-11-21,39,29,0,23,0,20,-10,C Minor,4,7tFiyTwD0nx5a1eklYtX2J,GBUM71029604
563,"Hells Bells","AC/DC",107,9A,87,2026-03-05,05:12,80,"rock, hard rock, classic rock, rock and roll","Back In Black",1980-07-25,39,1,1,30,0,20,-5,E Minor,4,69QHm3pustz01CJRwdo20z,AUAP08000041
564,"Let It Ride","Bachman-Turner Overdrive",104,11A,82,2026-03-05,04:27,60,"classic rock","Bachman-Turner Overdrive II",1973-12-01,64,11,0,82,0,10,-10,F#/G♭ Minor,4,3UQA4UTVqcI0VtSQ38nlq1,USPR37607317
565,"Highway to Hell","AC/DC",116,11A,91,2026-03-05,03:28,88,"rock, hard rock, classic rock, rock and roll","Highway to Hell",1979-07-27,57,6,0,42,10,10,-5,F#/G♭ Minor,4,2zYzyRzz6pRmhPzyfMEC8s,AUAP07900028
566,"Baba O'Riley - Remastered 2022","The Who",116,7B,64,2026-03-05,05:03,71,"classic rock, rock","Who's Next (Remastered 2022)",1971-08-14,40,42,14,21,0,10,-9,F Major,4,3bHnoz2pfij19QUDhoLrcy,GBUM72203480
567,"(I Can't Get No) Satisfaction - Mono","The Rolling Stones",136,10B,88,2026-03-05,03:43,68,"classic rock, rock","Rolling Stones Chronicles",2023-03-10,72,4,6,93,0,0,-7,D Major,4,13KF3YaPAxbOYmMhFkT9ma,USA171510000
568,"A Little Less Conversation","Elvis Presley",114,10B,80,2026-03-05,02:01,56,"rockabilly, rock and roll","The Essential Elvis Presley",2007-00-00,58,15,0,84,0,0,-8,D Major,4,47y8hRlWLEJ4VafE6LMjEZ,USRC19900989
569,"Whole Lotta Love - 1990 Remaster","Led Zeppelin",90,11B,90,2026-03-05,05:33,78,"classic rock, rock, hard rock, rock and roll","Led Zeppelin II (1994 Remaster)",1969-10-22,41,5,13,42,40,40,-12,A Major,4,0hCB0YR03f6AmQaHbwWDe8,USAT29900471
570,"Telephone Line","Electric Light Orchestra",71,11B,37,2026-03-05,04:39,68,"art rock, soft rock","A New World Record",1976-09-01,47,77,0,21,0,0,-8,A Major,4,3SPcBPzvbmWLl8NU5efx4W,USSM18600411
571,"We Got The Beat","The Go-Go's",152,10B,99,2026-03-05,02:33,61,"new wave","Beauty And The Beat",1981-01-01,59,16,8,48,0,0,-6,D Major,4,5kz9GDBTX846OXwqWoyKzF,USWWW0128900
572,"Come As You Are","Nirvana",120,9A,82,2026-03-05,03:38,48,"grunge, rock","Nevermind",1991-09-26,50,0,0,54,0,0,-6,E Minor,4,7aCSKL5LmVhakVs0l483B5,USGF19942503
573,"Give It Away","Red Hot Chili Peppers",92,9B,94,2026-03-05,04:42,77,"funk rock, alternative rock, rock","Blood Sugar Sex Magik (Deluxe Edition)",1991-09-24,67,0,9,78,0,10,-10,G Major,4,0uppYCG86ajpV2hSR3dJJ0,USWB19901574
574,"Celebrity Skin","Hole",134,11B,91,2026-03-05,02:42,71,"riot grrrl, grunge","Celebrity Skin",1998-01-01,44,0,0,72,0,30,-6,A Major,4,2V4Bc2I962j7acQj1N0PiQ,USGF19816401
575,"Bulls On Parade","Rage Against The Machine",166,7B,92,2026-03-05,03:49,77,"rap metal, rap rock, alternative metal, nu metal","Evil Empire",1996-04-16,41,1,6,57,10,40,-7,F Major,4,0tZ3mElWcr74OOhKEiNz1x,USSM19502563
576,"Supersonic - Remastered","Oasis",104,11B,91,2026-03-05,04:43,69,"britpop, madchester","Definitely Maybe (Deluxe Edition Remastered)",1994-00-00,36,0,1,59,0,10,-3,A Major,4,4jJfa4mO5JjV9Tz2aAxE2M,GBQCP1400014
577,"All Around Me","Flyleaf",147,11B,88,2026-03-05,03:18,49,"christian rock, christian alternative rock, emo","Flyleaf",2005-00-00,47,3,0,51,0,0,-5,A Major,4,6yWkbkx8xXkKBoXFue9s8j,USOCT0500076
578,"Untouched","The Veronicas",177,11A,78,2026-03-05,04:15,66,"","Hook Me Up",2007-10-30,56,2,2,44,20,10,-5,F#/G♭ Minor,4,0KlahhzNb98zyN83Vwae0l,USWB10704602
579,"Monster","Meg & Dia",192,11A,83,2026-03-05,02:41,65,"","Something Real & Here, Here and Here",2006-00-00,35,0,0,42,0,10,-4,F#/G♭ Minor,4,0KQ1LhU7vGiXqn7eAw1nfl,US4K30600024
580,"Behind These Hazel Eyes","Kelly Clarkson",90,11B,89,2026-03-05,03:18,64,"christmas","Breakaway",2004-01-17,55,0,0,43,0,20,-5,A Major,4,0AKAxdNkwq9ZxRdW1DN9zW,GBCTA0400263
581,"Miss Murder","AFI",144,4B,87,2026-03-05,03:26,72,"punk, horror punk, emo, skate punk","DECEMBERUNDERGROUND",2006-06-06,31,0,0,69,0,10,-5,G#/A♭ Major,4,0Ti2dlF2xLjXblvdU5fCxM,USUM70602578
582,"Can't Be Saved","Senses Fail",170,10B,98,2026-03-05,03:07,63,"post-hardcore, screamo, emo, pop punk","Still Searching",2006-10-10,33,0,0,45,10,30,-3,D Major,4,3PHhctErNOXWqevrZDUyNy,USVR90643904
583,"MakeDamnSure","Taking Back Sunday",140,2B,84,2026-03-05,03:28,72,"emo, pop punk, screamo, post-hardcore, punk","Louder Now (Deluxe Edition)",2006-04-25,55,1,0,43,0,30,-6,F#/G♭ Major,4,6fTgbkBiMITtHUmik95ClX,USWB10600586
584,"Face Down","The Red Jumpsuit Apparatus",93,6A,93,2026-03-05,03:12,79,"pop punk, emo","Don't You Fake It",2006-01-01,55,0,0,46,0,10,-2,G Minor,4,4wzjNqjKAKDU82e8uMhzmr,USVI20600108
585,"Swing, Swing","The All-American Rejects",128,9B,72,2026-03-05,03:53,72,"pop punk, emo","The All-American Rejects",2002-10-15,55,0,13,32,0,0,-6,G Major,4,003FTlCpBTM4eSqYSWPv4H,USDW10200529
586,"From Yesterday","Thirty Seconds To Mars",135,6B,88,2026-03-05,04:07,66,"","A Beautiful Lie",2005-08-16,47,1,1,13,0,0,-5,A#/B♭ Major,4,1JBa9B1iA4yNVpJ5wVGrZH,USVI20500138
587,"Open Your Eyes","Snow Patrol",131,9B,78,2026-03-05,05:41,68,"","Eyes Open",2006-01-01,53,0,0,6,0,10,-6,G Major,4,5HPj0yTUFEFNia8SWgjq46,GBUM70600352
588,"Your Guardian Angel","The Red Jumpsuit Apparatus",113,7B,48,2026-03-05,03:49,68,"pop punk, emo","Don't You Fake It",2006-01-01,29,12,0,38,0,60,-7,F Major,4,2Guz1b911CbpG8L92cnglI,USVI20600156
589,"Bored to Death","blink-182",160,8B,97,2026-03-05,03:55,65,"pop punk, punk, rock, skate punk, emo","California (Deluxe Edition)",2016-07-01,50,1,0,64,0,10,-4,C Major,4,12YGKHMw1l36tXlgU2Vrjj,QMRSZ1600281
590,"Hurricane","Thirty Seconds To Mars",125,3A,75,2026-03-05,06:12,38,"","This Is War (Deluxe)",2010-01-01,53,4,0,28,0,20,-6,A#/B♭ Minor,4,4e3oXEEqfwlqE8DUFRJJWY,USVI20900432
591,"What If","Simple Plan",160,5B,93,2026-03-05,05:54,22,"pop punk, punk, emo","Simple Plan",2008-02-06,34,0,0,16,0,0,-4,D#/E♭ Major,4,63HLXPAJ7yfSdvT9ad50rt,USAT20706823
592,"Savior","Rise Against",112,4A,93,2026-03-05,04:02,79,"punk, hardcore punk","Appeal To Reason",2008-01-01,55,0,0,48,0,40,-3,F Minor,4,1vcxF91pWs9uNwDROuiCPB,USUM70832584
593,"Not Meant to Be","Theory of a Deadman",143,3B,78,2026-03-05,03:35,64,"post-grunge, alternative metal","Scars & Souvenirs (Special Edition)",2008-04-01,42,0,0,26,0,10,-7,C♯/D♭ Major,4,5xyACR2lzIyzFepF4qlAas,NLA320786467
594,"All over You","The Spill Canvas",135,3A,94,2026-03-05,03:22,53,"emo, pop punk","No Really, I'm Fine (Standard Version)",2007-10-01,55,1,0,52,0,10,-3,A#/B♭ Minor,4,4b9jRNwMUvABxTD1amyfA6,USWB10703739
595,"Radioactive","Imagine Dragons",136,11B,78,2026-03-05,03:06,74,"","Night Visions",2012-09-04,45,10,0,24,0,60,-4,A Major,4,4G8gkOterJn0Ywt6uhqbhp,USUM71201074
596,"Poison","MEG MYERS",123,8B,65,2026-03-05,03:40,28,"","Daughter in the Choir",2013-04-19,71,4,0,64,0,20,-8,C Major,4,0TkKxuAP37iUqSzQMi3CsL,USAT21301041
597,"Curbstomp","MEG MYERS",123,6A,67,2026-03-05,04:08,32,"","Daughter in the Choir",2013-04-19,68,0,14,18,0,10,-7,G Minor,4,1HtrQWNpyEbGMEiwCjmPdi,USAT21301038
598,"Adelaide","MEG MYERS",150,8B,84,2026-03-05,03:36,33,"","Daughter in the Choir",2013-04-19,56,6,0,27,0,0,-6,C Major,4,0JEzP25OqBOWbm5U7pC9f2,USAT21301039
599,"youth","cleopatrick",95,6A,83,2026-03-05,04:03,47,"","youth",2018-06-29,48,0,2,39,0,50,-4,G Minor,4,2zHetDvbVhumY7pmAPOdnX,CAI371713382
600,"GOOD GRIEF","cleopatrick",112,2B,89,2026-03-05,02:58,46,"","BUMMER",2021-06-04,50,1,0,59,0,80,-5,F#/G♭ Major,4,7GjQaDCkilmYWzK0yf60xe,CAJXF2000001
601,"It Takes More","Taking Back Sunday",153,2B,75,2026-03-05,05:11,21,"emo, pop punk, screamo, post-hardcore, punk","Happiness Is",2014-03-18,34,42,1,13,0,10,-5,F#/G♭ Major,4,6tW4k4hJRYTMIYeAWYLGeE,USHR21481006
602,"All Ready To Go","Taking Back Sunday",114,1B,92,2026-03-05,03:59,24,"emo, pop punk, screamo, post-hardcore, punk","Twenty",2019-01-11,52,0,4,61,0,60,-5,B Major,4,0rkg1WLUTCvzYM8ViG29d8,USC4R1800936
603,"You Can't Look Back","Taking Back Sunday",108,12B,79,2026-03-05,04:27,37,"emo, pop punk, screamo, post-hardcore, punk","Tidal Wave",2016-09-16,66,3,0,27,0,10,-5,E Major,4,5qHSOO5fanhbdjPaiAIeVY,USHR21681003
604,"King Of Love","Styx",132,6A,82,2026-03-05,03:29,23,"classic rock, aor, progressive rock","Circling From Above",2025-07-18,62,2,0,57,0,60,-5,G Minor,4,5qBlmem6wERDlBt0fwLmx9,USUG12502076
605,"Counting Cards","Rainbow Kitten Surprise",110,8A,59,2026-03-05,03:49,33,"","RKS",2015-00-00,76,8,0,33,0,10,-8,A Minor,4,0OpI4787ZNiXvJoKJJLwnp,USAT21800291
606,"Time Is A Bomb","Metric",137,6A,83,2026-03-06,04:24,55,"","Time Is A Bomb",2026-03-04,53,2,0,38,0,10,-6,G Minor,4,2B2CwJ9ViewmNc6qDKTS3I,QMFMG2532664
607,"Push My Luck","Cold War Kids",76,10B,92,2026-03-06,02:44,43,"","Push My Luck / All I Ever Need",2026-02-12,47,0,4,56,0,30,-2,D Major,4,6oOuk5ooJK2s6yTv6uJLrM,QM4TW2630799
608,"Hot for Teacher - 2015 Remaster","Van Halen",128,10B,95,2026-03-06,04:42,69,"glam metal, classic rock, rock, hard rock","1984 (Remastered)",1984-01-04,55,0,0,47,10,0,-5,D Major,4,6QDbGdbJ57Mtkflsg42WV5,USWB11403684
609,"Don't Stand So Close To Me","The Police",140,10B,51,2026-03-06,04:02,73,"","Zenyatta Mondatta (Remastered 2003)",1980-10-03,80,5,0,52,0,0,-9,D Major,4,5veJDT0MLsLbhYsx42GXUD,GBAAM0201148
610,"School's Out","Alice Cooper",134,7B,75,2026-03-06,03:30,69,"glam rock, hard rock, glam metal, proto-punk, classic rock","School's Out",1972-00-00,29,5,13,35,0,60,-9,F Major,4,5Z8EDau8uNcP1E8JvmfkZe,USWB19900782
611,"Point of Know Return","Kansas",136,7B,59,2026-03-06,03:10,51,"classic rock, progressive rock, aor","Point Of Know Return (Expanded Edition)",1977-00-00,69,9,0,65,0,10,-5,F Major,4,0YoAVHXeEPPzZxK0xPQqYn,USSM10103190
612,"Carry on Wayward Son","Kansas",127,9B,79,2026-03-06,05:23,79,"classic rock, progressive rock, aor","Leftoverture (Expanded Edition)",1976-00-00,48,0,0,79,0,40,-6,G Major,4,4DMKwE2E2iYDKY01C335Uw,USSM17600874
613,"Fire on the Mountain","The Marshall Tucker Band",102,9A,83,2026-03-06,03:56,69,"southern rock, country rock, classic rock","Searchin' for a Rainbow",1975-08-01,51,11,0,57,0,10,-6,E Minor,4,5YUIDMCtzUflSrONeYMWac,USSE90320584
614,"Play the Game Tonight","Kansas",118,7A,63,2026-03-06,03:27,51,"classic rock, progressive rock, aor","Vinyl Confessions",1982-06-01,64,21,0,25,0,0,-9,D Minor,4,5JQaG1VrTu4fbieUsDUdrt,USSM11102575
615,"The Best Of Times","Styx",79,8B,32,2026-03-06,04:17,58,"classic rock, aor, progressive rock","Paradise Theatre",1981-01-01,34,13,0,32,0,10,-12,C Major,4,7GRUpcvSQM9HrnC2CjYPG4,USAM18000366
616,"Lady '95","Styx",132,9B,42,2026-03-06,03:04,52,"classic rock, aor, progressive rock","Greatest Hits",1995-01-01,43,2,0,31,0,10,-11,G Major,4,41dYT737DUjzwUePEbuwJo,USAM19500786
617,"Come Sail Away","Styx",147,8B,51,2026-03-06,06:05,48,"classic rock, aor, progressive rock","Greatest Hits",1995-01-01,29,9,0,13,0,10,-9,C Major,4,0YQqMV75q5EMFqWJ51avHg,USAM17700360
618,"Truckin' - 2013 Remaster","Grateful Dead",127,10A,62,2026-03-06,05:06,59,"jam band, psychedelic rock, acid rock","American Beauty (2013 Remaster)",1970-06-01,64,39,2,68,0,0,-14,B Minor,4,1I6l01BaBgBCVkfQCpIlR6,USWB11304517
619,"Casey Jones - 2013 Remaster","Grateful Dead",100,8B,41,2026-03-06,04:25,60,"jam band, psychedelic rock, acid rock","Workingman's Dead",1970-00-00,67,39,0,83,0,10,-10,C Major,4,7LbfuQVct78YoghmoPtsQ8,USWB11304507
620,"What's Love Got to Do with It","Tina Turner",98,3B,41,2026-03-06,03:46,70,"","What's Love Got to Do with It?",1993-00-00,85,22,0,79,0,0,-12,C♯/D♭ Major,4,4kOfxxnW1ukZdsNbCKY9br,USCA28400002
621,"Dirty Deeds","Joan Jett & the Blackhearts",137,10B,80,2026-03-06,03:17,42,"rock","The Hit List",1990-01-16,65,7,0,66,0,0,-10,D Major,4,5EmjBlrR2TzVzyveICMllj,USSM19915123
622,"The Best","Tina Turner",104,8B,74,2026-03-06,05:29,76,"","Foreign Affair",1989-09-13,66,11,2,74,0,10,-10,C Major,4,6pPWRBubXOBAHnjl5ZIujB,USCA28900109
623,"You Keep Me Hangin On","Kim Wilde",123,6A,68,2026-03-06,04:15,66,"","Another Step",1986-00-00,69,8,0,71,0,10,-12,G Minor,4,1wEeNtO7z41aUqC80shxqK,GBUM71304908
624,"Money, Money, Money","ABBA",121,8A,70,2026-03-06,03:06,72,"","Arrival",1976-00-00,79,54,0,65,0,0,-7,A Minor,4,3lKN03PDeBnXZS7sDukRBt,SEAYD7601060
625,"Sisters of the Moon - 2015 Remaster","Fleetwood Mac",115,8A,53,2026-03-06,04:43,58,"yacht rock, classic rock, soft rock","Tusk (Deluxe Edition)",1979-10-12,69,3,40,46,0,10,-9,A Minor,4,7Gjj6NxSsVwXfOXUjvjCXv,USRH11507778
626,"Paradise By the Dashboard Light","Meat Loaf",173,10B,87,2026-03-06,08:29,66,"","Bat Out Of Hell",1977-10-21,33,21,0,49,10,40,-8,D Major,4,2g7gviEeJr6pyxO7G35EWQ,USSM11206829
627,"Why ?","Bronski Beat",138,4A,78,2026-03-06,04:03,63,"synthpop, hi-nrg","The Age of Consent",1984-10-15,57,3,0,61,0,10,-9,F Minor,4,7vOLJwP5O0woITaIQWOoUX,GBAAP0000546
628,"Scorpio","Kim Wilde",163,12B,79,2026-03-06,03:16,18,"","Scorpio",2025-11-26,40,0,0,39,0,20,-7,E Major,4,4YwpzNeY8UGiQX8cHkZ1pb,GBBLY2500073
629,"Kids In America","Kim Wilde",160,12B,65,2026-03-06,03:26,70,"","Kim Wilde",1981-06-29,56,6,0,34,0,40,-10,E Major,4,3LaHsdzzmvhx6TJedpomVy,GBAYE8100054
630,"Ballroom Blitz","Sweet",108,9A,80,2026-03-06,04:06,63,"glam rock","Desolation Boulevard",1974-11,64,8,0,89,0,0,-11,E Minor,4,3Pu3IChaAoa5EjgUBv5F6x,USCA28800090
631,"Someone Else's Bed","Hole",152,2A,72,2026-03-06,04:27,39,"riot grrrl, grunge","Nobody's Daughter",2010-01-01,31,0,0,40,0,10,-5,D#/E♭ Minor,4,1fTmjkJgR6k70qr4UJ1Aie,USUM71007986
632,"Nobody's Daughter","Hole",174,9A,73,2026-03-06,05:19,43,"riot grrrl, grunge","Nobody's Daughter",2010-01-01,21,0,0,19,0,0,-6,E Minor,4,2gE8DuQS5HnQS4GojVaAiC,USUM71007980
633,"Honey","Hole",175,9B,86,2026-03-06,04:19,32,"riot grrrl, grunge","Nobody's Daughter",2010-01-01,28,0,0,26,0,0,-5,G Major,4,1PyAgb9QPi4hacjK35jO3j,USUM71007981
634,"When I'm Small","Phantogram",92,6B,76,2026-03-06,04:09,73,"","Eyelid Movies",2010-00-00,65,19,10,42,0,10,-4,A#/B♭ Major,4,1U3BASc885MPCYOzYwOIpO,USBS50931058
635,"4 Songs & A Fight","The Sounds",137,10A,79,2026-03-06,03:24,16,"swedish pop","Crossing the Rubicon",2009-06-01,58,0,0,78,0,0,-5,B Minor,4,1QJgjX069ZCmuTBYVsq7cU,US3QP0900002
636,"Painted By Numbers","The Sounds",145,2A,81,2026-03-06,03:19,47,"swedish pop","Dying to Say This to You (Premium Download Version)",2006-03-15,48,1,0,73,0,10,-4,D#/E♭ Minor,4,0vKt8MR7mVWJ7uWH93HYzl,SEPQA0550267
637,"Jessie's Girl","Rick Springfield",132,10B,83,2026-03-06,03:14,75,"yacht rock","Working Class Dog",1981-03-13,73,17,0,82,0,10,-6,D Major,4,5RsUlxLto4NZbhJpqJbHfN,USRC18108188
638,"867-5309 / Jenny","Tommy Tutone",138,7B,71,2026-03-06,03:46,67,"","Tommy Tutone - 2",1981-12-04,58,3,0,56,0,10,-10,F Major,4,6iX1f3r7oUJnMbGgQ2gx1j,USSM18100804
639,"Under Pressure - Remastered 2011","Queen,David Bowie",114,10B,71,2026-03-06,04:08,77,"classic rock, rock, glam rock, art rock","Hot Space (Deluxe Remastered Version)",1982-05-03,67,42,0,47,0,10,-8,D Major,4,11IzgLRXV7Cgek3tEgGgjw,GBUM71029622
640,"Modern Love - 2018 Remaster","David Bowie",183,8B,94,2026-03-06,04:48,74,"glam rock, art rock","Let's Dance (2018 Remaster)",1983-04-14,36,0,0,94,0,10,-6,C Major,4,3gxEZXUjrNbl3TlSrTGbR5,USJT11700480
641,"Danger Zone - From  Top Gun  Original Soundtrack","Kenny Loggins",157,2A,90,2026-03-06,03:35,76,"yacht rock","Yesterday, Today, Tomorrow - The Greatest Hits Of Kenny Loggins",1997-03-25,54,24,0,65,0,10,-6,D#/E♭ Minor,4,34x6hEJgGAOQvmlMql5Ige,USSM18600108
642,"Manic Pixie Dream Girl","ILUKA",130,9B,74,2026-03-06,03:39,28,"","Manic Pixie Dream Girl",2025-07-11,61,1,0,23,0,0,-5,G Major,4,2EkbykDiLsmMBL5I27RH5e,CAN112501294
643,"Wicked Ones","Dorothy",97,7B,64,2026-03-06,02:52,58,"southern gothic","ROCKISDEAD",2016-06-24,59,4,0,59,0,30,-5,F Major,4,1ogRu1dOUgHvel8To8oQbe,QMJMT1400574
644,"Raise Hell","Dorothy",80,2B,69,2026-03-06,03:01,58,"southern gothic","ROCKISDEAD",2016-06-24,55,2,0,72,0,50,-6,F#/G♭ Major,4,2NPHU2WJaI3rrtCNNuQ8L1,QMJMT1500706
645,"Only Happy When It Rains","Garbage",121,12A,83,2026-03-06,03:56,56,"","Garbage (20th Anniversary Edition/Remastered)",1995-00-00,51,0,0,49,0,20,-5,C♯/D♭ Minor,4,7qLrnU1nFhi41t1HcC7bkD,USGF19500403
646,"Don't Get Me Wrong - 2025 Remaster","Pretenders",204,8B,97,2026-03-06,03:46,54,"","The Singles",1986-10-20,45,17,0,77,0,30,-3,C Major,4,3GGV1yGjwkWXJ2nGbvQz7g,GBAHT2500027
647,"Shitlist","L7",129,3B,92,2026-03-06,02:55,54,"riot grrrl, grunge, queercore, post-grunge","Bricks Are Heavy",1992-00-00,42,0,18,50,0,0,-8,C♯/D♭ Major,4,7fxpqs4G8vj3rFYbJnsG7w,USRH10901865
648,"I Miss the Misery","Halestorm",164,8B,97,2026-03-06,03:03,68,"","The Strange Case of... (Deluxe)",2012-04-09,47,1,0,48,0,30,-2,C Major,4,3gmEzilP9BzF45wIMvA16l,USAT21200150
649,"Like A Woman Can","Halestorm",172,11A,70,2026-03-06,04:22,51,"","Everest",2025-08-08,42,3,0,41,0,10,-5,F#/G♭ Minor,3,2a938Z2yqpxHAyNLjJHymh,USAT22503135
650,"Death By Rock And Roll","The Pretty Reckless",97,12B,94,2026-03-06,03:54,54,"","Death By Rock And Roll",2021-02-12,49,0,1,49,0,10,-3,E Major,4,6ISZ6sKcNBdYJS7XYHm5cV,US5262023639
651,"Love To Be Loved","The Warning,Carín León",158,9A,95,2026-03-06,02:50,61,"banda, norteño, sierreño, corrido, ranchera, grupera, sad sierreño","Love To Be Loved",2026-02-06,50,0,0,56,10,10,-3,E Minor,4,7L9Fgs88bbwSOIYGJHOIBs,USUM72600702
652,"Survive","The Warning",135,10A,80,2026-03-06,05:08,51,"","XXI Century Blood",2017-04-05,63,0,0,73,0,10,-7,B Minor,4,1eJbsnmix2Y3k3ymp6R5Rs,TCACT1649621
653,"ERROR","The Warning",167,6A,90,2026-03-06,03:57,48,"","ERROR",2022-06-24,41,0,0,29,10,0,-5,G Minor,4,5On0z2PZjPf5x7eB2afLEf,USUM72209685
654,"Dog Days Are Over","Florence + The Machine",150,9B,81,2026-03-06,04:11,78,"baroque pop","Lungs (Deluxe Edition)",2009-00-00,49,4,0,25,0,10,-5,G Major,4,1YLJVmuzeM2YSUkCCaTNUB,GBUM70900209
655,"Only If For A Night","Florence + The Machine",80,8A,74,2026-03-06,04:58,39,"baroque pop","Ceremonials",2011-01-01,48,4,0,39,0,0,-6,A Minor,4,56br3OkT0aidoI6ASqwV2N,GBUM71107358
656,"Shake It Out","Florence + The Machine",107,6B,80,2026-03-06,04:37,41,"baroque pop","Ceremonials",2011-01-01,53,1,0,22,0,10,-4,A#/B♭ Major,4,7hooV9TbpBBpwlP2D1OYKy,GBUM71107355
657,"Everybody Scream","Florence + The Machine",120,10A,70,2026-03-06,04:04,65,"baroque pop","Everybody Scream",2025-10-31,56,3,0,10,0,10,-7,B Minor,4,7tMF8Anyf7oIqQZSxE17do,USUM72507826
658,"The Feminine Urge","The Last Dinner Party",118,10B,71,2026-03-06,03:26,64,"","Prelude to Ecstasy",2024-02-02,62,0,0,66,0,10,-6,D Major,4,1gRK6QnBOpNtEDjYKftzTc,GBUM72309272
659,"Sinner","The Last Dinner Party",102,9B,83,2026-03-06,02:56,63,"","Prelude to Ecstasy",2024-02-02,58,0,1,36,0,10,-5,G Major,4,5IXA8J6Xugs507nAzwSa5F,GBUM72305555
660,"Keep on Loving You","REO Speedwagon",175,8B,72,2026-03-06,03:20,75,"soft rock, aor, classic rock","Hi Infidelity (30th Anniversary Edition)",1980-00-00,31,5,0,41,0,10,-6,C Major,4,4rcHWl68ai6KvpXlc8vbnE,USSM11102617
661,"Keep Pushin'","REO Speedwagon",148,12A,91,2026-03-06,04:05,51,"soft rock, aor, classic rock","R.E.O.",1976-05-21,58,3,0,81,0,10,-6,C♯/D♭ Minor,4,6jCQsJUtU9XOtM2b8LkTBf,USSM19913607
662,"We Fly High - Ballin'","Jim Jones",120,3B,66,2026-03-07,03:54,50,"east coast hip hop","M.O.B. Members of Byrdgang",2006-07-15,69,10,0,51,30,40,-10,C♯/D♭ Major,5,6itF8MROxH2MKs5oBuvUTz,USI4R1225260
663,"Danny Phantom","Medusa",160,3A,58,2026-03-07,04:19,34,"","Residuals",2018-03-19,71,26,2,73,20,10,-10,A#/B♭ Minor,4,4JSi9JnH9qb7IvxZmhwNxF,QZBRF1891016
664,"Danny Phantom","Summer Jones",114,10A,56,2026-03-07,01:54,23,"","Danny Phantom",2024-09-13,82,56,0,55,0,10,-5,B Minor,4,6Lq9EywBzav3QqeARcQAqf,QZTL92486630
665,"Danny Phantom","Jutes",88,1B,79,2026-03-07,02:14,35,"","Danny Phantom",2021-09-29,58,19,0,55,0,20,-5,B Major,4,2pytZMsJ05YzfXXGjCLfIz,QM24S2105829
666,"Danny Phantom","Spencer Jordan",157,2B,57,2026-03-07,03:32,0,"","Danny Phantom",2021-02-11,68,46,0,43,20,0,-8,F#/G♭ Major,4,4KfMIwMprfFmHNFoEz6qzl,QZEQU2100048
667,"Danny Phantom (feat. XXXTENTACION)","Trippie Redd,XXXTENTACION",147,10A,80,2026-03-07,02:16,52,"melodic rap, emo rap","Trip At Knight",2021-08-21,63,16,0,81,40,30,-7,B Minor,4,2CxXnPvHjWOrzSVvNs0j8c,QZJ842001150
668,"Danny Phantom (From  Danny Phantom )","Geek Music",120,3A,49,2026-03-07,02:03,37,"anime","Danny Phantom (From  Danny Phantom )",2020-07-09,84,1,0,57,0,10,-10,A#/B♭ Minor,4,26jKQXWE89D5bhSgkBSEhm,QZ5FN2062253
669,"Call Me, Beep Me! (The Kim Possible Song)","Christina Milian",120,6A,80,2026-03-07,02:37,47,"","Songs from Kim Possible (Original Soundtrack)",2020-01-24,89,9,0,88,0,0,-5,G Minor,4,47HmhXbYlMIxpN2ChwNMh9,USWD10220422
670,"Ghost Town","Adam Lambert",120,9A,74,2026-03-07,03:28,63,"","The Original High (Deluxe Version)",2015-06-12,70,19,0,27,0,10,-6,E Minor,4,44aN5xKL3kGHvQ5bXVk6B8,USWB11504265
671,"Swing","Taking Back Sunday",167,4B,93,2026-03-07,03:26,33,"emo, pop punk, screamo, post-hardcore, punk","New Again",2009-05-29,38,0,9,42,0,0,-4,G#/A♭ Major,4,66tVNSi55Hh2J4mfa3Dvuj,USWB10901553
672,"If I Go","Ella Eyre",148,6A,78,2026-03-07,03:03,33,"","Ella Eyre",2015-01-12,55,1,0,59,0,10,-5,G Minor,4,5JO7yGfeJKYjbOXRRdNk64,GBUM71401947
673,"How Long","Tove Lo",97,6A,68,2026-03-07,03:18,55,"","Dirt Femme",2022-10-14,67,2,0,47,0,40,-7,G Minor,4,5qTSLCyc4KtL4H7aCL1RbY,USUM72200735
674,"Die Trying","Michl",125,2B,36,2026-03-07,03:29,49,"","Die Trying",2016-05-10,42,79,0,7,0,10,-8,F#/G♭ Major,4,5JTAGruCIDyRLhKLwFkTnS,TCACO1624341
675,"Kill Our Way to Heaven","Michl",71,3A,45,2026-03-07,03:54,48,"","Michl",2016-08-12,47,86,0,25,0,20,-9,A#/B♭ Minor,4,6MDA9JR00rgB20dIVqaDe9,TCACQ1651811
676,"Sure Thing","Miguel",81,10A,61,2026-03-07,03:15,87,"r&b","All I Want Is You",2010-11-30,68,3,0,50,10,10,-8,B Minor,4,0JXXNGljqupsJaZsgSbMZV,USJI10800160
677,"PILLOWTALK","ZAYN",125,1B,70,2026-03-07,03:22,83,"","Mind Of Mine (Deluxe Edition)",2016-03-25,58,12,0,44,0,0,-4,B Major,4,0PDUDa38GO8lMxLCRc4lL1,USRC11600042
678,"LIKE I WOULD","ZAYN",113,3A,83,2026-03-07,03:12,61,"","Mind Of Mine (Deluxe Edition)",2016-03-25,56,2,0,23,10,20,-6,A#/B♭ Minor,4,1zWMf9bVyhY5W3ZORbjNWt,USRC11600403
679,"Hideaway","Kiesza",123,6A,72,2026-03-07,04:11,56,"","Sound Of A Woman",2014-10-21,84,9,1,20,0,0,-4,G Minor,4,0c6xIDDpzE81m2q797ordA,USUM71400121
680,"BAD CHILD","BAD CHILD",200,12A,49,2026-03-07,02:34,34,"","Sign Up",2019-08-16,38,6,0,54,0,10,-5,C♯/D♭ Minor,4,2hjp28NYmvDkce7RrCUlBq,CAUM71800129
681,"TAKE ME AWAY","OLLIE CHANIN",75,3A,62,2026-03-07,03:42,22,"","YOUNG LUCK",2020-03-26,66,63,0,16,20,10,-9,A#/B♭ Minor,4,31AIfzn1XKUIc4ylR72oeL,USYBL2000389
682,"Dying in the Heat","Nightseason",137,10A,80,2026-03-07,02:58,35,"","Dying in the Heat",2018-09-14,56,11,0,20,0,10,-7,B Minor,4,6n1i3Sgg8k4uMxiaEwLjVa,QM24S1830700
683,"PUMP THE BREAK","MORGXN",102,3B,54,2026-03-07,03:12,41,"","MERIDIAN",2022-02-16,80,4,0,39,0,30,-5,C♯/D♭ Major,4,7baoqD2YuFgFTqdBwf72PC,QM24S2008278
684,"Guillotine","Mansionair,NoMBe",102,1B,65,2026-03-07,02:46,51,"","Happiness, Guaranteed",2022-04-29,69,0,16,84,0,10,-7,B Major,4,3E6FFDeNJvxskxS045jisy,GBKPL2029456
685,"What Do You Want","Nico Vega",100,9B,84,2026-03-07,03:02,45,"southern gothic","Wars",2018-09-14,64,1,0,90,0,0,-2,G Major,4,176J0vB9gMdhcHuRz8YlIC,USDPK1800127
686,"Anything's Possible","Foreign Air",140,10A,71,2026-03-07,04:04,31,"","Hello Sunshine",2022-09-09,54,9,0,49,0,10,-6,B Minor,4,3RfbwqzBZuPpfRZe160HXD,CAN112100510
687,"Where Are You Now","Lost Frequencies,Calum Scott",121,11A,63,2026-03-07,02:29,77,"tropical house, soft pop","All Stand Together",2023-11-10,76,51,0,28,0,10,-8,F#/G♭ Minor,4,3mfER4ORePHvN35cbZ3dkV,BEHP42100067
688,"Dance This Mess Around","The B-52's",161,5B,71,2026-03-09,04:36,49,"new wave, post-punk","The B-52's",1979-00-00,61,2,0,54,0,10,-8,D#/E♭ Major,4,207qLd1ovrqfYVBBDrNMUM,USWB17900060
689,"Private Idaho","The B-52's",166,10B,88,2026-03-09,03:36,58,"new wave, post-punk","Wild Planet",1980-00-00,55,1,0,89,0,30,-7,D Major,4,1y5V5qja332UyMeUurFhDS,USWB18000106
690,"Bad Reputation","Joan Jett & the Blackhearts",204,2B,97,2026-03-09,02:49,62,"rock","Bad Reputation (Expanded Edition)",1981-01-23,38,0,1,82,10,0,-4,F#/G♭ Major,4,7pu8AhGUxHZSCWTkQ2eb5M,USBH18000101
691,"Rock Lobster","The B-52's",92,4B,88,2026-03-09,06:49,65,"new wave, post-punk","The B-52's",1979-00-00,59,1,2,44,0,0,-8,G#/A♭ Major,4,2Q5wSOwq6BDSu7sSVMNrtT,USWB19901100
692,"Down Under","Men At Work",107,10A,46,2026-03-09,03:42,83,"","Business As Usual",1981-11-09,74,13,2,89,0,0,-14,B Minor,4,3ZZq9396zv8pcn5GYVhxUi,USSM18100411
693,"Gold Guns Girls","Metric",180,8A,96,2026-03-09,04:05,64,"","Fantasies",2009-05-02,49,0,5,83,0,0,-5,A Minor,4,6JhUq57XpJeNMxboI4Ne3S,CARB70901905
694,"Help I'm Alive","Metric",118,4A,88,2026-03-09,04:46,71,"","Fantasies",2009-05-02,57,1,0,41,0,30,-5,F Minor,4,0cahtHEywK64NSWqm2SDTi,CARB70901901
695,"Gimme Sympathy","Metric",139,11B,89,2026-03-09,03:54,58,"","Fantasies",2009-05-02,45,1,0,11,0,10,-6,A Major,4,4z2xy1UYMu70xCkWudeL96,CARB70901906
696,"Heads Will Roll","Yeah Yeah Yeahs",132,1A,90,2026-03-09,03:41,68,"indie rock","It's Blitz! (Deluxe Edition)",2009-03-06,56,0,9,79,0,30,-4,G#/A♭ Minor,4,18oWEPapjNt32E6sCM6VLb,USUM70953059
697,"Way Out","Yeah Yeah Yeahs",117,9B,92,2026-03-09,02:51,35,"indie rock","Show Your Bones",2006-01-01,67,4,0,89,0,10,-4,G Major,4,6tmlwJjSw8QLZnBjwZ4Mej,USUM70601045
698,"Phenomena","Yeah Yeah Yeahs",157,10B,90,2026-03-09,04:10,38,"indie rock","Show Your Bones",2006-01-01,50,1,0,47,10,0,-5,D Major,4,63Kdr7jLTZxHr7MgjMiKmh,USUM70601053
699,"Teardrop","Massive Attack,Elizabeth Fraser",77,10A,42,2026-03-09,05:30,76,"trip hop, downtempo","Mezzanine",1998-01-01,62,2,50,22,0,10,-9,B Minor,4,67Hna13dNDkZvBpTXRIaOJ,GBAAA9800322
700,"ET","Madita",90,3B,77,2026-03-09,03:23,1,"trip hop, nu jazz","Pacemaker",2010-06-25,77,3,7,51,0,10,-5,C♯/D♭ Major,4,6sbdWnFpQ5mzjQaNtkwN1w,ATGC90900005
701,"Sour Cherry","The Kills",160,9B,71,2026-03-09,03:08,41,"garage rock","Midnight Boom",2008-03-08,80,12,0,97,10,0,-5,G Major,4,1ICV1zuhS5APyRDXhifYJO,GBCEL0700588
702,"Tape Song","The Kills",116,11B,53,2026-03-09,03:37,41,"garage rock","Midnight Boom",2008-03-08,98,3,0,74,0,0,-4,A Major,4,2v4QDxWYnWApZZhU0D62yW,GBCEL0700582
703,"Black Balloon","The Kills",119,6A,44,2026-03-09,03:50,42,"garage rock","Midnight Boom",2008-03-08,84,13,1,19,0,0,-7,G Minor,4,3N5GWxRqVRfKWwMs0vxFWu,GBCEL0700586
704,"Daniel","Bat For Lashes",135,1A,66,2026-03-09,04:11,53,"art pop, dream pop","Two Suns",2009-01-12,59,1,2,42,0,10,-8,G#/A♭ Minor,4,3jgGvWC8icBVtEj0ZzCvBf,GBBND0801828
705,"Look What We've Become","Grace Potter",93,11A,70,2026-03-09,03:11,25,"","Midnight",2015-01-01,65,4,0,86,0,0,-6,F#/G♭ Minor,4,033XHRodS00XmHxTuVlHNt,USHR11536263
706,"Paris (Ooh La La)","Grace Potter & The Nocturnals",91,12B,87,2026-03-09,03:15,46,"southern gothic","Grace Potter & The Nocturnals",2010-01-01,60,1,0,87,0,20,-3,E Major,4,34saS5yPSyoZ6QYwC7YGfe,USHR11024819
707,"Sugar and Spice","Jocelyn & Chris Arndt",152,10B,60,2026-03-09,03:34,46,"modern blues, blues rock","Sugar and Spice",2021-06-18,67,30,0,84,0,40,-4,D Major,4,3pHvVcToKzumdjDX9tFEA9,QMES92100003
708,"Fisherman","The Peach Kings",123,9A,70,2026-03-09,03:26,40,"","Fisherman",2012-05-02,80,18,0,68,0,10,-8,E Minor,4,7iXR11NaUdhfbAl9Aux0vP,TCACH1572329
709,"Heat Stroke","Black Math",120,4B,85,2026-03-09,02:36,42,"","Black Math",2016-12-09,73,3,1,24,20,10,-5,G#/A♭ Major,4,6eO78rJBtNGmKDdVS0USVT,TCACT1668460
710,"Horns","Bryce Fox",156,2B,75,2026-03-09,03:37,61,"","Heaven on Hold",2017-10-20,49,8,0,33,20,20,-5,F#/G♭ Major,4,49qEikVVPd6PgH6S2pbXjZ,TCACN1612157
711,"Freaks","The Hawk In Paris",133,1B,79,2026-03-09,03:20,40,"","Freaks",2013-10-29,65,0,63,82,0,10,-5,B Major,4,2pEPwdpxKzEi7zC3uxzFJs,TCABQ1330637
712,"Rules","Rafferty",137,3A,86,2026-03-09,03:12,49,"","Rules",2017-03-10,63,4,2,53,0,20,-5,A#/B♭ Minor,4,2a6ehG2BKj0TQr3MBh81Q7,TCACY1731321
713,"Kiss Bang","grandson",79,11A,83,2026-03-09,02:52,42,"","Kiss Bang",2017-03-03,32,0,22,32,0,30,-4,F#/G♭ Minor,1,20UffSyFaybW0xW04IhSbL,USRC11700086
714,"Bury Me Face Down","grandson",142,12A,63,2026-03-09,03:51,56,"","Bury Me Face Down",2016-12-16,39,2,0,16,0,0,-5,C♯/D♭ Minor,4,0LSzBkkQZZkwV656r6etLg,USRC11601782
715,"What Do They Know?","Mindless Self Indulgence",154,9B,79,2026-03-09,03:08,68,"","You'll Rebel to Anything (Expanded and Remastered 2008)",2005-00-00,65,4,0,60,0,20,-5,G Major,4,5abubE0dYFaEPDeM2sZ4TY,US68L0500006
716,"SPIT IN MY FACE!","ThxSoMch",94,4B,79,2026-03-09,02:27,80,"","SPIT IN MY FACE!",2022-12-20,73,5,2,65,0,10,-7,G#/A♭ Major,4,1N8TTK1Uoy7UvQNUazfUt5,USAT22223103
717,"A Little Bit Harder Now","She Wants Revenge",120,9B,75,2026-03-09,02:54,73,"darkwave, gothic rock","Up and Down",2009-09-22,77,0,0,91,0,10,-3,G Major,4,5td7LYTivVH0MXXwin8QvE,USI4R0911563
718,"Luving U","6LACK",122,6B,47,2026-03-09,04:12,56,"","FREE 6LACK",2016-11-18,72,9,0,14,10,10,-10,A#/B♭ Major,4,5irqvOUbWsUefjZ8KPSQ66,USUG11601110
719,"Did You Get My Message?","Jason Mraz",170,3B,75,2026-03-09,04:00,31,"soft pop, acoustic pop","Mr. A-Z",2005-07-26,53,43,0,65,0,0,-5,C♯/D♭ Major,4,4OI0mQIFAvlHFm2PPSOG0R,USEE10500843
720,"FarAway","Pacific Air",130,4B,80,2026-03-09,03:59,2,"","Stop Talking",2013-01-01,58,0,29,69,0,0,-7,G#/A♭ Major,4,4addWz723II2aHsOpvmPH4,USUM71304778
721,"Ring My Bells","Enrique Iglesias",115,11A,63,2026-03-09,03:55,39,"latin pop, latin","Insomniac",2007-01-01,82,11,0,43,0,0,-7,F#/G♭ Minor,4,5DbUPekbGprJNwubQHaFtU,USUM70734408
722,"Devil in Disguise","Marino",110,12A,40,2026-03-09,01:44,81,"","Devil in Disguise",2025-07-18,90,51,0,62,0,10,-10,C♯/D♭ Minor,4,3MKhTroJs5GF9H7LqN9fiw,CA5KR2543145
723,"Little Girl Gone","CHINCHILLA",160,12A,67,2026-03-09,03:08,73,"","Little Girl Gone",2023-09-01,71,18,0,50,20,0,-6,C♯/D♭ Minor,4,56rpEOCBATYItSa4yPksfe,GBGLW2300286
724,"Goodbye","Kristinia DeBarge",120,12A,82,2026-03-09,03:28,47,"","Exposed (Deluxe Edition)",2009-01-01,78,1,0,65,0,10,-3,C♯/D♭ Minor,4,5myYDbAurm1CW038qd4gL2,USUM70959699
725,"Lose My Mind","Pacific Air",117,8B,74,2026-03-09,03:06,19,"","Stop Talking (Spotify Exclusive)",2013-01-01,71,0,13,63,0,0,-5,C Major,4,2TtLHwMd2qGw1jn0mV82ES,USUM71304773
726,"You Haunt Me","Sir Sly",142,9B,87,2026-03-09,03:41,38,"","You Haunt Me",2014-09-16,57,6,0,60,0,20,-4,G Major,4,2c5auu2wlDjh3PqH35qzrc,USUM71409925
727,"Wasted","Rainbow Kitten Surprise",126,7A,62,2026-03-09,03:17,40,"","RKS",2015-00-00,79,12,32,58,0,10,-8,D Minor,4,1FR3L7nXhjToxCz67ERIxq,USAT21800292
728,"All Your Love","Sir Sly",122,11A,45,2026-03-09,03:07,42,"","All Your Love",2020-05-01,73,52,1,23,0,10,-9,F#/G♭ Minor,4,0sL5WC2mgffTiCXUA0g2nh,USUM72007487
729,"Seven","Rainbow Kitten Surprise",136,10B,53,2026-03-09,03:45,41,"","Seven + Mary",2013-00-00,64,5,0,19,10,10,-7,D Major,4,42JRoxbDZJh3nfoKwj0wEz,USAT21800305
730,"Kathleen","Catfish and the Bottlemen",138,10A,89,2026-03-09,02:40,66,"indie, indie rock","The Balcony",2014-09-15,49,0,0,60,0,40,-5,B Minor,4,1MHYAqWWdDRePmnqORynrq,GB6TW1400011
731,"Cocoon","Catfish and the Bottlemen",133,6A,91,2026-03-09,03:56,69,"indie, indie rock","The Balcony",2014-09-15,45,0,0,33,0,0,-4,G Minor,4,1B241LRKmK6qDDTZfUajmm,GB6TW1400027
732,"Longshot","Catfish and the Bottlemen",103,9B,77,2026-03-09,03:52,64,"indie, indie rock","The Balance",2019-04-26,48,0,0,47,0,10,-4,G Major,4,2VcS3oKcOPkubN9LVzZ96l,GBUM71804352
733,"8 O 8","J€AN-MARC",100,10A,67,2026-03-09,03:22,65,"","8 O 8",2020-10-31,92,11,0,54,10,0,-6,B Minor,4,5bp2ijoNHjLlZJqyqPWglv,QZMER2022203
734,"My Hand/Lawless Dream","Matt Maeson",113,6B,56,2026-03-09,05:42,35,"","Never Had to Leave",2022-08-26,56,8,0,25,0,10,-7,A#/B♭ Major,4,72HVBW3f3TF2p8aCP1h1Nu,USAT22207426
735,"Youth","Daughter",147,8B,53,2026-03-09,04:13,61,"","If You Leave",2013-01-01,40,89,1,41,0,10,-11,C Major,4,2ubUxHP2XzxO2WmcF1dJCo,USYAH1300029
736,"Numbers","Daughter",131,11A,71,2026-03-09,04:16,38,"","Not to Disappear",2016-01-15,42,29,59,21,0,10,-10,F#/G♭ Minor,4,0ue1SRXyvMme9iCSSWcuWb,GBAFL1500135
737,"Doing the Right Thing","Daughter",136,5A,64,2026-03-09,05:14,33,"","Not to Disappear",2016-01-15,42,71,11,12,0,0,-9,C Minor,4,4AQILH5ZnBEdRcy5qTLeWG,GBAFL1500136
738,"Grave Digger","Matt Maeson",139,11A,49,2026-03-09,03:58,44,"","Who Killed Matt Maeson",2017-03-31,63,5,0,43,10,10,-8,F#/G♭ Minor,4,3DAQWIPCCpmPDrb02wFrxb,USAT21700418
739,"Sweater Weather","The Neighbourhood",124,6B,81,2026-03-09,04:00,93,"","I Love You.",2013-04-22,61,5,2,40,0,10,-3,A#/B♭ Major,4,2QjOHCTQ1Jl3zawyYOpxh6,USSM11300080
740,"She Is","The Fray",139,6A,82,2026-03-09,03:56,57,"","How To Save A Life",2005-09-13,50,1,0,47,0,20,-3,G Minor,4,5Re8AyLirdL9F5VeLI8JzN,USSM10503838
741,"If It's Love","Train",95,2B,92,2026-03-09,03:59,50,"soft pop","Save Me, San Francisco (Golden Gate Edition)",2010-12-01,63,1,0,64,10,30,-3,F#/G♭ Major,4,3g4GTF5OZrLrmk7hGZFkH8,USSM10904110
742,"Saints and Sailors","Dashboard Confessional",112,3B,74,2026-03-09,02:33,45,"emo, pop punk","The Places You Have Come to Fear the Most",2001-03-20,66,40,0,46,0,20,-6,C♯/D♭ Major,4,0kMMibKZeDcABgOWqY3LUm,USVR90235405
743,"The Best Deceptions","Dashboard Confessional",172,3B,40,2026-03-09,04:14,45,"emo, pop punk","The Places You Have Come to Fear the Most",2001-03-20,46,80,0,36,0,10,-9,C♯/D♭ Major,4,6yJl0W1IVV1DsTr0vfDY2e,USVR90235403
744,"The Places You Have Come to Fear the Most","Dashboard Confessional",91,2B,48,2026-03-09,02:54,41,"emo, pop punk","The Places You Have Come to Fear the Most",2001-03-20,56,76,0,71,0,0,-11,F#/G♭ Major,4,1oSoBjO9hnKWQVUZ80wsAL,USVR90235409
745,"Bright Lights","Matchbox Twenty",80,12B,73,2026-03-09,03:54,61,"post-grunge","More Than You Think You Are",2002-11-01,32,1,0,20,0,60,-4,E Major,4,4dZhQj20JbKlD9oR0X8kjZ,USAT20202655
746,"Savin' Me","Nickelback",164,5B,82,2026-03-09,03:39,68,"post-grunge, rock","All the Right Reasons",2005-09-26,44,0,0,52,0,40,-4,D#/E♭ Major,4,4Gd9PUEuOTOJtbgd4YxLXM,NLA320581344
747,"Heard The World","O.A.R.",136,8A,75,2026-03-09,05:01,41,"jam band","Stories Of A Stranger",2005-10-04,53,3,0,44,0,30,-4,A Minor,4,6EFULiQESbQXrZH9eT6mnT,USAT20505808
748,"Shattered (Turn The Car Around)","O.A.R.",106,1B,78,2026-03-09,04:15,64,"jam band","All Sides (Deluxe Edition)",2008-07-15,57,2,0,46,0,10,-6,B Major,4,6jlqDfX8TQNxcaAz5oxYJA,USAT20801955
749,"The Middle","Jimmy Eat World",162,10B,85,2026-03-09,02:45,83,"emo, pop punk","Bleed American",2001-07-17,64,4,0,90,0,0,-5,D Major,4,6GG73Jik4jUlQCkKg9JuGO,USDW10110256
750,"555","Jimmy Eat World",105,2B,51,2026-03-09,03:41,43,"emo, pop punk","Surviving",2019-10-18,42,1,0,19,0,0,-8,F#/G♭ Major,4,2TJkd845G0ocbd0m5jLroC,USRC11901701
751,"1901","Phoenix",144,8B,83,2026-03-09,03:13,76,"indie","Wolfgang Amadeus Phoenix",2009-05-25,60,6,0,71,0,10,-5,C Major,4,68hYdj3GepWm2R202KhJT7,FR31Q0900002
752,"Feels Like Nothing","Foreign Air",82,6A,36,2026-03-09,02:41,18,"","Such That I May Glow",2025-08-22,24,3,0,37,0,30,-9,G Minor,5,2J29mwSNBxcx3ToeD6YJ5R,CAN112500288
753,"Woman Gone Mad","ILUKA",168,2A,61,2026-03-09,02:57,8,"","Manic Pixie Dream Girl",2025-07-11,50,1,0,16,0,10,-5,D#/E♭ Minor,4,79iQ3xyBMKGrwBoAk1CVax,CAN112500289
754,"Dark Blue - 2015 Remastered","Jack's Mannequin",163,5B,94,2026-03-09,04:11,54,"pop punk","Everything In Transit",2005-00-00,32,1,0,33,10,10,-5,D#/E♭ Major,4,3tZwKujD64Ad6vlDVxZOrg,USWB11507816
755,"It Was A Sin","The Revivalists",156,9B,60,2026-03-09,04:54,64,"","Men Amongst Mountains",2015-07-15,43,36,0,13,0,10,-7,G Major,4,2JRkfugsvOPvTLmd0dVppc,USWU31500064
756,"Locked In A Cage","Brick + Mortar",83,7B,84,2026-03-09,03:16,48,"","Bangs",2013-01-01,56,5,2,36,0,30,-5,F Major,4,1Z4bpgy49F5P9mQrp29OVK,USUM71308353
757,"drywall","Paris Paloma",176,3B,62,2026-03-09,03:42,45,"","Cacophony",2024-08-30,47,26,0,42,0,30,-7,C♯/D♭ Major,3,0FtqTBzLrTkNqE38nQSUVw,CAN112301828
758,"Words As Weapons","Seether",110,4A,90,2026-03-30,04:00,67,"post-grunge, alternative metal, rock","Isolate And Medicate (Deluxe Edition)",2014-01-01,59,1,0,61,0,0,-6,F Minor,4,0aYQsp1vZZcX0JBEJvKF7N,QMFMK1400003
759,"See You At The Bottom","Seether",166,9B,91,2026-03-30,03:38,33,"post-grunge, alternative metal, rock","Isolate And Medicate (Deluxe Edition)",2014-01-01,45,0,0,56,0,0,-5,G Major,4,7eEDnKfd16K7472wPfS3aP,QMFMK1400001
760,"Same Damn Life","Seether",118,7B,95,2026-03-30,03:19,40,"post-grunge, alternative metal, rock","Isolate And Medicate (Deluxe Edition)",2014-01-01,60,0,0,78,0,30,-4,F Major,4,69xFBtjc1cAGKjB5VpdZ8i,QMFMK1400002
761,"Breath","Breaking Benjamin",183,4A,87,2026-03-30,03:38,75,"alternative metal, post-grunge, rock","Phobia (Clean Version)",2006-01-01,35,0,0,31,0,0,-4,F Minor,4,4JXfNOePhdgMOI7KZ1L25U,USHR10622219
762,".intoodeep.","Dead Poet Society",125,4B,68,2026-03-30,03:39,56,"","-!- (Deluxe)",2021-12-03,60,0,0,49,0,30,-6,G#/A♭ Major,4,54jvLVojOWiQRubRfKmZ2k,GBUM72003959
763,"Running In Circles","Dead Poet Society",142,5B,84,2026-03-30,03:53,60,"","FISSION",2024-01-26,62,0,0,64,0,30,-3,D#/E♭ Major,4,4pEU0NT64oiem9lDT7nuJn,GBPVV2305351
764,"Fake It","Seether",132,4B,95,2026-03-30,03:13,36,"post-grunge, alternative metal, rock","Finding Beauty In Negative Spaces (Bonus Track Version)",2007-01-01,61,0,0,65,0,0,-4,G#/A♭ Major,4,1aItKhUXwDGVNQIMdsEv5u,USWU30700144
765,"Fine Again","Seether",176,11A,86,2026-03-30,04:03,78,"post-grunge, alternative metal, rock","Disclaimer",2002-01-01,44,0,1,36,0,20,-3,F#/G♭ Minor,4,4eTIe5eqds88bA9ua6p5p6,USWU30200015
766,"Truth","Seether",100,3A,80,2026-03-30,03:50,63,"post-grunge, alternative metal, rock","Karma and Effect",2005-01-01,52,1,2,56,0,20,-6,A#/B♭ Minor,4,5KUUpftdyMnSZNOyO3qydy,USWU30500017
767,"Crawling In The Dark","Hoobastank",94,11A,93,2026-03-30,02:55,67,"nu metal","Hoobastank (20th Anniversary Edition)",2001-00-00,59,0,0,65,10,20,-5,F#/G♭ Minor,4,1PJRDeZSoZk7gtisdTYfLi,USIR20110243
768,"Out Of Control","Hoobastank",158,9A,97,2026-03-30,02:42,63,"nu metal","The Reason (20th Anniversary)",2024-01-12,44,0,0,46,10,30,-4,E Minor,4,166u1Cs46FmXoOaTGxh8aB,USIR20300559
769,"Let It Out","Hoobastank",140,2B,97,2026-03-30,03:18,37,"nu metal","The Reason (20th Anniversary)",2024-01-12,45,3,0,48,10,20,-3,F#/G♭ Major,4,6mzOcLeJAgzszTUcaoXo5v,USIR20300698
770,"Going Under","Evanescence",175,10A,86,2026-03-30,03:34,82,"alternative metal","Fallen",2003-03-04,37,1,0,46,0,20,-5,B Minor,4,3UygY7qW2cvG9Llkay6i1i,USWU30200108
771,"Just Pretend","Bad Omens",140,4A,83,2026-03-30,03:24,81,"metalcore","THE DEATH OF PEACE OF MIND",2022-02-25,46,0,0,20,0,10,-5,F Minor,4,31rneVrsMC6jefCoDyQKam,USYFZ2264208
772,"Blurry","Puddle Of Mudd",157,2A,94,2026-03-30,05:03,77,"post-grunge","Come Clean",2001-08-28,43,1,0,50,0,10,-5,D#/E♭ Minor,4,0FLBNqc5oAiTt4J2e3fe3y,USIR10110581
773,"Points of Authority","Linkin Park",95,1A,97,2026-03-30,03:20,75,"nu metal, rap metal, rock, alternative metal","Hybrid Theory (Bonus Edition)",2000-10-24,51,3,0,43,20,10,-4,G#/A♭ Minor,4,5egqKwgK5r5rvGD1LrtR7J,USWB10002404
774,"Running Away","Hoobastank",100,8A,82,2026-03-30,02:58,55,"nu metal","Hoobastank (20th Anniversary Edition)",2001-00-00,51,0,0,49,0,20,-5,A Minor,3,6xdSzlVVKW3fQidPxBImTG,USIR20180402
775,"So Far Away","Crossfade",106,9A,94,2026-03-30,03:25,61,"post-grunge","Crossfade",2004-04-13,50,0,0,40,0,20,-5,E Minor,4,2tHImX6L0zzQKyle2E99O4,USSM10400171
776,"Into The Ground","Seether",104,4B,93,2026-03-30,04:19,57,"post-grunge, alternative metal, rock","Into The Ground",2026-03-20,56,0,0,49,0,0,-4,G#/A♭ Major,4,4qV6jreikyokvMUOnsEb8k,USC4R2445114
777,"FMLYHM","Seether",196,10B,82,2026-03-30,03:28,58,"post-grunge, alternative metal, rock","Finding Beauty In Negative Spaces (Bonus Track Version)",2007-01-01,37,0,0,31,0,10,-4,D Major,4,7kwsODkk97z4tn9pW3GkaK,USWU30700134
778,"Addicted","Saving Abel",138,9B,86,2026-03-30,03:42,73,"post-grunge","Saving Abel",2008-01-01,51,0,0,53,0,10,-4,G Major,4,3pxCXv0NACYfYnLjFcQW5D,USVI20701296
779,"I Get Off","Halestorm",170,10A,89,2026-03-30,03:03,63,"","Halestorm (Deluxe)",2009-02-25,46,1,0,65,10,0,-4,B Minor,4,0JKY13K1Io2aqXJb96UyzX,USAT20900324
780,"PDA","Interpol",138,11A,91,2026-03-30,04:59,59,"indie rock, post-punk","Turn On The Bright Lights",2002-08-20,24,0,88,25,0,0,-6,F#/G♭ Minor,4,286mFeYjBJ9fkioaIzaxoN,USMTD0254504
781,"My Desire","Interpol",106,11B,79,2026-03-30,05:00,52,"indie rock, post-punk","El Pintor",2014-09-08,33,0,64,53,0,20,-5,A Major,4,4exq1I0pGXq9HFQ3fOo7Gq,USMTD1404916
782,"Entombed","Deftones",130,6B,75,2026-03-30,04:59,79,"nu metal, alternative metal, rap metal, rock, shoegaze","Koi No Yokan",2012-11-09,40,1,13,17,0,30,-4,A#/B♭ Major,4,4bLCPfBLKlqiONo6TALTh5,USRE11200412
783,"Like a Stone","Audioslave",108,6A,57,2026-03-30,04:53,82,"grunge, post-grunge, alternative metal","Audioslave",2002-11-17,61,1,0,52,0,10,-5,G Minor,4,3YuaBvuZqcwN3CEAyyoaei,USSM10211587
784,"Milk & Coffee","NoMBe",91,9B,80,2026-03-30,03:55,52,"","They Might've Even Loved Me",2018-03-23,56,0,0,71,0,40,-5,G Major,4,4gLlwN9kdpaoV8dH7TvK4T,TCADN1886512
785,"Painting (Masterpiece)","Lewis Del Mar",92,2B,86,2026-03-30,04:03,48,"","Lewis Del Mar",2016-10-07,73,28,0,71,0,0,-5,F#/G♭ Major,4,4kK14radw0XfwxJDPt9tnP,USSM11605396
786,"Take My Love and Run","Bad Suns",92,2B,87,2026-03-30,03:08,43,"","Language & Perspective",2014-07-01,66,0,1,80,0,70,-3,F#/G♭ Major,4,1iX1Ca1yTRAG50lQllPm1n,USVR91421205
787,"Electric Bones","Findlay",95,3B,88,2026-03-30,03:12,41,"","Forgotten Pleasures",2017-03-03,59,0,0,67,0,90,-4,C♯/D♭ Major,4,2P7s3YjIeYTpzfFG5sZzFG,GBKPL1512008
788,"Our Song","Rainbow Kitten Surprise",96,9B,71,2026-03-30,01:56,51,"","Our Song",2020-10-09,66,20,0,53,10,0,-7,G Major,4,4aeW1xk0D7GDiuAdR04FXz,USAT22006121
789,"home ft. WALK THE MOON","MORGXN,WALK THE MOON",100,1B,71,2026-03-30,03:25,42,"","home ft. WALK THE MOON",2018-09-21,67,4,0,84,0,30,-4,B Major,4,1Wm8n5eQpDaOk2eQjf8ENd,USHR11838947
790,"Obsession","Joywave",102,10A,84,2026-03-30,03:06,50,"","Possession",2020-03-13,66,1,0,88,0,20,-5,B Minor,4,3BUEXULG9L4AZDEh9CePFE,USHR11939279
791,"Used to the Darkness","Des Rocs",106,9A,75,2026-03-30,04:16,61,"","Let the Vultures In",2018-11-02,67,18,0,47,0,10,-5,E Minor,4,3SemJVQCsUo0K3QGN7pIXu,GBKPL1805608
792,"I'm Not Really Here","X Ambassadors",109,11B,83,2026-03-30,03:18,19,"","Townies",2024-10-18,71,1,62,83,0,30,-6,A Major,4,2CxUw9KnY5VHugLbBZiCAF,USA2P2352165
793,"Don't You Know","Jaymes Young",112,4A,70,2026-03-30,04:08,50,"","Feel Something",2017-06-23,75,18,0,76,0,10,-9,F Minor,4,4f38RwYxPBNhdvng6rAqEA,USAT21700624
794,"Body Heat","Goldie Boutilier",115,9A,53,2026-03-30,04:02,62,"","Cowboy Gangster Politician",2022-11-03,88,14,8,88,0,20,-9,E Minor,4,3pdYo6FJHk8ZBr7r3MJvCe,QM6N22217540
795,"Too Sweet","Hozier",117,6B,62,2026-03-30,04:11,81,"","Unreal Unearth: Unaired",2024-08-19,74,3,0,93,0,0,-6,A#/B♭ Major,4,76JKIsdKrAfWUMjaA0u7v5,USSM12401865
796,"Damage Done","Kita Alexander",118,11A,48,2026-03-30,03:58,31,"","Damage Done",2016-11-21,75,11,0,69,0,10,-7,F#/G♭ Minor,4,09TSAykx6dM7ml7oX5mrbn,AUWA01600500
797,"Salt","Bad Suns",120,4B,94,2026-03-30,03:46,52,"","Language & Perspective",2014-07-01,71,5,0,89,0,10,-4,G#/A♭ Major,4,4BZZF85cZXl7zl7ajFnQ0y,USVR91316303
798,"Brazil","Declan McKenna",121,12B,62,2026-03-30,04:12,83,"","What Do You Think About the Car?",2017-04-21,69,9,0,67,0,0,-5,E Major,4,4sNG6zQBmtq7M8aeeKJRMQ,GBARL1500856
799,"Capricorn","Elderbrook",121,1B,85,2026-03-30,02:49,34,"","Capricorn",2018-08-09,83,1,65,87,0,10,-6,B Major,4,6FDtusHKRJdlHLApla3VSa,GBAYE1800680
800,"Running From My Shadow (feat. grandson)","Mike Shinoda,grandson",122,12A,72,2026-03-30,03:24,33,"","Post Traumatic (Deluxe Version)",2018-06-15,76,2,0,64,0,10,-7,C♯/D♭ Minor,4,5gUQFMygSLElrIgjLhaBq6,USWB11800653
801,"Red Hot Lights","Moon Taxi",123,1A,87,2026-03-30,03:30,44,"","Daybreaker",2015-10-02,60,1,0,55,0,10,-3,G#/A♭ Minor,4,0mSkDkqPV4jF2KJar2Nje9,QMRSZ1501139
802,"East of Eden","Zella Day",123,12A,80,2026-03-30,03:06,59,"","Kicker",2015-01-01,60,4,0,57,0,10,-3,C♯/D♭ Minor,4,2Wc2tcQl7cPetPKeXH3GD3,TCABY1452166
803,"Typical Ways","Culture Wars",123,4A,74,2026-03-30,02:39,58,"","Typical Ways",2025-03-25,72,11,0,97,0,0,-4,F Minor,4,1NOjGNiE6rh8ybXW182pCh,QZHN72552171
804,"Thank God I'm Not You","HIMALAYAS",126,10A,83,2026-03-30,03:14,56,"","Thank God I'm Not You",2017-05-12,54,0,1,77,0,0,-4,B Minor,4,65cQN8pUC0dkKryUhEqJPh,USCGJ1798848
805,"Cowboy Gangster Politician","Goldie Boutilier",130,9A,70,2026-03-30,03:52,70,"","Cowboy Gangster Politician",2022-11-03,67,21,1,63,0,10,-7,E Minor,4,2SeDdNjPvN3uwkolnG2ODi,QM6N22217486
806,"thank god","Christian French",136,11A,63,2026-03-30,02:39,29,"","The Space Between",2023-09-02,84,7,0,79,0,20,-6,F#/G♭ Minor,4,15605LNVSpT3Chvx8jWYm8,USRC12300416
807,"Red Balloon","Deal Casino",152,11B,85,2026-03-30,02:55,37,"","Deal Casino",2017-07-14,61,1,0,65,0,0,-7,A Major,4,2vHCIINidJ4QhniGOiPxMl,TCADC1757263
808,"Love Galore (feat. Travis Scott)","SZA,Travis Scott",135,8B,59,2026-03-30,04:35,78,"r&b, rap","Ctrl",2017-06-09,80,11,0,41,0,10,-6,C Major,4,0q75NwOoFiARAVp4EXU4Bs,USRC11700886
809,"Get It Girl (from Insecure: Music From The HBO Original Series, Season 5)","Saweetie,Raedio",100,3B,65,2026-03-30,02:45,41,"","Get It Girl (from Insecure: Music From The HBO Original Series, Season 5)",2021-11-12,95,3,0,41,10,0,-6,C♯/D♭ Major,4,2QcWBgN96CO3eex8VSKJOh,USAT22107430
810,"Elevator Eyes","Tove Lo",156,10B,70,2026-03-30,02:58,46,"","Dirt Femme (Extended Cut)",2023-08-11,64,6,0,61,0,0,-6,D Major,4,1AZoLkRwhHY5xSL9lGYrlc,USA2P2335767
811,"Bare Wit Me","Teyana Taylor",118,4A,50,2026-03-30,02:08,61,"","The Album",2020-06-19,73,14,8,50,0,10,-9,F Minor,4,0hi5V0ExKfjCz9zLxhVAcl,USUM72010832
812,"Anywhere","112",126,7B,50,2026-03-30,04:04,59,"r&b","Room 112",1998-00-00,59,17,0,86,20,10,-8,F Major,4,0Zze3tFRSNwL6KllmYjLgZ,USBB40580300
813,"Permission","Ro James",76,11A,48,2026-03-30,04:38,57,"","ELDORADO",2017-03-29,66,20,0,31,0,0,-4,F#/G♭ Minor,4,3gx6E5B42WHKf5agVWQAf2,USRC11502056
814,"CIGARETTES","Amir Obe",144,11A,38,2026-03-30,03:10,57,"","None Of The Clocks Work",2017-03-30,66,4,0,24,0,10,-8,F#/G♭ Minor,4,3TfTZ3fGLYtR1azsY8iEp4,USUM71701296
815,"Count Me In","THEY.",130,4A,70,2026-03-30,03:28,42,"","The Amanda Tape",2020-10-23,63,43,0,39,0,10,-5,F Minor,4,46Q2ekN2VAXOLTCOfSizLu,USUM72010002
816,"Diamonds And Pearls","THEY.",145,11A,60,2026-03-30,03:08,49,"","LOVE.JONES",2025-02-14,70,12,0,63,0,0,-5,F#/G♭ Minor,4,07CSJlkyMq8kDHmYzZts4a,QMB622401701
817,"No Guidance (feat. Drake)","Chris Brown,Drake",93,12A,45,2026-03-30,04:20,81,"r&b, rap","Indigo",2019-06-28,70,12,0,14,10,10,-7,C♯/D♭ Minor,4,6XHVuErjQ4XNm6nDPVCxVX,USRC11901583
818,"Distant Lover","bLAck pARty",98,2A,60,2026-03-30,02:58,48,"indie soul, alternative r&b","The Last Dance",2025-07-22,61,44,0,32,0,10,-6,D#/E♭ Minor,4,3p4TWyRbo5uVuLVFN8hLQo,QM24S2501485
819,"Sugah Daddy","D'Angelo",93,3B,55,2026-03-30,05:02,47,"neo soul","Black Messiah",2014-12-15,79,4,27,68,20,0,-11,C♯/D♭ Major,4,53l4LGUeZKCDZI1u25kQDN,USRC11403098
820,"ROBBERY (feat. Doechii)","A$AP Rocky,Doechii",98,3B,49,2026-03-30,03:55,54,"rap, ","Don't Be Dumb",2026-01-21,47,71,0,54,10,0,-9,C♯/D♭ Major,4,6b2oJD0igcwhNzMZ8VQjzJ,USRC12502334
821,"Just Me","LION BABE",130,9A,40,2026-03-30,02:57,0,"alternative r&b, indie soul","Insecure: Music from the HBO Original Series, Season 3",2018-09-21,64,37,0,43,0,30,-4,E Minor,4,2C5awnc1seBGYFEGbHGydt,USRC11803198
822,"Summer Love","bLAck pARty",160,2A,60,2026-03-30,01:14,46,"indie soul, alternative r&b","Mango",2016-10-14,62,59,0,86,0,30,-8,D#/E♭ Minor,3,6mLNU3uGKZ1fLcJv9J1u7G,TCACS1607076
823,"DYWM","Nao",92,7A,62,2026-03-30,04:55,35,"alternative r&b, uk r&b","For All We Know",2016-07-29,74,29,0,33,10,0,-8,D Minor,4,3xg0KCbvT3GPtAnaXMKd4E,GBARL1600556
824,"Show You (Remix) [feat. Q] [from Insecure: Music From The HBO Original Series, Season 4]","Baby Rose,Raedio,Q",88,11A,56,2026-03-30,04:16,12,"alternative r&b","Insecure: Music From The HBO Original Series, Season 4",2020-06-12,50,9,0,28,0,10,-6,F#/G♭ Minor,4,3sxhUHx3oY8aV4yhGfZhHT,USAT22002702
825,"Rewind (from Insecure: Music From The HBO Original Series, Season 4)","Ravyn Lenae,Raedio",80,10A,54,2026-03-30,02:33,10,"alternative r&b, indie soul, ","Insecure: Music From The HBO Original Series, Season 4",2020-06-12,62,64,37,43,10,10,-8,B Minor,4,4QkLfQgbSHGGWO3c9YP4kv,USAT22002288
826,"Dive","Victoria Monét",130,10B,58,2026-03-30,03:45,46,"alternative r&b","JAGUAR",2020-08-07,75,26,12,53,0,10,-6,D Major,4,0X0MCiE18F0xztZ6G6lQuz,US23A1501858
827,"Jaguar","Victoria Monét",106,2B,63,2026-03-30,03:31,51,"alternative r&b","JAGUAR",2020-08-07,72,1,0,36,0,0,-7,F#/G♭ Major,4,6mnnWzRl1C6LABvoUar9tF,US23A1512042
828,"Orion's Belt","Sabrina Claudio",84,8A,35,2026-03-30,03:17,56,"","Confidently Lost",2017-03-02,53,86,0,54,30,0,-10,A Minor,4,0RTnMChwd0ARVY3zOyNdaP,USAT21700447
829,"OT","Niykee Heaton",100,1A,57,2026-03-30,04:14,40,"","The Bedroom Tour Playlist",2016-03-18,58,12,0,17,10,10,-6,G#/A♭ Minor,4,2gZPA22EFF9rzq6hahAU8F,USUM71602238
830,"Open (Passionate)","Kehlani",124,4A,46,2026-03-30,04:05,62,"","It Was Good Until It Wasn't",2020-05-08,49,14,0,18,0,10,-7,F Minor,4,4J4yA7A68PmgSbjAn425eY,USAT22002478
831,"Water","Kehlani",142,1A,51,2026-03-30,02:02,59,"","It Was Good Until It Wasn't",2020-05-08,77,43,0,51,0,10,-7,G#/A♭ Minor,4,4ot7u8Ij91aHKohSV2QYZi,USAT22002471
832,"Yeah, I Said It","GABI",127,9B,56,2026-03-30,02:26,35,"","Yeah, I Said It",2016-11-18,42,62,0,16,30,30,-9,G Major,4,6lCfc6h4c1g2zCzfUvBvuh,QZJG52018325
833,"Lullaby - mega remix","JayDon,Paradise,USHER",180,11A,57,2026-03-30,03:53,58,"r&b","Lullaby (mega remix)",2025-12-12,43,12,0,45,10,0,-4,F#/G♭ Minor,3,3UKsi5Qkp4L8quumXsKnie,QZS7J2598715
834,"Karma","Lucky Daye",76,4A,68,2026-03-30,03:04,40,"","Painted",2019-05-24,72,13,0,81,30,30,-6,F Minor,4,0xB7i2AhQZT7nnor7rb15L,USRC11803653
835,"Falsetto","THE-DREAM",131,8B,55,2026-03-30,04:31,58,"r&b","Love/Hate",2007-01-01,73,16,0,48,0,10,-4,C Major,4,2P1e3xpjDhYFqOFeu8IWzS,USUM70761838
836,"Pink & Pretty","Moyann",103,10A,49,2026-03-30,02:21,28,"dancehall, soca","Pink & Pretty",2024-01-12,94,18,0,79,10,10,-7,B Minor,4,0yRHwLN1I5nSAXOyvlhGCx,QM4TW2420952
837,"It's Goin' Down (feat. Nitti)","Yung Joc,NITTI",84,12A,58,2026-03-30,04:01,72,"crunk, southern hip hop, east coast hip hop","New Joc City",2006-06-06,89,10,0,61,0,10,-8,C♯/D♭ Minor,4,05Sgj1Hx03ZXc57gsV1kfX,USBB40610080
838,"Magic Stick","Lil' Kim",93,10B,50,2026-03-30,05:59,64,"east coast hip hop","La Bella Mafia",2003-03-03,85,12,0,50,20,20,-8,D Major,4,0aULRU35N9kTj6O1xMULRR,USAT20300282
839,"Hey Baby","No Doubt,Bounty Killer",94,10A,87,2026-03-30,03:27,62,"dancehall, ragga, reggae, riddim, lovers rock","Rock Steady (Expanded Edition)",2001-12-11,71,6,0,75,10,20,-4,B Minor,4,2QsoVMTKj5m5kgztTOep98,USIR10120513
840,"Ms. Jackson","Outkast",95,9A,81,2026-03-30,04:30,85,"southern hip hop, hip hop","Stankonia",2000-10-31,84,14,0,61,20,0,-6,E Minor,4,0I3q5fE6wg7LIfHGngUTnV,USLF20000357
841,"Fish Paste","Die Antwoord",95,2B,49,2026-03-30,04:17,39,"","$O$",2010-01-01,87,9,0,62,40,20,-6,F#/G♭ Major,4,5Ar7TB13XZYF6sDb6RoyWz,USUM71018401
842,"It Wasn't Me","Shaggy,Rik Rok",95,8B,61,2026-03-30,03:47,83,"reggae, dancehall, riddim, ragga, lovers rock","Hot Shot",2000-08-08,85,6,0,65,0,30,-5,C Major,4,3WkibOpDF7cQ5xntM1epyf,USMC10000393
843,"Can't C Me","2Pac",95,8B,85,2026-03-30,05:30,72,"old school hip hop, gangster rap, west coast hip hop, g-funk, hip hop","All Eyez On Me",1996-02-13,80,4,0,67,10,30,-2,C Major,4,7rUchbZxrhF29Q0vYjKEU0,USKO10404416
844,"Love Like","Kehlani",97,3B,75,2026-03-30,02:08,42,"","While We Wait 2",2024-08-28,78,2,0,62,0,10,-5,C♯/D♭ Major,4,0EzGo7e1iSzk8GurP7pn15,USAT22407811
845,"You're a Jerk","New Boyz",99,12B,46,2026-03-30,03:09,54,"","Skinny Jeanz and a Mic",2009-08-31,93,15,0,52,30,0,-6,E Major,4,30QbrkRLEimw7HWXb7ntrU,USEA20900194
846,"Second Best","Younger Hunger",103,10B,68,2026-03-30,03:48,39,"","Second Best",2019-12-06,73,3,0,50,0,0,-6,D Major,4,1R36Jj9wFabESqqGdhlj5I,QMEZE1949362
847,"Bootylicious","Destiny's Child",103,12A,84,2026-03-30,03:27,64,"","Survivor",2001-05-01,84,0,0,64,20,10,-4,C♯/D♭ Minor,4,41nT1Sp6ChR65FbsdLlFHW,USSM10102677
848,"Butterfly","Crazy Town",104,8A,81,2026-03-30,03:36,77,"rap rock, nu metal","The Gift Of Game",2000-12-15,74,0,0,61,0,10,-4,A Minor,4,4BggEwLhGfrbrl7JBhC8EC,USSM19911429
849,"How Many Licks? (feat. Sisqo)","Lil' Kim,Sisqo",105,3A,85,2026-03-30,03:52,58,"east coast hip hop, ","The Notorious K.I.M.",2000-06-16,78,5,0,65,10,30,-3,A#/B♭ Minor,4,5jv3QxL0MFswzM1UJ2qQJM,USAT20001914
850,"It Makes Me Ill","*NSYNC",105,9A,86,2026-03-30,03:26,51,"","No Strings Attached",2000-03-21,81,1,0,65,0,0,-5,E Minor,4,0gbysjaH16DW29QpUnowcx,USJI10000048
851,"Queen of the Night - Radio Edit","Whitney Houston",105,8B,90,2026-03-30,03:08,56,"","The Bodyguard - Original Soundtrack Album",1992-11-17,74,0,1,76,0,10,-7,C Major,4,7lARcL3Gu0wKcPcQ3t9xiF,USAR19200114
852,"Come Baby Come","K7",106,10B,73,2026-03-30,03:59,66,"freestyle","Swing Batta Swing",1993-11-09,83,3,0,55,10,0,-8,D Major,4,2b8RCiPb2rtG5AQ1FwyUZX,USTB10300395
853,"Everybody (Backstreet's Back) - Extended Version","Backstreet Boys",108,3A,81,2026-03-30,04:47,64,"","Backstreet Boys",1996-00-00,79,1,0,51,0,20,-5,A#/B♭ Minor,4,5WTxbyWTpoqhdxEN2szOnl,USJI19710084
854,"HEATED","Beyoncé",111,3B,73,2026-03-30,04:20,68,"","RENAISSANCE",2022-07-29,79,6,0,50,10,20,-6,C♯/D♭ Major,4,1w7cgGZR86yWz1pA2puVJD,USSM12206239
855,"Paparazzi","Lady Gaga",115,4A,69,2026-03-30,03:28,77,"art pop, pop","The Fame",2008-01-01,76,11,0,40,0,0,-4,F Minor,4,7Hqig8kp32q2Ire3ECQvWM,USUM70824408
856,"Touch It","Monifah",115,1A,48,2026-03-30,04:45,56,"new jack swing","Mo'Hogany",1998-01-01,86,3,5,78,0,0,-10,G#/A♭ Minor,4,3upCmUgdchN3u0vkedbC5S,USUR19800992
857,"Dream Walkin'","Toby Keith",117,7B,75,2026-03-30,03:57,59,"country, classic country","Dream Walkin'",1997-01-01,71,9,0,54,0,0,-6,F Major,4,2N4Lw4tS3KBx0PMJ7ZJXiy,USMR19787115
858,"Hollow Moon (Bad Wolf)","AWOLNATION",120,8B,76,2026-03-30,04:18,48,"","Run",2015-03-17,75,9,53,41,0,10,-5,C Major,4,7cfr3F2jpzjwqL6ZhGfjtH,USP6L1400287
859,"Don't Cha","The Pussycat Dolls,Busta Rhymes",120,3B,64,2026-03-30,04:32,72,"east coast hip hop","PCD",2005-01-01,88,1,0,57,0,10,-3,C♯/D♭ Major,4,1gZ7i4qxXkHZb1r6eioaAP,USUM70503191
860,"She's A Lady","Tom Jones",120,10B,88,2026-03-30,02:54,70,"","Tom Jones Sings She's A Lady",1971-05-01,51,21,0,62,10,20,-9,D Major,4,5JnHzjo25FY1fMQMQVOawB,GBF077121420
861,"Little Bit","Lykke Li",120,9B,74,2026-03-30,04:33,69,"","Youth Novels",2008-06-06,82,16,0,70,0,10,-7,G Major,4,0Ps4Eh6SQjeLnubbCsQTDD,SEVUM0700701
862,"Grit Your Teeth","Martin Luke Brown",122,4A,71,2026-03-30,03:52,25,"","Grit Your Teeth",2018-03-16,81,12,0,48,0,10,-6,F Minor,4,5YyehzRoHpRdHKzi7HSafT,GB8MX1800012
863,"Die Another Day","Madonna",124,5A,76,2026-03-30,04:39,34,"","Music From The MGM Motion Picture Die Another Day",2002-11-12,80,9,0,49,0,10,-7,C Minor,4,6KUQfbYcFIGZtyr0mdQuv4,USWB10202888
864,"Lose Control (feat. Ciara & Fat Man Scoop)","Missy Elliott,Ciara,Fatman Scoop",125,9A,81,2026-03-30,03:46,72,"hip hop, ","The Cookbook",2005-07-04,90,3,1,81,10,0,-7,E Minor,4,0UaMYEvWZi0ZqiDOoHU3YI,USEE10414022
865,"Wild Thing","Tone-Loc",126,9B,69,2026-03-30,04:23,66,"","Loc-ed After Dark",1989-01-01,94,0,0,81,10,0,-12,G Major,4,0gljI0CtjpdZK6ecidfxto,USA370507633
866,"Sweet Nothing (feat. Florence Welch)","Calvin Harris,Florence Welch",128,1A,93,2026-03-30,03:32,80,"edm, ","18 Months",2012-10-29,57,20,0,58,10,0,-4,G#/A♭ Minor,4,24LS4lQShWyixJ0ZrJXfJ5,GBARL1201392
867,"Get Up (feat. Chamillionaire)","Ciara,Chamillionaire",129,12A,60,2026-03-30,04:21,67,"southern hip hop","The Evolution",2006-00-00,96,2,0,63,10,0,-7,C♯/D♭ Minor,4,3rKCDtV8UcF0RytSiXxypc,USLF20600131
868,"Like a Boy","Ciara",132,5A,72,2026-03-30,03:57,67,"","The Evolution",2006-00-00,70,27,0,43,10,0,-6,C Minor,4,358bOvBiZCS9fRzNYosw6c,USLF20600599
869,"Forgot About Dre","Dr. Dre,Eminem",134,4B,74,2026-03-30,03:42,80,"old school hip hop, g-funk, gangster rap, west coast hip hop, hip hop, rap","2001",1999-11-16,92,8,0,62,0,10,-1,G#/A♭ Major,4,7iXF2W9vKmDoGAhlHdpyIa,USIR19915077
870,"Old Town Road (feat. Billy Ray Cyrus) - Remix","Lil Nas X,Billy Ray Cyrus",136,2B,62,2026-03-30,02:37,79,"","7",2019-06-21,88,5,0,64,10,10,-6,F#/G♭ Major,4,2YpeDb67231RjR0MgVLzsG,USSM11902498
871,"Snap Backs & Tattoos","Driicky Graham",140,3A,69,2026-03-30,03:29,46,"","Snap Backs & Tattoos",2012-03-20,86,12,0,54,30,10,-4,A#/B♭ Minor,4,5V4zERFNNI0ic4OvrmB5Ti,USKO11200828
872,"Tunnel Vision","Justin Timberlake",142,9A,77,2026-03-30,06:46,53,"","The 20/20 Experience (Deluxe Version)",2013-03-15,57,28,0,57,0,40,-6,E Minor,4,79MOydAvZYm8nyyzd6fiVi,USRC11300063
873,"Aphrodite","Sam Short",115,7B,66,2026-03-30,02:21,56,"pop singer-songwriter","Aphrodite",2024-01-05,47,3,0,45,0,10,-6,F Major,4,7qXikOoj2QEA7GzrT6XLqk,QM24S2308744
874,"love me","Ex Habit",88,9A,57,2026-03-30,02:58,62,"dark r&b","love me",2023-03-28,55,1,0,15,0,10,-7,E Minor,4,6Gpim0VEZc2UZRVcapsWIv,UKZGC2301327
875,"out of order","Ella Boh,Ari Abdul",73,3B,73,2026-03-30,03:22,52,"dark r&b","milk & honey",2025-08-01,48,2,0,41,0,10,-6,C♯/D♭ Major,4,28JwV80s9m30TsJNk1BtAt,DE1FB2500156
876,"So Far So Fake","DarkLux,Xizt",99,7A,65,2026-03-30,03:20,54,"","So Far So Fake",2025-08-15,60,37,0,36,0,10,-7,D Minor,4,2iPdcPHbVRzLfDZQv49mq7,MXA3V2453875
877,"Bad Bad Bad","Ramsey",140,4A,42,2026-03-30,03:53,0,"","The Art Of Survival",2019-10-12,48,3,0,30,0,50,-14,F Minor,4,32Pop1e0LCG6mngpSuHQbe,CA5KR1943818
878,"Sucker for Pain (with Wiz Khalifa, Imagine Dragons, Logic & Ty Dolla $ign feat. X Ambassadors)","Lil Wayne,Wiz Khalifa,Imagine Dragons,X Ambassadors,Logic,Ty Dolla $ign",169,8A,79,2026-03-30,04:03,79,"rap, hip hop, trap soul","Sucker for Pain (with Logic & Ty Dolla $ign feat. X Ambassadors)",2016-06-24,50,26,0,74,30,60,-4,A Minor,4,4dASQiO1Eoo3RJvt74FtXB,USAT21601893
879,"can't get over you","BLACKWELL",125,11A,64,2026-03-30,02:54,43,"","can't get over you",2024-12-13,76,0,0,89,0,20,-6,F#/G♭ Minor,4,0O8mSSGxKvlqqqZpb09bWh,USLD91768021
880,"Kiss","Presley Regier",125,4A,57,2026-03-30,02:31,46,"","Kiss",2025-08-08,91,5,0,76,0,0,-6,F Minor,4,6dzBzOOeBpTvv5iotTf2HJ,USRC12501404
881,"HAUNT ME","Johnny Goth",110,10B,73,2026-03-30,03:38,45,"bedroom pop","HAUNT ME",2023-09-19,63,0,85,23,0,20,-4,D Major,4,0zCi2lF3bGHIIj4SECIOG9,QZTAW2349629
882,"Who Do You Want","Ex Habit",105,9A,52,2026-03-30,02:20,67,"dark r&b","Who Do You Want",2022-03-28,59,24,0,25,10,40,-7,E Minor,4,131SfRMv57LKf8xtaSt39k,DEWO71700333
883,"how could u love somebody like me?","Artemas",146,11A,86,2026-03-30,02:06,72,"","how could u love somebody like me?",2024-10-09,49,8,0,31,20,10,-4,F#/G♭ Minor,4,7bn5nXdatftk0CHSrd7NHQ,QZJ842403175
884,"you've been a bad girl","Artemas",137,9A,87,2026-03-30,02:23,60,"","yustyna",2024-07-11,58,0,0,37,0,10,-2,E Minor,4,6Gron8VFcNPwj7ZamJe7Pt,QZJ842401766
885,"Daddy Issues","The Neighbourhood",85,6B,52,2026-03-30,04:20,86,"","Wiped Out!",2015-10-30,59,7,15,34,0,10,-9,A#/B♭ Major,4,5E30LdtzQTGqRvNd7l6kG5,USSM11506747
886,"Touch Myself","Genitorturers",100,5A,94,2026-03-30,03:21,55,"industrial, industrial metal, industrial rock, ebm","Touch Myself EP",2001-01-01,50,0,74,47,0,50,-4,C Minor,4,7qVHpz4zkA5TYTefBKrhR6,USTC00955894
887,"Ultimate Sinner","Miss Cherry Delight",119,2B,70,2026-03-30,03:28,25,"riot grrrl","Eat the Evidence",2019-05-11,60,0,0,36,0,10,-6,F#/G♭ Major,4,2yt0nXhzSoWG5Jxe29GcCc,TCAEE1980461
888,"PRETTY PLEASE","Dutch Melrose,benny mayne",122,9A,69,2026-03-30,02:46,72,"dark r&b, ","PRETTY PLEASE",2024-04-24,68,1,0,70,0,40,-6,E Minor,4,6kOdk29M8h6ZfHz4byVG0t,QZK6N2432063
889,"Muse","Isabel LaRosa",88,10A,73,2026-03-30,02:24,59,"","Raven",2025-04-18,41,5,0,22,0,30,-5,B Minor,4,0GcIpFrLWnB1sLIlxNw1VP,USRC12402999
890,"Obsessed","Jutes",100,7B,86,2026-03-30,02:42,59,"","Sleepyhead",2024-08-01,57,0,53,56,0,40,-4,F Major,4,5WZPSMhtwBh6Fz1drpy8rB,QZPEW2449291
891,"Club Song","The Pussycat Dolls",120,10B,70,2026-03-30,02:27,68,"","Club Song",2026-03-12,73,2,0,48,0,0,-5,D Major,4,5XzS5QmnzhAyYkVndZro5Y,QZNWP2552684
892,"southbound","Artemas",97,9B,92,2026-03-30,02:17,70,"","LOVERCORE",2025-10-24,57,0,0,57,20,50,-4,G Major,4,5Dpryv5D5xUTMrqd82JwGD,QZJ842501250
893,"Cinnamon","Marika Hackman",100,8A,60,2026-03-30,02:52,24,"southern gothic, ambient folk","Sugar Blind EP",2013-12-09,60,68,0,10,0,0,-10,A Minor,4,3LXTe5bEeBgMbEK4BK3WDc,GBK3W1000233
894,"release","Maybe Roxanne",93,12A,42,2026-03-30,01:54,34,"","release",2023-11-10,70,0,1,20,0,10,-16,C♯/D♭ Minor,4,29UsGnRUJ8688u1ffmJM0W,QZTB82301948
895,"Empty","Metric",146,9A,60,2026-03-30,05:55,40,"","Live It Out",2005-00-00,60,2,76,36,0,0,-8,E Minor,4,3wNUaKeGPWmbB7139pfZdj,CAL450590801
896,"Sweetdreams (Podval Capella Remix)","Emily Browning,Podval Capella",182,5A,56,2026-03-30,03:14,26,"","Sweetdreams (Podval Capella Remix)",2021-08-12,42,36,8,8,0,10,-7,C Minor,4,62iKTy8uSGWJpliTtyCjsN,TCAFS2140965
897,"Monster - Semothy Jones Remix","MEG MYERS",103,8A,58,2026-03-30,03:11,20,"","Daughter in the Choir",2013-04-19,56,14,0,24,0,20,-9,A Minor,4,5dgEPa7m9DhjKVs4F8LkPb,USAT21301043
898,"Feral Love","Chelsea Wolfe",124,4A,48,2026-03-30,03:22,45,"neofolk, southern gothic, doom metal","Pain Is Beauty",2013-09-03,60,5,87,4,0,0,-12,F Minor,4,7j2exhvPCgzRQT9Hs6AAJ8,USA2P1332106
899,"Together","The xx",96,12A,32,2026-03-30,05:25,52,"","Fiction EP",2013-07-15,61,44,74,12,0,10,-9,C♯/D♭ Minor,4,15y44uyGiDqQWLlhc1Rj9l,GBBKS1300042
900,"Run","Daughter",93,6A,38,2026-03-30,04:06,39,"","Smother",2012-01-01,35,66,4,27,0,0,-14,G Minor,4,0Z8AZPNU3pBapL0SLSdMql,USYAH1200374
901,"Big Love (Animal Kingdom Main Title Theme)","Claudia Sarne,Atticus Ross",123,7B,91,2026-03-30,03:12,34,"score, ","Animal Kingdom (Original Television Score)",2021-07-09,63,0,0,55,0,10,-6,F Major,4,4Gfr0K9ah5NKAbcMSoneM7,USNLR2000188
902,"In the Dark","Cathedrals",133,1A,85,2026-03-30,03:43,43,"","Cathedrals - EP",2014-09-03,60,0,0,54,0,0,-4,G#/A♭ Minor,4,49gE0a0YPRMXRp43QhnHH8,TCABZ1452174
903,"The Passenger","Hunter As a Horse",120,8A,65,2026-03-30,03:35,41,"","The Passenger",2016-03-04,53,0,4,7,0,10,-8,A Minor,4,1mn2iu0kxbZ62IuNAe3lqR,UKDNR1600003
904,"Numb","Jade Monet",84,5A,50,2026-03-30,03:04,37,"","Numb",2025-10-31,62,12,0,50,0,0,-6,C Minor,4,0jH1uhTrESRDrmk9wuTwHT,QT6E52564317
905,"THANK GODDESS","Qveen Herby",106,8A,74,2026-03-30,02:47,53,"","THE MUSE",2023-02-14,91,17,0,38,10,0,-5,A Minor,4,27IubiEgQJczAE6OC7PgmQ,QZFZ62344251
906,"STUPID (feat. Yung Baby Tate)","Ashnikko,Baby Tate",150,10B,64,2026-03-30,02:47,65,"","Hi, It's Me",2019-07-12,77,0,0,54,10,0,-7,D Major,4,6qNB2ChCVPepl5ZjVJJTUW,GBAYE1900593
907,"Little Boy","Ashnikko",130,12A,49,2026-03-30,02:52,53,"","DEMIDEVIL",2021-01-15,78,11,0,33,10,0,-7,C♯/D♭ Minor,4,660rulYF3eLCuW6rQpiMdL,GBAYE2000708
908,"People I Don't Like","UPSAHL",90,10A,57,2026-03-30,02:22,63,"","People I Don't Like",2020-07-17,75,27,0,55,30,30,-7,B Minor,4,5srKMwXoeyrRnyTnNbpgIW,USQX92003333
909,"Do It Like A Girl","Morgan St. Jean",148,7A,40,2026-03-30,02:43,55,"","Do It Like A Girl",2022-04-07,52,3,0,32,0,10,-9,D Minor,3,2pY0EPtqQb0GJGUY7EzxqP,UKW3Q2000074
910,"Shut Up and Let Me Go","The Ting Tings",108,9B,93,2026-03-30,02:51,41,"alternative dance","We Started Nothing",2008-07-29,85,1,0,89,0,0,-4,G Major,4,6tN0t7Y1bFI1ZU98Ou8Z3i,GBARL0800134
911,"Grow A Pear","Kesha",120,8B,67,2026-03-30,03:28,64,"","Cannibal (Expanded Edition)",2010-11-19,86,2,0,89,0,10,-4,C Major,4,2ISUiwj8xXqHeUFcen0AIU,USRC11000890
912,"Drop The World","Lil Wayne,Eminem",145,3B,91,2026-03-30,03:49,66,"rap, hip hop","Rebirth",2009-01-01,66,7,0,34,30,20,-2,C♯/D♭ Major,4,3e21cX0CVwzkQXiHz7WUQZ,USCM50901210
913,"Take From Me","Bad Meets Evil",147,3B,78,2026-03-30,03:25,51,"","Hell: The Sequel (Deluxe)",2011-01-01,69,2,0,61,20,30,-5,C♯/D♭ Major,4,7n4PRAJjYzGFr1DR3KHYMU,USUM71107495
914,"What Goes Around.../...Comes Around (Interlude)","Justin Timberlake",76,9B,72,2026-03-30,07:28,81,"","FutureSex/LoveSounds",2006-09-12,69,12,0,43,0,50,-5,G Major,4,3pD0f7hSJg2XdQ6udw5Tey,USJI10600479
915,"That's All She Wrote","T.I.,Eminem",170,9B,79,2026-03-30,05:18,71,"southern hip hop, rap, hip hop","No Mercy",2010-12-02,50,3,0,36,30,0,-3,G Major,4,6XAA7T9VHcqKQSzjmXAJ8o,USAT21002600
916,"The Kill","Thirty Seconds To Mars",183,9A,91,2026-03-30,03:51,82,"","A Beautiful Lie",2005-08-16,18,0,0,29,0,50,-4,E Minor,3,0lP4HYLmvowOKdsQ7CVkuq,USVI20500136
917,"Numb","Linkin Park",110,11A,87,2026-03-30,03:07,90,"nu metal, rap metal, rock, alternative metal","Meteora",2003-03-25,49,0,0,21,0,40,-4,F#/G♭ Minor,4,2nLtzopw4rPReszdYBJU6h,USWB10300474
918,"In the End","Linkin Park",105,2A,86,2026-03-30,03:36,91,"nu metal, rap metal, rock, alternative metal","Hybrid Theory (Bonus Edition)",2000-10-24,56,1,0,40,0,20,-6,D#/E♭ Minor,4,60a0Rd6pjrkxjPbaKzXjfq,USWB10002407
919,"Ooh Kill Em","Meek Mill",134,6A,72,2026-03-30,02:18,43,"rap","Unreleased Killadelphia Muzik",2014-10-27,76,2,0,38,20,10,-8,G Minor,4,0z5jiuz3oC84uqta6qwq02,QMPKX1886749
920,"Private","The Neighbourhood",124,7A,58,2026-03-30,03:49,65,"","Private",2025-10-23,73,1,73,44,0,0,-6,D Minor,4,1735xgk2J8CHCGY2LS1HM6,USWB12503647
921,"labour","Paris Paloma",84,10A,57,2026-03-30,03:57,73,"","Cacophony",2024-08-30,65,38,0,45,10,30,-10,B Minor,4,0e00DiF2T9znEdmWakYSC3,CAN112300498
922,"YOU CAN ASK THE FLOWERSYOU CAN ASK THE FLOWERS - HORROR MIX","Nia Blake",120,4A,27,2026-03-30,01:36,60,"","YOU CAN ASK THE FLOWERS (HORROR MIX)",2025-06-25,68,39,0,62,0,50,-11,F Minor,4,6Rt1erogKxkqAgD6eU41j1,US92U2500806
923,"Quicksand","Morray",120,9A,66,2026-03-30,03:44,59,"","Street Sermons",2021-04-28,90,8,0,60,20,10,-7,E Minor,4,4iCZ6Cr76For1TuHUQ90r8,CA5KR2101974
924,"Save a Little","Shordie Shordie",95,4A,55,2026-03-30,03:12,65,"",">Music",2020-04-03,85,20,0,77,20,0,-11,F Minor,4,5EilUTEDk4Z2h3uANZPTO5,USWB12000575
925,"You Scared Part II - Album Edit - Explicit","Three 6 Mafia",160,9B,78,2026-03-30,04:17,28,"southern hip hop, horrorcore, crunk, gangster rap","Da Unbreakables (Explicit Version)",2003-06-24,90,2,0,54,10,10,-5,G Major,4,1SfXo5YUoTfrhChW10OXnH,USSM10306974
926,"I Don't Need It","Jamie Foxx",117,8A,68,2026-03-30,03:58,37,"","Intuition",2008-12-11,88,17,0,61,0,10,-7,A Minor,4,13mvD9MoPBoskbqOHkBZHK,USJAY0800291
927,"RUDE","Ella Isaacson",130,7B,52,2026-03-30,02:24,51,"","RUDE",2023-02-10,79,32,0,41,0,10,-4,F Major,4,2PXHdc5d8Uuckc2e9hhBEV,QM24S2300202
928,"Not Enough","Daughter",77,8B,66,2026-03-30,03:11,39,"","Not Enough",2026-01-15,53,12,12,65,0,10,-10,C Major,4,60wP3TZcl0sOFVfWrbADui,GBAFL2500778
929,"COPYCAT","Billie Eilish",125,9A,39,2026-03-30,03:14,74,"","dont smile at me",2017-12-22,68,35,0,23,0,30,-11,E Minor,4,5w7wuzMzsDer96KqxafeRK,USUM71707478
930,"Better By Myself","Hey Violet",97,11A,72,2026-03-30,03:14,45,"","Better By Myself",2019-04-12,70,6,0,89,0,10,-7,F#/G♭ Minor,4,77ixMBo91onYG37mAZiaUj,USUG11900503
931,"Notebook","Melanie Martinez",93,8A,50,2026-03-30,02:30,49,"","K-12 (After School – Deluxe Edition)",2020-09-24,88,36,0,79,0,0,-9,A Minor,4,5qLjcPwpJ1cisCDbmqM6xZ,USAT22005790
932,"Oh No","Biig Piig",166,9B,41,2026-03-30,02:44,61,"","Oh No / Liahr",2020-10-21,70,41,79,38,10,10,-9,G Major,4,5OplD6jkrUT7XJFFIM6mph,GBARL2001251
933,"Black Cat","Valley Boy",84,10B,42,2026-03-30,02:56,21,"","Thursday Friday",2021-04-02,56,60,20,47,0,20,-9,D Major,4,4TpGdf05nm8lYiBPbXjwv2,GBKPL2020798
934,"Do You Think I'm Pretty","Racing Mount Pleasant",108,1A,32,2026-03-30,05:42,55,"art rock","Grip Your Fist, I'm Heaven Bound",2022-11-11,55,49,1,32,0,30,-13,G#/A♭ Minor,4,4CbNiKt4MugG8a7eWnRID4,QZTAU2223374
935,"stupid","Tate McRae",96,5A,58,2026-03-30,02:53,66,"","all the things i never said",2020-01-24,67,7,0,26,0,10,-6,C Minor,4,0gIxF0RR0miqWLs2fPQGBu,USRC11903366
936,"CAN'T TOUCH THIS","BIA",126,11B,48,2026-03-30,02:26,50,"","FOR CERTAIN (Deluxe)",2021-10-22,98,1,0,74,20,0,-8,A Major,4,1LJYn86ysceH708AIkw0VZ,USSM12103007
937,"Lady Jesus","UPSAHL",168,10A,68,2026-03-30,02:15,44,"","Lady Jesus",2021-10-08,66,4,0,90,10,10,-6,B Minor,4,4HkJ9MoO7sQHQ6hCxJN01w,USAR12100094
938,"Obsessed","Elle Lexxa",129,9B,66,2026-03-30,03:29,0,"","Obsessed",2020-10-24,54,1,0,34,0,20,-9,G Major,4,2QgDqRuKcCOd3iIWcspgUr,UKW3Z2000596
939,"A NEW SOCIETY","MEG MYERS",83,10A,83,2026-03-30,03:42,25,"","TZIA",2023-03-24,63,3,0,41,10,10,-5,B Minor,4,7iOoa56RM0SvKugO5cUD9z,USYFZ2319902
940,"So Rich, So Pretty","Mickey Avalon",95,1A,66,2026-03-30,03:26,39,"","Mickey Avalon",2006-01-01,82,5,0,66,10,10,-5,G#/A♭ Minor,4,5WMhGD4wrLWQKX8buBT6uj,USUM70614405
941,"Electric Feel","Coast Modern",103,4A,88,2026-03-30,03:12,37,"","Electric Feel",2018-02-28,66,4,6,51,0,10,-5,F Minor,3,3eTUqHAu59HLPICniWzzbY,QMCE31801642
942,"MAMMAMIA","Måneskin",142,12A,68,2026-03-30,03:06,63,"","MAMMAMIA",2021-10-08,77,0,0,79,0,10,-3,C♯/D♭ Minor,4,78SCmQ8A7KQSMdkem2SwBP,ITB002100961
943,"strawberry lipstick","YUNGBLUD",127,6B,92,2026-03-30,02:43,55,"","weird!",2020-12-04,41,0,0,18,10,40,-4,A#/B♭ Major,4,75ELnvpSiymLZVmYvqyvZJ,USUG12002400
944,"Lipstick And Leather","Y&T",136,12A,96,2026-03-30,03:26,35,"glam metal, hard rock, glam rock, aor, arena rock","In Rock We Trust (Expanded Edition)",1984-00-00,51,4,0,65,0,40,-2,C♯/D♭ Minor,4,1W1J4GG5A9bSrobVZcKW6H,USAM10500140
945,"Choke","I DONT KNOW HOW BUT THEY FOUND ME",120,9A,85,2026-03-30,03:15,66,"","Choke",2018-08-24,52,0,0,58,0,30,-4,E Minor,4,37mfTcSlX60JtAvAETytGs,TCADH1774692
946,"S’old","Taking Back Sunday",167,3B,88,2026-03-30,02:43,42,"emo, pop punk, screamo, post-hardcore, punk","152",2023-10-27,40,0,0,47,0,10,-4,C♯/D♭ Major,4,3CnO992SN5Pg4teEUJ8z2X,USC4R2336204
947,"STOLE YA FLOW","A$AP Rocky",161,7B,72,2026-03-30,03:19,74,"rap","Don't Be Dumb",2026-01-16,56,7,0,11,0,60,-4,F Major,4,2FycFFuNMVVYIiIqeldXF5,USRC12502325
948,"Hard Habit To Break","The Kills",138,8A,86,2026-03-30,03:52,28,"garage rock","Ash & Ice",2016-06-03,72,2,28,77,0,0,-9,A Minor,4,2mBIHFv81gM8vgB5ACICpR,GBCEL1600030
949,"All Your Friends Still Scare Me","Dexter and The Moonrocks",115,2B,84,2026-03-30,03:27,52,"","Donkey Flats",2025-12-31,62,1,0,38,0,10,-4,F#/G♭ Major,4,5tAIRDxjqJeMoaiLaVBrad,USUG12510592
950,"Bedroom Posters (feat. Good Charlotte)","Yellowcard,Good Charlotte",140,9B,90,2026-03-30,03:38,55,"pop punk, punk, emo","Bedroom Posters (feat. Good Charlotte)",2026-01-16,43,0,0,16,0,0,-4,G Major,4,1L2Z2Xpta5CZ59kIazq9Xp,USDPK2500239
951,"Dangerous Animals","Arctic Monkeys",125,5B,92,2026-03-30,03:30,57,"indie, garage rock","Humbug",2009-08-20,34,1,0,53,10,20,-5,D#/E♭ Major,4,0pdp3VrR4WQaswf0GyT0Y0,GBCEL0900444
952,"Sculptures Of Anything Goes","Arctic Monkeys",72,9A,31,2026-03-30,03:59,59,"indie, garage rock","The Car",2022-10-21,59,70,1,26,0,10,-11,E Minor,4,5hljqZrl0h7RcIhUnOPuve,GBCEL2200514
953,"A Light That Waits","The Fray",146,10A,83,2026-03-30,03:23,49,"","A Light That Waits",2026-01-23,57,9,0,50,0,10,-6,B Minor,4,58gVmfPYnafwxolIaPPqDo,US6R22574887
954,"Cowboy Casanova","Carrie Underwood",120,7B,82,2026-03-30,03:55,65,"country","Play On",2009-00-00,60,3,0,58,0,10,-3,F Major,4,6OqdF0vHI9xkqswI7EK0cD,GBCTA0900293
955,"Baggage Claim","Miranda Lambert",81,4B,93,2026-03-30,03:18,43,"country","Four The Record",2011-11-01,70,7,0,96,0,0,-3,G#/A♭ Major,4,1hTSImeofoaFWptq9JSFpP,USG4X1100042
956,"Somethin' Bad (with Carrie Underwood)","Miranda Lambert,Carrie Underwood",90,11B,89,2026-03-30,02:49,66,"country","Platinum",2014-06-02,68,5,0,48,0,0,-5,A Major,4,6s9m5J92By7jii22Q2XtY2,USRN11300235
957,"Down To The Bottom","Dorothy",87,10A,61,2026-03-30,02:32,51,"southern gothic","Through The Years",2023-10-09,61,1,0,53,0,20,-5,B Minor,4,0Wi3WUcwypMsOQWu70C5z1,QMJMT1701255
958,"I'm Done Runnin'","Samantha Fish",100,8B,90,2026-03-30,03:05,33,"modern blues, blues, blues rock","I’m Done Runnin'",2025-03-14,56,2,0,55,0,30,-7,C Major,4,19qNi1II1ih7b1Aq236oPh,USRO22404956
959,"Keep Going","Taking Back Sunday",96,12A,88,2026-03-30,03:12,35,"emo, pop punk, screamo, post-hardcore, punk","152",2023-10-27,52,0,0,34,0,20,-5,C♯/D♭ Minor,4,4JulM1wpS95uCNI8AbzrHE,USC4R2336205
960,"Hole in My Head","The Chicks",153,10B,87,2026-03-30,03:22,36,"country","Fly",1999-08-27,60,15,0,90,0,0,-7,D Major,4,6wxVOknGabpV763hFCIkV8,USSM19901541
961,"Blue Gasoline","Airways",113,9B,64,2026-03-30,03:17,47,"","Blue Gasoline",2018-12-14,61,0,0,49,0,10,-6,G Major,4,6IAQGogKOkE69G7OcXQ28e,QM6P41890348
962,"In Da Club","1950 SoulClub,1960 SoulClub,Lewis Hanton",169,4A,78,2026-03-30,03:37,38,"","1950s Soul Club : Classis Song Covers",2025-11-12,39,13,0,70,0,10,-5,F Minor,4,79819fAGWpdwZcpsue7fo2,QZAKB2535487
963,"Stayin Alive x In Da Club (Mashup)","Antifarox,DJ Kuff",104,3A,64,2026-03-30,03:27,54,"rkt, turreo","Stayin Alive x In Da Club (Mashup Mix)",2025-01-05,81,48,0,96,10,0,-12,A#/B♭ Minor,4,3JsPk7ZPo3ruhkNVhknVvA,AR5UH2401467
964,"Teenage Dirtbag","Scott Bradlee's Postmodern Jukebox,Jax",167,11B,50,2026-03-30,03:54,33,"swing music, jazz pop, electro swing, ","33 Resolutions Per Minute",2017-01-05,37,65,0,49,0,30,-6,A Major,4,3tD1y4fp6O23n57Jsmkmx5,GBDMT1600277
965,"Pretty Boy","poutyface",126,3B,89,2026-03-30,02:32,39,"","Boys Will Be Boys",2021-11-30,54,1,0,68,10,30,-5,C♯/D♭ Major,4,4rTYW2D4ndQC02e6qAPo2p,USUM72121026
966,"BOY CRAZY.","Kesha",180,3B,81,2026-03-30,02:28,50,"","BOY CRAZY.",2025-05-16,54,5,7,82,0,10,-7,C♯/D♭ Major,4,5CiPDLxXmUG7Fk5yjlNy9n,US38Y2525386
967,"girl with a problem","Amy Allen",154,8B,49,2026-03-30,02:51,25,"","girl with a problem",2024-05-01,55,61,4,54,0,10,-10,C Major,3,3XftKOFKKZKMt36MKV7fH4,QM4TX2442875
968,"Good Girl Killer","Paula Dalla Corte",160,11A,88,2026-03-30,02:40,44,"","Fashion",2024-06-21,51,16,0,76,0,20,-4,F#/G♭ Minor,4,2yewUYkMycqa5kZg0mzOLg,DEUM72307278
969,"good girls","Josie Edwards",99,10A,55,2026-03-30,02:29,65,"","good girls",2025-05-16,76,69,0,48,0,0,-3,B Minor,4,3MdsL90Koc9eUO4xiwBuvX,QZNWQ2581937
970,"Drop Stop Roll","Rainbow Kitten Surprise",105,4B,67,2026-03-30,02:50,58,"","Drop Stop Roll",2023-04-10,73,4,0,37,0,10,-9,G#/A♭ Major,4,1y3NV3N99VoSP4crdkbog7,USAT22303038
971,"Stay Away","Two Feet",110,10B,72,2026-03-30,03:50,43,"","Songs For February",2026-02-06,50,6,5,16,0,10,-3,D Major,4,0KnjvgJtt8hSAcBOcjOrQ8,QM4TW2621530
972,"To The Boy","Kylie Muse",82,2A,33,2026-03-30,02:19,45,"","To The Boy",2022-12-02,47,76,0,56,20,20,-11,D#/E♭ Minor,4,4pRy5nCSZhOcmSwU875yG7,QZTAZ2238314
973,"Delete Forever","Grimes",95,4B,74,2026-03-30,03:57,49,"art pop","Miss Anthropocene (Deluxe Edition)",2020-02-21,56,1,10,39,0,10,-8,G#/A♭ Major,4,71J2rawCGulCAyTMtNY3Ej,GBAFL1900405
974,"That Don't Impress Me Much - triple j Like A Version","HAIM",125,8B,36,2026-03-30,04:04,36,"","That Don't Impress Me Much (triple j Like A Version)",2017-10-13,76,73,0,46,0,10,-9,C Major,4,1ZOK8VkScTdXrccs7hkUPq,AUAB01700802
975,"MEN","JORDY",115,2B,68,2026-03-30,02:07,19,"","SEX WITH MYSELF",2024-06-14,68,0,2,54,0,70,-8,F#/G♭ Major,4,0caIOzCqJ4bG57UdtfdpVq,USUYG1550053
976,"Yo Perreo Sola","Bad Bunny",97,1B,76,2026-03-30,02:52,83,"reggaeton, trap latino, latin, urbano latino","YHLQMDLG",2020-02-29,86,2,0,45,0,30,-5,B Major,4,0SqqAgdovOE24BzxIClpjw,QM4TX2030934
977,"EoO","Bad Bunny",64,3A,46,2026-03-30,03:24,93,"reggaeton, trap latino, latin, urbano latino","DeBÍ TiRAR MáS FOToS",2025-01-05,36,75,86,18,0,0,-30,A#/B♭ Minor,4,6J5kc12BW5HuP3d7C3vvx8,QMFMF2447069
978,"Jealous Type","Doja Cat",120,7A,86,2026-03-30,02:43,74,"","Jealous Type",2025-08-21,66,3,0,55,0,10,-3,D Minor,4,1IfGOnXoMBkiKC9xljlSfa,USRC12500972
979,"Miami (feat. Leon Thomas)","Odeal,Leon Thomas",174,10B,37,2026-03-30,03:36,49,"afroswing, afro r&b, alté, uk r&b, afrobeats, afro soul, afrobeat, ","Miami (feat. Leon Thomas)",2025-07-09,38,49,0,22,0,40,-10,D Major,4,1gXHmNzTj1fwxPWMOZ9Frn,QMBZ92541837
980,"Lunatic Fringe","Red Rider",98,12B,46,2026-03-30,04:23,64,"classic rock","As Far As Siam",1981-01-01,49,11,0,21,0,0,-13,E Major,4,4rAnSE0E0f33unxXsQa5Fr,USCA28700714
981,"BOTH","Todrick Hall",90,3A,79,2026-03-30,03:14,49,"ballroom vogue","FEMULINE",2021-06-08,90,43,0,74,20,0,-5,A#/B♭ Minor,4,3t4pBXpBnhkIj9ErbTg9pJ,UK6KW2100371
982,"deathwish (feat. nothing,nowhere.)","Stand Atlantic,nothing,nowhere.",125,4B,79,2026-03-30,02:27,56,"pop punk, emo rap","f.e.a.r.",2022-05-06,76,0,0,56,0,10,-4,G#/A♭ Major,4,6l70xzvmZdAJnM41s0iPDD,USHR22111801
983,"Ruin My Life","Census",120,11B,95,2026-03-30,04:05,38,"","Ruin My Life",2021-07-09,57,0,0,64,0,30,-3,A Major,4,0LoX60sC6J2xQ2kUaeqioX,QZHZ52185809
984,"We're Both Idiots","Shrink the Giant",180,11A,57,2026-03-30,04:24,41,"","We're Both Idiots",2025-07-10,60,11,0,74,0,0,-6,F#/G♭ Minor,4,2NoSYYZTazkbsH20fgbBkZ,USHM82560814
985,"Ill and Getting Worse","Rosegarden Funeral Party",138,6A,73,2026-03-30,03:02,44,"deathrock, gothic rock, darkwave, post-punk, cold wave","THE CHOPPING BLOCK",2018-03-09,56,1,0,71,0,10,-10,G Minor,4,46wUbWmzkErgLoBnfrFZ5f,US3DF1801946
986,"Freakin’ Out","Dexter and The Moonrocks",124,9B,82,2026-03-30,03:37,87,"","Freakin’ Out",2026-03-11,55,18,0,11,0,20,-5,G Major,4,2SaWT781xr3hHLdbVt5DB7,USUG12601719
987,"The Way She Looks","Two Feet",135,11A,90,2026-03-30,04:13,53,"","The Way She Looks",2026-03-13,54,2,0,68,0,60,-3,F#/G♭ Minor,4,0babKgXwpYCxbmgTc2Ikrh,QM4TX2641025
988,"Drag Path","Twenty One Pilots",190,12B,49,2026-03-30,03:44,86,"","Drag Path",2026-02-17,28,49,0,30,0,10,-7,E Major,4,0TlcczkVTGpinpkGJpT81L,USAT22506957
989,"Rule #3 - Paperwork","Fish in a Birdcage",104,3B,36,2026-03-30,05:08,45,"","Fish in a Birdcage",2014-11-02,85,31,0,10,0,0,-11,C♯/D♭ Major,4,0JzW0F17JkZPwguEOsuGTu,CAZC41400003
990,"RULE","X Ambassadors",81,10A,59,2026-03-30,03:25,25,"","ORION",2019-06-14,51,74,0,62,40,10,-11,B Minor,4,5HTX0qRKjg8N1yRTMOsCq2,USUM71906697
991,"Ruled by Secrecy","Muse",148,4A,33,2026-03-30,04:52,49,"alternative rock, rock","Absolution",2003-09-15,40,76,79,4,0,10,-10,F Minor,3,4o4xJOBtK5keCSzmrEVP6K,GBAHT1901193
992,"Getting It Back","Jake Strain,Afroman,Joshua Nathaniel,Mafia Fetti",131,1B,48,2026-03-30,05:03,38,"","Getting It Back",2026-03-20,88,12,0,57,30,0,-12,B Major,4,74DXtgYYSsM90UvQWtyjzA,QZS7J2689118
993,"GOING CRAZY","Ktlyn",100,4A,51,2026-03-30,02:57,62,"","GOING CRAZY",2025-12-12,90,67,0,39,0,10,-6,F Minor,4,1mlO8hhMCe48yPfkSIhXpd,QT6FD2567279
994,"Hi Ren","Ren",103,6A,66,2026-03-30,08:35,67,"","Hi Ren",2022-12-15,65,72,0,48,40,10,-7,G Minor,4,3qpJzh7qdmHVokaYdeZWfR,UKLQ62200014
995,"Chalk Outlines","Ren,CHINCHILLA",121,12B,32,2026-03-30,03:53,66,"","Chalk Outlines",2021-12-15,69,74,0,24,0,20,-8,E Major,4,3EQ5NMRe6yUdjKNpRwiYFp,GB2DY2100931
996,"Humble","Ren,Eden Nash",148,10A,59,2026-03-30,02:55,64,"","Humble",2019-02-28,80,55,0,77,20,10,-6,B Minor,4,0USEeJtdeeJaQ8EIeBB4cz,TCAEB1986382
997,"Deep End","Joyner Lucas,YoungBoy Never Broke Again",163,2A,72,2026-03-30,02:47,60,"","Deep End",2026-03-27,64,3,0,88,0,10,-5,D#/E♭ Minor,4,31FZEw4eoEZxWx0XUYnXP5,QM6MZ2680352
998,"Luxury","Frida Elsa",95,7B,76,2026-03-30,02:58,15,"","Luxury",2018-01-19,67,4,0,88,0,40,-6,F Major,4,1wq61EfJZaGEAIc1FUlvSn,CHB701800003
999,"Get It Up","Mindless Self Indulgence",120,8A,90,2026-03-30,02:35,66,"","If",2008-04-29,65,1,0,44,10,30,-4,A Minor,4,2bPZ7cEBa5SKliThdwdiK7,US2420809921
1000,"Whistle","Flo Rida",104,8B,94,2026-03-30,03:44,81,"","Wild Ones",2012-06-22,75,2,0,74,0,20,-6,C Major,4,3bC1ahPIYt1btJzSSEyyrF,USAT21201745
1001,"Dirty Mind","3OH!3",93,12B,86,2026-03-30,03:17,67,"","Dirty Mind",2011-12-20,64,3,0,58,20,20,-4,E Major,4,0R97k5AJy1udJI6mGV82FJ,USAT21103579
1002,"You Love It","Peaches",172,3A,97,2026-03-30,03:00,15,"electroclash, riot grrrl, queercore","Impeach My Bush",2006-07-11,60,1,1,73,10,10,-4,A#/B♭ Minor,4,25PUUzWniYVAabeyZABqff,GBBKS0700615
1003,"Peacock","Katy Perry",140,8B,75,2026-03-30,03:51,44,"pop","Teenage Dream",2010-01-01,82,5,0,95,0,10,-3,C Major,4,3y3Hucw52QpjtHUeOKTkaO,USCA21001263
1004,"Trick Or Treat","Peaches",138,12A,72,2026-03-30,03:15,10,"electroclash, riot grrrl, queercore","I Feel Cream",2009-05-04,73,3,0,69,0,10,-6,C♯/D♭ Minor,4,0Ctr8u7foDj9eEXN5bsNRs,GBBKS0900038
1005,"Dirrty (feat. Redman)","Christina Aguilera,Redman",100,10B,89,2026-03-30,04:58,69,"east coast hip hop, old school hip hop, hip hop, hardcore hip hop","Stripped",2002-07-19,64,11,0,44,30,30,-3,D Major,4,59ZTxQo8rBycIXPLUIKvE2,USRC10200845
1006,"Dirty Mouth","HARLOW",130,8B,73,2026-03-30,02:44,14,"","Dirty Mouth",2021-02-26,73,6,0,77,0,10,-5,C Major,4,5uSWIncWZZQvpV2G6jUlLz,QZFYX2117390
1007,"Cockiness (Love It)","Rihanna",125,4B,77,2026-03-30,02:58,54,"","Talk That Talk",2011-11-19,67,0,0,27,0,10,-7,G#/A♭ Major,4,3jYW03V9XeM2w7LJ0EXQDC,USUM71118090
1008,"Like a Freak","Megan Thee Stallion",126,4B,85,2026-03-30,01:16,55,"","MEGAN: ACT II",2024-10-25,98,0,0,68,10,10,-6,G#/A♭ Major,4,5xTmKnPWXX4FcYgpxjXTrD,USAT22409900
1009,"Unholy (feat. Kim Petras)","Sam Smith,Kim Petras",131,10B,45,2026-03-30,02:36,78,"soft pop, ","Unholy (feat. Kim Petras)",2022-09-22,72,1,0,22,0,30,-7,D Major,4,3nqQXoyQOWXiESFLlDF1hG,GBUM72205415
1010,"Whole New Way","Scissor Sisters",96,10B,80,2026-03-30,02:52,34,"","Night Work",2010-06-25,76,18,0,94,0,0,-5,D Major,4,3NnbznVDptAoKzuupMIDkl,GBUM71002121
1011,"MONACO","Bad Bunny",139,9A,62,2026-03-30,04:27,87,"reggaeton, trap latino, latin, urbano latino","nadie sabe lo que va a pasar mañana",2023-10-13,79,15,0,13,0,50,-5,E Minor,4,4MjDJD8cW7iVeWInc2Bdyj,QMFME2364182
1012,"New York","Cat Power",146,6A,39,2026-03-30,02:01,35,"slowcore, singer-songwriter","Jukebox",2008-01-21,74,46,0,24,0,10,-8,G Minor,4,5mhzHPJ2pYeH1Dj9Nayegd,USMTD0875401
1013,"NEW DORP. NEW YORK","SBTRKT,Ezra Koenig",119,8B,44,2026-03-30,03:00,49,"","Wonder Where We Land",2014-09-29,84,0,0,55,20,10,-11,C Major,4,2QFHyK2SV2YWyJzu6kpGhk,GBBKS1400210
1014,"Drinkee","SOFI TUKKER",115,10B,69,2026-03-30,04:59,26,"","Soft Animals",2016-07-08,77,5,63,34,0,10,-8,D Major,4,3REzEumDuXBpQH45WEHAr6,TCACG1507830
1015,"1 step forward, 3 steps back","Olivia Rodrigo",169,10B,20,2026-03-30,02:43,79,"","SOUR",2021-05-21,47,94,0,42,10,10,-13,D Major,4,4wcBRRpIfesgcyUtis7PEg,USUG12101244
1016,"25 To Life","Eminem",80,1A,93,2026-03-30,04:01,63,"rap, hip hop","Recovery",2010-06-18,70,24,0,36,20,10,-1,G#/A♭ Minor,4,0dyWQoMOU9oERL6c9vxtRp,USUM71015420
1017,"6 Minutes","LFO",145,9B,86,2026-03-30,03:10,19,"","Life Is Good",2001-06-26,63,2,0,72,0,30,-6,G Major,4,7MdEJ3bjnxslNiG8CHvOnq,USJAY0100100
1018,"Aaron's Party (Come Get It)","Aaron Carter",117,3B,89,2026-03-30,03:24,42,"bubblegum pop","Aaron's Party (Come Get It)",2000-09-26,94,5,0,91,10,0,-4,C♯/D♭ Major,4,4fF34Yf5KsfUbCORyLGpEj,USJI10000296
1019,"Absolutely (Story of a Girl) - Radio Mix","Nine Days",96,9B,94,2026-03-30,03:09,67,"","The Madding Crowd",2000-05-16,48,0,0,66,0,0,-5,G Major,4,3mNecsYFb6LQg7822DPXCP,USSM10001437
1020,"All I Ever Wanted","Train",170,10B,62,2026-03-30,04:05,22,"soft pop","For Me, It's You",2006-01-31,42,3,0,47,0,10,-6,D Major,4,0DJJdLSQKTPVnAA2iEuvsQ,USSM10506976
1021,"All I Wanted","Daughter",166,3B,19,2026-03-30,03:21,0,"","Music From Before The Storm",2017-09-01,51,84,0,11,0,10,-13,C♯/D♭ Major,4,0grO1Y8vkaJqWu4im2fZy2,GBAFL1700299
1022,"Animals","Maroon 5",190,9A,74,2026-03-30,03:51,85,"pop","V",2014-09-02,28,0,0,33,0,50,-6,E Minor,4,2bL2gyO6kBdLkNSkxXNh6x,USUM71409576
1023,"Any Man Of Mine","Shania Twain",78,4B,73,2026-03-30,04:06,76,"country","The Woman In Me",1995-01-01,59,21,0,78,0,10,-9,G#/A♭ Major,4,0pdfN7nOHMYmKykzu1cyfm,USPR39402722
1024,"Austin","Blake Shelton",120,9B,61,2026-03-30,03:50,67,"country","Blake Shelton",2001-07-31,61,19,0,28,0,10,-7,G Major,4,2WQAknZHrJAEQOFXe0F44P,USGI10100011
1025,"Bad Guy","Eminem",83,8B,80,2026-03-30,07:14,52,"rap, hip hop","The Marshall Mathers LP2 (Deluxe)",2013-11-05,50,6,0,35,40,20,-4,C Major,4,3IaAYtmN8T0YIYVqnxNnVz,USUM71314073
1026,"Basic Instinct","The Acid",118,9B,47,2026-03-30,04:49,38,"","Liminal",2014-07-15,74,55,28,33,0,10,-9,G Major,4,5E0pS3sXgWdQZMKChqYXHE,GBZUZ1300215
1027,"Beep","The Pussycat Dolls,will.i.am",104,9B,75,2026-03-30,03:49,57,"","PCD",2005-01-01,94,1,0,52,0,10,-6,G Major,4,5TXNLJ2EENAt3Tf9MX4kT2,USUM70501898
1028,"Be On Your Way","Daughter",102,9A,56,2026-03-30,04:04,40,"","Stereo Mind Game",2023-04-07,47,14,5,23,0,10,-10,E Minor,4,4OMhhmQM3y3XC8ux64nFna,GBAFL2200156
1029,"Blue Jeans","Lana Del Rey",118,5B,84,2026-03-30,03:29,48,"","Born To Die",2012-01-30,56,42,0,50,0,0,-4,D#/E♭ Major,4,4jZWeEaLCnwYtLnVEN6BYV,GBUM71111620
1030,"Breathe on Me","Britney Spears",112,4A,56,2026-03-30,03:43,58,"pop","In The Zone",2003-11-13,71,0,1,57,0,0,-6,F Minor,4,1lK5iIMKifrxERzS3iimJH,USJI10301003
1031,"Chasing Cars","Snow Patrol",104,11B,60,2026-03-30,04:27,85,"","Eyes Open",2006-01-01,56,20,0,14,0,10,-5,A Major,4,5hnyJvgoWiQUYZttV4wXy6,GBUM70600345
1032,"Cheeseburger In Paradise","Jimmy Buffett",140,10B,69,2026-03-30,02:56,61,"","Son Of A Son Of A Sailor",1978-01-01,70,17,0,97,0,0,-13,D Major,4,6VeZ970uI0Yi6sjBgyFBrp,USMC17800110
1033,"Climbing the Walls","Backstreet Boys",91,7B,87,2026-03-30,03:42,43,"","Never Gone",2005-06-14,49,5,0,23,0,20,-4,F Major,4,1sSNrDbb7hEptYOXaiOnUm,USJI10500260
1034,"Codes and Keys","Death Cab for Cutie",119,8B,87,2026-03-30,03:21,35,"","Codes and Keys",2011-05-27,57,1,14,47,0,10,-8,C Major,4,3Myb5tcPivRHsoz1jw8GKr,USAT21100669
1035,"Counting Stars","OneRepublic",122,12A,71,2026-03-30,04:17,89,"soft pop","Native",2013-01-01,66,7,0,47,0,10,-5,C♯/D♭ Minor,4,2tpWsVSb9UEmDRxAl1zhX1,USUM71301306
1036,"Crash","Gwen Stefani",126,11B,93,2026-03-30,04:06,45,"","Love. Angel. Music. Baby. (Deluxe Version)",2004-11-12,79,2,0,93,0,80,-2,A Major,4,6HJxf2Vnveoo5Hm7sZ7qOp,USIR10400852
1037,"Devil Like Me","Rainbow Kitten Surprise",123,10B,63,2026-03-30,03:08,69,"","Seven + Mary",2013-11-13,68,76,0,56,10,10,-7,D Major,4,5VJe8OKFcPBBjNEAPUeDuJ,TCABT1491603
1038,"Embrace","WYATT",80,12A,33,2026-03-30,03:58,12,"","36, 37",2017-11-17,36,3,64,16,10,10,-15,C♯/D♭ Minor,4,1rYMhRNa26kKbIRP0xe6cP,TCADI1772930
1039,"Escape","Enrique Iglesias",126,1B,85,2026-03-30,03:28,57,"latin pop, latin","Escape",2001-01-01,78,3,0,88,0,10,-5,B Major,4,6KRi6CBUitENJB4HQbSVSD,USIR10120228
1040,"Everlasting","Matt Maeson",148,5B,29,2026-03-30,05:00,44,"","A Quiet and Harmless Living",2025-09-12,44,92,0,28,0,10,-12,D#/E♭ Major,3,4XmH2sBrQDc7GQZ5WFdXAA,USAT22503778
1041,"Every Other Time - Radio Edit & Album Version","LFO",104,1B,92,2026-03-30,04:07,44,"","Life Is Good",2001-06-26,69,1,0,72,0,30,-5,B Major,4,3uD4aRM8QoEAAhwpOke7QU,USJAY0100088
1042,"Fever To The Form","Nick Mulvey",142,5A,53,2026-03-30,04:11,40,"","Fever To The Form",2014-01-13,34,79,16,23,0,10,-10,C Minor,4,7xbF5Nf1iKYmwvD9EWhJav,GBUM71302652
1043,"Fire Away","Chris Stapleton",116,11B,30,2026-03-30,04:04,76,"country, outlaw country","Traveller",2015-05-04,56,6,1,18,0,10,-9,A Major,3,5j4hSQH0KaAc8f6cimnXIT,USUM71418078
1044,"Follow Me","Uncle Kracker",105,7B,59,2026-03-30,03:38,75,"","Double Wide",2000-06-13,82,44,0,92,0,10,-5,F Major,4,4KoecuyOpZaNFZ0UqVsllc,USAT20001583
1045,"Future Lover","Daughter",158,9A,70,2026-03-30,04:13,27,"","Stereo Mind Game",2023-04-07,59,15,59,83,0,0,-9,E Minor,4,14iMoEpgyNjJ3y7bYJ9TTG,GBAFL2200162
1046,"Girl On TV","LFO",96,9A,72,2026-03-30,04:07,51,"","LFO",1999-08-10,69,13,0,35,0,10,-4,E Minor,4,4DJwdQDai9DLYBL9TNrEDo,DEA819900510
1047,"God Needs The Devil","Jonah Kagen",81,8A,53,2026-03-30,03:12,80,"folk pop","God Needs The Devil",2024-05-03,55,64,0,29,0,0,-8,A Minor,4,3nEotpBFeXq0OJstuHzwDP,USAR12400126
1048,"Grave Digger","Matt Maeson",140,11A,44,2026-03-30,03:57,50,"","Grave Digger",2016-02-18,56,3,0,37,0,10,-8,F#/G♭ Minor,4,6UWmNaS12bUJzFBuQB6e7j,uscgh1674138
1049,"Greenback Boogie","Ima Robot",143,6B,54,2026-03-30,04:57,47,"","Greenback Boogie",2015-12-11,55,42,1,28,0,60,-10,A#/B♭ Major,4,74RBxG1kzNOYOgDGn5RO8S,USA2B1011801
1050,"Handlebars","Flobots",142,7B,57,2026-03-30,03:26,65,"","Fight With Tools",2008-01-01,70,2,0,52,10,10,-7,F Major,4,6JH9yWhgbm0y9iAJhCslNc,USUM70810498
1051,"Heat Waves","Glass Animals",81,1B,53,2026-03-30,03:58,88,"","Dreamland",2020-08-07,76,44,0,53,0,0,-7,B Major,4,3USxtqRwSYz57Ewm6wWRMp,GBUM72000433
1052,"Her Eyes","Pat Monahan",96,6A,75,2026-03-30,03:15,31,"","Last Of Seven",2007-09-18,60,3,0,56,0,10,-5,G Minor,4,1oaQPvbue475MuCBHEtlUJ,USSM10702634
1053,"Hero","Enrique Iglesias",152,9B,65,2026-03-30,04:24,61,"latin pop, latin","Escape",2001-01-01,57,14,0,15,0,10,-6,G Major,4,24Gxm7Eh7tO83E26LG0CsY,USIR10120047
1054,"Hey","Backstreet Boys",174,10B,56,2026-03-30,03:26,53,"","Hey",2025-02-14,39,9,0,16,0,10,-7,D Major,3,6XEQbfYGsJlrl5agnu5b1y,USRC12402496
1055,"A Hole in the Earth","Daughter",85,8B,55,2026-03-30,04:41,0,"","Music From Before the Storm",2017-09-01,43,90,3,18,0,10,-8,C Major,4,69nZxvfSKKs1wfUcOAQOhN,GBAFL1700298
1056,"Home","Daughter",104,6A,43,2026-03-30,04:18,44,"","Wild Youth",2012-01-01,68,27,16,25,0,10,-12,G Minor,4,4bTkbxCPOgyzHmiApGNtKd,USYAH1200345
1057,"I Ain't Worried","OneRepublic",140,8B,79,2026-03-30,02:28,79,"soft pop","Artificial Paradise (Deluxe)",2024-07-12,71,10,0,81,0,0,-6,C Major,4,0oF9jpn0n8afMpbHKgRd6J,USUM72206227
1058,"If I Were a Boy","Beyoncé",90,2B,52,2026-03-30,04:09,67,"","I AM...SASHA FIERCE",2008-11-14,63,11,0,43,0,30,-6,F#/G♭ Major,4,26NX1wPt1TRCH536yocd6i,USSM10803202
1059,"If You Could Only See","Tonic",95,3A,95,2026-03-30,04:21,72,"","Lemon Parade",1996-07-15,43,0,0,58,0,20,-5,A#/B♭ Minor,4,4KoNBTm9a55KgLMtEaf3n6,USPR39609309
1060,"I Knew I Loved You","Savage Garden",85,11B,50,2026-03-30,04:10,75,"","Affirmation",1999-11-09,61,32,0,74,0,0,-10,A Major,4,6nozDLxeL0TE4MS9GqYU1v,USSM19910036
1061,"In Da Club","50 Cent",90,11A,72,2026-03-30,03:13,78,"old school hip hop, east coast hip hop","Get Rich Or Die Tryin'",2003-02-06,90,26,0,81,30,0,-3,F#/G♭ Minor,4,4RY96Asd9IefaL3X4LOLZ8,USIR10300033
1062,"INSIDE BOY","3OH!3",83,4B,74,2026-03-30,03:07,26,"","NIGHT SPORTS",2016-05-13,47,2,0,24,10,0,-6,G#/A♭ Major,4,1a4JhcMJTkdLWQDx24Rlcv,USAT21600615
1063,"In The End","Snow Patrol",139,8B,82,2026-03-30,03:59,28,"","Fallen Empires",2011-01-01,43,1,1,17,0,60,-5,C Major,4,7pz9FnXkQd0MH9Ms3358Cj,GBUM71106136
1064,"In The Wee Small Hours Of The Morning - Remastered 1998","Frank Sinatra",118,8B,9,2026-03-30,03:00,59,"christmas, big band, adult standards, swing music, jazz, vocal jazz","In The Wee Small Hours",1955-00-00,29,86,0,7,0,10,-16,C Major,4,0Hsc0sIaxOxXBZbT3ms2oj,USCA29800105
1065,"Iris","The Goo Goo Dolls",156,10A,72,2026-03-30,04:49,94,"","Dizzy up the Girl",1998-00-00,32,0,0,50,0,0,-8,B Minor,3,6Qyc6fS4DsZjB2mRW9DsQs,USWB19800160
1066,"It's Called: Freefall","Rainbow Kitten Surprise",98,10B,52,2026-03-30,02:32,80,"","How to: Friend, Love, Freefall",2018-04-06,74,63,0,28,0,60,-6,D Major,4,474uVhyGgK5MtY9gMcDgGl,USAT21800165
1067,"It's Gotta Be You","Backstreet Boys",116,8B,90,2026-03-30,02:57,59,"","Millennium",1999-05-18,77,9,0,84,0,0,-4,C Major,4,2vZALCthE0GRzGXXGK67Qt,USJI19910622
1068,"I Wanna Be Yours","Arctic Monkeys",68,5A,42,2026-03-30,03:03,92,"indie, garage rock","AM",2013-09-09,46,14,2,48,0,10,-9,C Minor,4,5XeFesFbtLpXzIVDNQP22n,GBCEL1300373
1069,"Jailbreak","AWOLNATION",111,4A,40,2026-03-30,04:41,46,"","Run",2015-03-17,78,12,0,48,0,0,-6,F Minor,4,57UIoWO4bNtnrTRXHvHfbL,USP6L1400294
1070,"Jigsaw Falling Into Place","Radiohead",166,10A,83,2026-03-30,04:08,81,"art rock, alternative rock","In Rainbows",2007-12-28,46,11,0,81,0,0,-6,B Minor,4,0YJ9FWWHn9EfnN0lHwbzvV,GBSTK0700009
1071,"Just A Feeling","Maroon 5",150,5B,62,2026-03-30,03:46,49,"pop","Hands All Over (Deluxe)",2010-00-00,60,15,0,30,0,10,-5,D#/E♭ Major,4,2t2CoOfwakFAexhvMmWtTb,USUM71019661
1072,"Kids","MGMT",123,11B,93,2026-03-30,05:02,85,"indie","Oracular Spectacular",2007-12-14,45,0,0,17,0,30,-4,A Major,4,1jJci4qxiYcOHhQR247rEU,USSM10702135
1073,"Known You Always","The Fray",152,11B,68,2026-03-30,03:19,48,"","The Fray Is Back",2024-09-27,40,9,0,53,0,10,-5,A Major,4,51AGU6apDBbI0fCfzsPbkh,QZWH32400334
1074,"Landfill","Daughter",126,10A,47,2026-03-30,04:23,44,"","His Young Heart",2012-01-01,62,77,0,40,0,10,-8,B Minor,4,7e4KdOOrZ1I4ybWpeDd3ow,USYAH1200341
1075,"L.E.S. Artistes","Santigold",118,12B,80,2026-03-30,03:24,64,"","Santigold",2008-04-29,87,3,0,73,0,10,-2,E Major,4,4dmCLAZbWYT0qtcG7GVMdb,USCJ80600133
1076,"Light A Fire","Gavin Adcock",75,3B,61,2026-03-30,03:11,47,"country, red dirt","Own Worst Enemy",2025-08-15,58,9,0,19,0,0,-5,C♯/D♭ Major,4,2B0abNU9B6RcGaIY6jaQYY,USWB12502003
1077,"Lollipop","Lil Wayne,Static Major",148,8B,43,2026-03-30,04:59,71,"rap, hip hop, ","Tha Carter III",2008-06-10,83,6,0,45,0,10,-9,C Major,4,4P7VFiaZb3xrXoqGwZXC3J,USCM50800556
1078,"Looking Hot","No Doubt",128,6A,89,2026-03-30,04:42,39,"","Push And Shove",2012-01-01,61,0,1,41,0,10,-4,G Minor,4,0DRvLkBUlGjEQUQKr1uP4M,USUM71209062
1079,"Love","Daughter",134,12B,45,2026-03-30,05:43,41,"","The Wild Youth EP",2011-11-21,56,34,70,16,0,0,-13,E Major,4,6aIkm0WErAfsQ1xazOavfK,GB6TW1100051
1080,"LoveGame","Lady Gaga",105,11A,68,2026-03-30,03:36,75,"art pop, pop","The Fame",2008-01-01,89,1,0,84,0,30,-6,F#/G♭ Minor,4,0TcJ7QWpggdSg8t0fHThHm,USUM70824404
1081,"Love The Way You Lie","Eminem,Rihanna",87,6B,93,2026-03-30,04:23,89,"rap, hip hop, ","Recovery",2010-06-18,75,24,0,64,20,50,-5,A#/B♭ Major,4,15JINEqzVMv3SvJTAXAKED,USUM71015397
1082,"Lucky Strike","Maroon 5",144,10A,74,2026-03-30,03:05,57,"pop","Overexposed (Deluxe)",2012-01-01,67,0,0,43,0,10,-5,B Minor,4,5b2aMqcSeAMlDptX6EjE7m,USUM71204772
1083,"Meet Virginia","Train",90,9B,55,2026-03-30,03:59,64,"soft pop","Train",1998-02-24,68,9,0,59,0,10,-8,G Major,4,4ocbH5ZJqajZIpUrqRUoue,USSM19605546
1084,"Need To","Gavin Adcock",146,10B,40,2026-03-30,03:10,74,"country, red dirt","Own Worst Enemy",2025-08-15,77,51,0,53,0,10,-11,D Major,4,22YvUcGzVLjtK3u2fSMAZr,USWB12500173
1085,"Never Gonna Leave This Bed","Maroon 5",117,1B,81,2026-03-30,03:16,56,"pop","Hands All Over (Deluxe)",2010-00-00,61,11,0,47,0,20,-4,B Major,4,4ucLHLiSjvkCz5Lr5dlVUj,USUM71019656
1086,"Obsessed","Mariah Carey",86,3A,47,2026-03-30,04:02,76,"christmas","Memoirs of an imperfect Angel",2009-09-29,74,5,0,37,0,80,-6,A#/B♭ Minor,4,3IcIIZMMS7UArJJPtEHXG8,USUM70973055
1087,"Okay I Believe You, But My Tommy Gun Don't","Brand New",111,2A,59,2026-03-30,05:35,54,"emo, pop punk, post-hardcore","Deja Entendu",2003-06-17,74,53,0,47,0,10,-8,D#/E♭ Minor,4,2WX6hfQa4BqbPTS0o4aSDV,USRZR0389604
1088,"The One","Backstreet Boys",110,4A,93,2026-03-30,03:46,65,"","Millennium",1999-05-18,66,6,0,62,0,10,-4,F Minor,4,44kgtDJyAFv4Z01z7bIxco,USJI19910626
1089,"Piece of Me","Britney Spears",115,1B,64,2026-03-30,03:32,69,"pop","Blackout",2007-10-25,77,9,0,78,20,0,-5,B Major,4,2EvwLVrnYbCZEG6Kx5DCRy,USJI10700729
1090,"Please Don't Leave Me","P!nk",138,2B,85,2026-03-30,03:51,66,"","Funhouse (Expanded Edition)",2008-10-24,59,1,0,75,0,30,-4,F#/G♭ Major,4,2gnZad0pb6QtUqMLTj2AjI,USLF20800182
1091,"Ramalama (Bang Bang)","Róisín Murphy",107,11B,66,2026-03-30,03:35,67,"art pop, electropop","Ruby Blue",2005-06-13,82,21,0,52,0,10,-8,A Major,4,1i4JlWqVDl8nG8lL6ybjuN,GBBND0501431
1092,"Read My Mind","The Killers",132,3B,92,2026-03-30,04:06,74,"alternative rock","Sam's Town",2006-09-27,54,1,0,33,0,10,-3,C♯/D♭ Major,4,7cX4PJz1old9fyFI8RlfgW,USUM70605406
1093,"Rollin' (The Ballad of Big & Rich)","Big & Rich",188,8B,95,2026-03-30,04:50,52,"country","Horse of a Different Color",2004-04-20,49,9,0,67,10,10,-2,C Major,4,4bZRYFisUYwyOLJDPYnj6u,USWB10302752
1094,"Rome","Phoenix",126,10B,68,2026-03-30,04:38,53,"indie","Wolfgang Amadeus Phoenix",2009-05-25,65,35,7,41,0,10,-7,D Major,4,5BBR5jxgXXKXNHyAAyhOQr,FR31Q0900007
1095,"Save a Horse (Ride a Cowboy)","Big & Rich",102,10B,90,2026-03-30,03:20,72,"country","Horse of a Different Color",2004-04-20,70,11,0,82,10,40,-2,D Major,4,5s7m2xNZWgz5FqVSIvJcGA,USWB10302758
1096,"The Scientist","Coldplay",146,7B,44,2026-03-30,05:09,89,"","A Rush of Blood to the Head",2002-08-27,56,73,0,21,0,10,-7,F Major,4,75JFxkI2RXiU7L9VXzMkle,GBAYE0200772
1097,"She Wants To Know","Half Moon Run",96,10A,65,2026-03-30,04:11,32,"","Dark Eyes",2013-01-01,57,6,1,37,0,0,-9,B Minor,4,2nw5JnozeqC9ZBaoIordQD,CAI251212604
1098,"She Will Be Loved","Maroon 5",102,5A,71,2026-03-30,04:17,75,"pop","Songs About Jane",2002-06-25,71,6,0,54,0,10,-6,C Minor,4,7sapKrjDij2fpDVj0GxP66,USJAY0300082
1099,"Shit in Your Cut","Modest Mouse",75,6A,64,2026-03-30,04:43,35,"indie rock, indie, alternative rock","Strangers to Ourselves",2015-03-13,62,1,0,59,0,10,-7,G Minor,4,6Tg01shiUHr2dAqBpX2fs0,USSM11410065
1100,"Siberia","Backstreet Boys",80,7B,48,2026-03-30,04:16,52,"","Never Gone",2005-06-14,58,12,0,47,0,0,-7,F Major,4,4cVgV9EQ8rCVs2BCgtjkwa,USJI10500262
1101,"Singing Low","The Fray",90,6A,59,2026-03-30,04:23,30,"","Through the Years: The Best of The Fray",2016-11-04,53,41,0,28,0,10,-5,G Minor,4,22o6BsXxHAl3h15mHp4Jtk,USSM11607271
1102,"Soul Meets Body","Death Cab for Cutie",128,7A,85,2026-03-30,03:49,65,"","Plans",2005-08-29,62,8,0,71,0,0,-6,D Minor,4,5yc59J3MR3tVDPTOgwgRI5,USAT20504676
1103,"Space Bound","Eminem",142,8B,89,2026-03-30,04:38,71,"rap, hip hop","Recovery",2010-06-18,67,4,0,50,10,40,-3,C Major,4,0sHW1jXe6Sou3437gJQNGA,USUM71015395
1104,"Stop And Stare","OneRepublic",92,12B,86,2026-03-30,03:43,66,"soft pop","Dreaming Out Loud",2007-01-01,49,7,0,25,0,0,-4,E Major,4,48s0QHJgmiNsth3WEO6U4M,USUM70758804
1105,"Swimming","Florence + The Machine",109,8A,86,2026-03-30,03:20,41,"baroque pop","Lungs (Deluxe Edition)",2009-00-00,40,23,0,34,20,10,-4,A Minor,4,3Dls79P2lgOM92yBQDalMZ,GBUM70904479
1106,"Tempt My Trouble","Bishop Briggs",127,6A,76,2026-03-30,03:13,43,"","Church Of Scars",2018-04-20,78,3,0,65,0,10,-5,G Minor,4,3ki2sYrrJ9bOW5hLF8oRI8,QMEU31723266
1107,"That Don't Impress Me Much","Shania Twain",125,3B,76,2026-03-30,03:38,63,"country","Come On Over",1997-11-04,76,24,0,97,0,0,-8,C♯/D♭ Major,4,4FUfoWMypAyWbOavmYyeNu,USMR19900016
1108,"These Lies","Snow Patrol",78,1A,14,2026-03-30,04:48,26,"","The Forest Is The Path (Extended Edition)",2025-03-14,41,94,0,31,10,10,-16,G#/A♭ Minor,3,7aKyvoZXqKyhjqWsKMfy9s,GBUM72401585
1109,"Tribulation","Matt Maeson",155,3B,66,2026-03-30,03:10,34,"","Who Killed Matt Maeson",2017-03-31,43,8,0,35,10,0,-7,C♯/D♭ Major,4,15lxyyfUIcs7Ztuilbl01M,USAT21700291
1110,"Viva Las Vegas","Elvis Presley",144,9B,57,2026-03-30,02:24,61,"rockabilly, rock and roll","Elvis' Gold Records, Vol. 4",1968-01-22,61,82,0,86,0,30,-11,G Major,4,5Q7ayTarb9Tpmkik5cVMug,USRC16301778
1111,"Vulnerable","Secondhand Serenade",180,8B,52,2026-03-30,03:20,55,"emo","Awake",2007-00-00,42,55,0,36,0,10,-6,C Major,4,1JJOL5EhixrtlbXDWKS0yj,TCABI1231057
1112,"When You Break","Bear's Den",141,4A,51,2026-03-30,04:45,46,"folk pop, indie folk","Agape",2013-03-18,51,58,0,15,0,10,-11,F Minor,4,6phEzGzapP71UBlxyggfMa,GB6TW1300008
1113,"Where's Me Jumper?","Sultans Of Ping F.C.,Frank Mcnamara",174,10A,91,2026-03-30,03:09,26,"","Moone Boy (Music from the TV Series)",2015-03-06,40,7,0,44,10,10,-7,B Minor,4,1PWkvrHtJI1TLfnZDWDf2u,GBBBM9102053
1114,"Won't Go Home Without You","Maroon 5",110,5B,61,2026-03-30,03:51,71,"pop","It Won't Be Soon Before Long.",2007-01-01,74,2,0,41,0,10,-4,D#/E♭ Major,4,0tuyEYTaqLxE41yGHSsXjy,USUM70731562
1115,"The World At Large","Modest Mouse",77,2B,48,2026-03-30,04:32,59,"indie rock, indie, alternative rock","Good News For People Who Love Bad News",2004-04-05,52,10,0,25,0,10,-9,F#/G♭ Major,4,5op53ANI4exiWqFHKuwWxd,USSM10315493
1116,"Your Call","Secondhand Serenade",89,9B,24,2026-03-30,03:42,60,"emo","Awake",2007-00-00,59,77,0,35,0,10,-12,G Major,4,7ddJJFmXZ3984IbVEKinp5,TCABI1231058
1117,"Your Love Is a Song","Switchfoot",80,11A,52,2026-03-30,04:19,52,"christian rock, christian alternative rock, ccm, christian","Hello Hurricane",2009-11-03,52,3,0,36,0,20,-4,F#/G♭ Minor,4,1ztW0Lu8SFYrIWmaCy9e5G,USAT20903068
1118,"Turn Off The Light","Nelly Furtado",180,10B,69,2026-03-30,04:36,65,"","Whoa, Nelly! (Expanded Edition)",2000-00-00,59,8,0,65,10,40,-6,D Major,4,4gM2BugovNf4bvXdjZODzG,USDW10021999
1119,"Wake Up","Llunr",125,3B,31,2026-03-30,01:53,45,"pop singer-songwriter","Wake Up",2023-12-05,80,63,0,12,0,10,-12,C♯/D♭ Major,4,4rqIsCmAiK5TaqALR4zVNc,USUYG1522117
1120,"Different Kind Of Love","Young the Giant",105,8B,89,2026-03-30,03:39,57,"","Different Kind Of Love",2026-02-06,53,0,0,37,0,20,-3,C Major,4,2aD8QNWrmr8vslwcTLApxd,US5262527907
1121,"4 Minutes (feat. Justin Timberlake and Timbaland)","Madonna",113,10B,91,2026-03-30,04:05,68,"","Hard Candy",2008-04-19,71,1,0,80,0,0,-5,D Major,4,1dDNz8h95Gsu0W4QdxVVln,USWB10800435
1122,"King of Possibilities","Goldie Boutilier",81,11B,42,2026-03-30,02:36,59,"","Goldie Boutilier Presents... Goldie Montana",2025-09-05,67,69,0,39,0,10,-9,A Major,4,2DJ0lLxggpQAw58tpsNSBC,QZGLM2533965
1123,"Sick And Tired","Gavin Adcock",142,11B,45,2026-03-30,03:07,45,"country, red dirt","Own Worst Enemy",2025-08-15,61,50,0,43,0,10,-8,A Major,4,1JMARJs6JkIuJqGWkZsnYS,USWB12502010
1124,"Just Got Paid","*NSYNC",115,10A,77,2026-03-30,04:08,46,"","No Strings Attached",2000-03-21,81,1,0,70,0,0,-4,B Minor,4,1eV2FGbbyxCJ6xaLqBRiFW,USJI10000045
1125,"Beth","KISS",115,8B,24,2026-03-30,02:45,59,"glam rock, glam metal, hard rock, rock, classic rock","Destroyer",1976-03-15,39,88,0,28,0,10,-13,C Major,4,1cPXOzyeZauSAsT1yy7aBp,USPR37609141
1126,"Laughing With","Regina Spektor",77,4A,30,2026-03-30,03:14,44,"anti-folk","Far",2009-06-19,54,86,12,24,0,10,-13,F Minor,4,26COgYlbcouIcJo3nprpox,USWB10901319
1127,"Us","Regina Spektor",83,3B,31,2026-03-30,04:52,53,"anti-folk","Soviet Kitsch",2004-08-17,22,89,0,12,0,20,-9,C♯/D♭ Major,4,6zJms3MX11Qu1IKF44LoRW,USWB10401857
1128,"Sunset","The xx",120,10B,18,2026-03-30,03:38,59,"","Coexist",2012-09-10,84,56,45,38,0,10,-16,D Major,4,76G5L5EC20PrZkH1vvT0s2,GBBKS1200090
1129,"Missing","The xx",80,9B,29,2026-03-30,03:33,43,"","Coexist",2012-09-10,33,63,4,4,0,10,-14,G Major,4,09JbdAdaulzSwZIKSv9Y3f,GBBKS1200091
1130,"White Mustang","Lana Del Rey",115,11A,46,2026-03-30,02:44,78,"","Lust For Life",2017-07-21,66,46,0,22,0,10,-9,F#/G♭ Minor,4,6eygbzyL6hY8jFQTARDuo9,GBUM71702622
1131,"Love Love Love","Of Monsters and Men",111,9B,37,2026-03-30,03:58,60,"folk pop","My Head Is An Animal",2012-01-01,32,81,0,16,0,0,-10,G Major,5,3o1cohFfwd57rAvrbyVE5e,USUM71119282
1132,"Yellow Light","Of Monsters and Men",101,10B,42,2026-03-30,04:52,53,"folk pop","My Head Is An Animal",2012-01-01,38,31,0,6,0,30,-11,D Major,4,3hs6kchwaeSe967AMMYTrp,USUM71202073
1133,"You Found Me","The Fray",152,1A,80,2026-03-30,04:01,79,"","The Fray",2009-02-02,34,2,0,40,0,10,-5,G#/A♭ Minor,4,4IoYz8XqqdowINzfRrFnhi,USSM10803009
1134,"Through Glass","Stone Sour",106,2A,75,2026-03-30,04:42,75,"post-grunge, alternative metal, nu metal","Come What(ever) May [10th Anniversary Edition]",2006-00-00,55,4,0,43,0,30,-5,D#/E♭ Minor,4,5NeIONQWJ25uPylJBJiO4c,NLA320682289
1135,"We're Going to Be Friends","The White Stripes",97,9B,44,2026-03-30,02:20,70,"garage rock, blues rock, rock, alternative rock","White Blood Cells",2001-07-03,53,66,0,44,0,0,-6,G Major,4,13lZDbwonGhOflQLQIfdtZ,GBBKS0100357
1136,"In My Place","Coldplay",145,11B,59,2026-03-30,03:46,77,"","A Rush of Blood to the Head",2002-08-27,42,6,0,19,0,30,-5,A Major,4,2nvC4i2aMo4CzRjRflysah,GBAYE0200606
1137,"Trouble","Coldplay",140,10A,55,2026-03-30,04:33,75,"","Parachutes",2000-07-10,56,19,0,20,0,10,-7,B Minor,4,0R8P9KfGJCDULmlEoBagcO,GBAYE0000560
1138,"Don't Look Back In Anger","Oasis",164,8B,92,2026-03-30,04:47,74,"britpop, madchester","(What's The Story) Morning Glory?",1995-10-02,35,3,0,21,0,10,-4,C Major,4,7ppPZa3TRUSGKaks9wH7VT,GBAAW9500190
1139,"Pale Blue Eyes","The Velvet Underground",83,7B,11,2026-03-30,05:39,66,"proto-punk, art rock","The Velvet Underground (45th Anniversary)",1969-00-00,64,91,0,30,0,10,-19,F Major,4,11VwZwNF29HrqwalYUMitb,USPR36909016
1140,"Wish You Were Here","Pink Floyd",123,9B,26,2026-03-30,05:38,84,"progressive rock, psychedelic rock, classic rock, art rock, rock","Wish You Were Here",1975-09-12,48,74,1,38,0,80,-16,G Major,4,6mFkJmJqdDVQ1REhVfGgd1,GBN9Y1100088
1141,"The Silence","Manchester Orchestra",67,3B,36,2026-03-30,06:59,62,"","A Black Mile To The Surface",2017-07-28,45,6,48,18,0,10,-8,C♯/D♭ Major,4,72dIN8F7D5ydB3auSqNi84,USC4R1702139
1142,"Goodnight Goodnight","Maroon 5",95,10B,70,2026-03-30,04:03,44,"pop","It Won't Be Soon Before Long.",2007-01-01,59,4,0,27,0,10,-4,D Major,4,0Bw6iiL5mYvq5I8VCaspqG,USUM70731565
1143,"Little Girl","Enrique Iglesias",170,2B,35,2026-03-30,03:45,35,"latin pop, latin","Insomniac (Deluxe Edition)",2007-00-00,51,68,0,27,0,0,-10,F#/G♭ Major,3,3TD4c5J9PRILbMcqPl25Cd,USUM70734415
1144,"Miracle","Vertical Horizon",92,4A,62,2026-03-30,04:22,36,"","Everything You Want",1999-06-14,57,2,0,36,0,0,-6,F Minor,4,1pLDpHEV9ogVf6vlXxzSh0,USRC19900053
1145,"Best I Ever Had (Grey Sky Morning)","Vertical Horizon",86,2B,56,2026-03-30,04:30,60,"","Everything You Want",1999-06-14,43,1,0,19,0,10,-7,F#/G♭ Major,4,2EVNYzHWebyLvKxPX6Ozt8,USRC19900050
1146,"Run","Snow Patrol",74,8A,64,2026-03-30,05:54,70,"","Final Straw",2004-01-01,39,0,0,20,0,10,-6,A Minor,4,6kesIBNAY17BoAz28pnWMC,GBAKW0300958
1147,"A Rush of Blood to the Head","Coldplay",138,7B,47,2026-03-30,05:51,61,"","A Rush of Blood to the Head",2002-08-27,53,16,0,12,0,20,-8,F Major,4,4JJ5zGKnb1IpERyBrfmb1y,GBAYE0200778
1148,"Set The Fire To The Third Bar","Snow Patrol,Martha Wainwright",96,10A,37,2026-03-30,03:23,58,"singer-songwriter","Eyes Open",2006-01-01,55,54,0,37,0,10,-7,B Minor,4,5g0afUZsh5hiXBOT3eXuwd,GBUM70600350
1149,"All We Are - Live At The Orange Lounge","OneRepublic",175,10B,51,2026-03-30,04:12,31,"soft pop","Dreaming Out Loud (Deluxe Edition)",2026-03-20,25,66,0,15,0,0,-9,D Major,4,1mMZ2eRrNhWEXWhkOQ1QWQ,USUM70818139
1150,"Make This Go On Forever","Snow Patrol",178,1B,45,2026-03-30,05:47,53,"","Eyes Open",2006-01-01,37,17,0,6,0,10,-7,B Major,4,33Hgpos7EfwgEQOLrF8U30,GBUM70600349
1151,"The Lightning Strike (What If This Storm Ends?)","Snow Patrol",78,7B,53,2026-03-30,04:11,39,"","Greatest Hits",2013-01-01,42,30,1,7,0,10,-7,F Major,4,5XzG45J0UnEmHuWtB3BRDH,GBUM71300927
1152,"Where Does the Good Go","Tegan and Sara",105,5B,51,2026-03-30,03:37,59,"","So Jealous",2004-09-14,74,21,0,84,0,0,-7,D#/E♭ Major,4,0L7QCEXQBDAtEyK1x72Sw0,USRE10701155
1153,"The Widow's Peak","Dashboard Confessional",78,4B,57,2026-03-30,02:58,17,"emo, pop punk","The Shade of Poison Trees",2007-10-02,50,25,0,40,0,10,-7,G#/A♭ Major,4,4QmsMomLZ3SpOCuovdOkpB,USVR90747712
1154,"On Hold","The xx",125,8B,67,2026-03-30,03:44,63,"","I See You",2017-01-13,72,5,18,35,0,10,-7,C Major,4,5w3CRkbTWXfbYepIdFpGUN,UK7MC1600065
1155,"I'm Like A Bird","Nelly Furtado",90,6B,61,2026-03-30,04:03,77,"","Whoa, Nelly! (Expanded Edition)",2000-00-00,62,15,0,61,0,20,-5,A#/B♭ Major,4,2aGw77pZqli064JiPuXYRi,USDW10021812
1156,"High","James Blunt",81,6B,60,2026-03-30,04:03,59,"","Back to Bedlam",2005-08-08,54,26,0,45,0,10,-6,A#/B♭ Major,4,13yEuYLJYxPCLJR0KNOqpk,USAT20401587
1157,"Tears and Rain","James Blunt",170,9B,49,2026-03-30,04:04,56,"","Back to Bedlam",2005-08-08,44,56,0,18,0,10,-8,G Major,4,31n0kYnWG4Xlyzb5Cy2HxU,USAT20401591
1158,"Out of My Mind","James Blunt",81,7B,56,2026-03-30,03:33,43,"","Back to Bedlam",2005-08-08,57,28,0,39,0,10,-6,F Major,4,3zageWW7Zbqdo0edJI8StA,USAT20401592
1159,"The Sun","Maroon 5",80,9B,73,2026-03-30,04:11,56,"pop","Songs About Jane: 10th Anniversary Edition",2002-00-00,53,5,0,56,0,0,-6,G Major,4,16tn9LlieVLhbCmL2x2TRe,USJAY0300084
1160,"Must Get Out","Maroon 5",97,9B,53,2026-03-30,03:59,50,"pop","Songs About Jane: 10th Anniversary Edition",2002-00-00,75,5,0,32,0,30,-7,G Major,4,7BMFfYoeXMXMX2mVCy2NVz,USJAY0300085
1161,"Hotel Roosevelt","Augustana",105,9B,73,2026-03-30,03:50,26,"","All The Stars and Boulevards",2005-00-00,68,1,0,67,0,0,-6,G Major,4,0iZLoz842fs8jhYRtaKQ63,USSM10501402
1162,"Boston","Augustana",147,8B,57,2026-03-30,04:05,61,"","All The Stars and Boulevards",2005-00-00,40,18,0,29,0,10,-5,C Major,4,2WZyfujzMweFLnozyUJBkW,USSM10501403
1163,"Sweet and Low - New Album Version","Augustana",152,1B,73,2026-03-30,03:34,46,"","Can't Love, Can't Hurt",2008-00-00,44,1,0,41,0,10,-4,B Major,4,1W4c3lEi67BG5Ev7CgYqNi,USSM10800028
1164,"Everybody","Ingrid Michaelson",95,1B,64,2026-03-30,03:28,54,"","Everybody",2009-08-25,74,45,0,48,0,0,-7,B Major,4,3SBzDgdTwHOMSik82ZI6L2,USCGH0941497
1165,"Mudfootball (For Moe Lerner)","Jack Johnson",97,9B,71,2026-03-30,03:25,42,"surf rock","Brushfire Fairytales [Remastered (Bonus Version)]",2011-04-12,82,23,36,96,0,0,-11,G Major,4,1wzwmHX25Gab95pxj5c4Sq,USER81100110
1166,"Sitting, Waiting, Wishing","Jack Johnson",105,8B,54,2026-03-30,03:03,70,"surf rock","In Between Dreams",2005-01-01,77,22,0,55,0,10,-7,C Major,4,5eWOsyHHic4vJP3LjTVhqv,USMC60400026
1167,"Buddy Holly","Weezer",121,4B,92,2026-04-05,02:39,81,"alternative rock","Weezer",1994-05-10,56,0,0,77,0,10,-5,G#/A♭ Major,4,3mwvKOyMmG77zZRunnxp9E,USGF19562907
1168,"Break Stuff","Limp Bizkit",109,4B,88,2026-04-05,02:46,86,"nu metal, rap metal, alternative metal, rap rock","Significant Other",1999-00-00,43,1,0,62,10,10,-7,G#/A♭ Major,4,5cZqsjVs6MevCnAkasbEOX,USIR19902309
1169,"Hang On","Seether",172,5B,84,2026-04-05,03:10,53,"post-grunge, alternative metal, rock","Disclaimer II",2004-01-01,45,0,0,41,0,10,-6,D#/E♭ Major,4,6FjOEtsWcmuOksloxG0xx5,USWU30200102
1170,"Show Me How to Live","Audioslave",89,11B,85,2026-04-05,04:37,75,"grunge, post-grunge, alternative metal","Audioslave",2002-11-17,43,0,0,37,0,10,-4,A Major,4,1Qdnvn4XlmZANCVy3XjrQo,USSM10211589
1171,"My Way","Limp Bizkit",97,2B,86,2026-04-05,04:32,81,"nu metal, rap metal, alternative metal, rap rock","Chocolate Starfish And The Hot Dog Flavored Water",2000-10-17,58,2,0,61,0,60,-4,F#/G♭ Major,4,2gSVKxPDww9Eep5rdvtdem,USIR10001177
1172,"Loneliest","Incubus",138,12A,57,2026-04-05,03:37,42,"nu metal, funk rock, alternative metal, alternative rock","8",2017-04-21,64,6,0,38,0,10,-6,C♯/D♭ Minor,4,1ShxNSFFxy1rSbnopgYpvx,USUG11700295
1173,"For You","Staind",163,6B,96,2026-04-05,03:26,69,"post-grunge, nu metal, alternative metal","Break the Cycle",2001-08-20,32,6,0,30,40,10,-3,A#/B♭ Major,4,464HG7mt7NNKtKY0Hco8Y8,USEE10100308
1174,"Say You'll Haunt Me","Stone Sour",140,10A,87,2026-04-05,04:24,64,"post-grunge, alternative metal, nu metal","Audio Secrecy",2010-09-03,56,0,0,68,0,0,-5,B Minor,4,7oL13WHjhUFhVq9POP7qfC,NLA321090076
1175,"Change (In the House of Flies)","Deftones",142,6A,85,2026-04-05,04:59,83,"nu metal, alternative metal, rap metal, rock, shoegaze","White Pony",2000-00-00,27,0,0,18,0,10,-5,G Minor,4,51c94ac31swyDQj9B3Lzs3,USMV20000039
1176,"Gangsta","Bell Biv DeVoe",113,3B,78,2026-04-05,04:29,34,"new jack swing","Bell Biv DeVoe Greatest Hits",2000-01-01,72,0,11,77,0,30,-9,C♯/D♭ Major,4,1XgiaKAh3lzjaABhHUB0IX,USMC19240070
1177,"My Prerogative","Bobby Brown",110,11B,62,2026-04-05,04:51,65,"new jack swing","Don't Be Cruel",1988-01-01,75,7,0,68,0,20,-11,A Major,4,0v9kGNjkKdQUdDoBIuiph4,USMC18825732
1178,"My Prerogative","Britney Spears",111,3A,94,2026-04-05,03:33,49,"pop","Greatest Hits: My Prerogative",2007-12-18,75,1,0,66,10,0,-4,A#/B♭ Minor,4,2TxLSV0AqZTYQQL9QCX0D4,USJI10400852
1179,"Gotta Tell You","Samantha Mumba",110,5A,75,2026-04-05,03:20,59,"","Gotta Tell You",2000-00-00,74,21,0,76,0,10,-5,C Minor,4,1rj0XawWJNisX7SGYexowJ,GBALS0000006
1180,"Nobody’s Son","Sabrina Carpenter",174,10B,74,2026-04-05,03:02,85,"pop","Man’s Best Friend",2025-08-29,45,34,0,65,0,0,-5,D Major,4,4SRShYMtFIGgnOU7iBicMH,USUM72504443
1181,"Brianstorm","Arctic Monkeys",165,3B,98,2026-04-05,02:50,62,"indie, garage rock","Favourite Worst Nightmare (Standard Version)",2007-04-24,42,0,0,44,20,20,-4,C♯/D♭ Major,4,5rTIpPWeO0IL4HWlGWrz5G,GBCEL0700061
1182,"MAD GAAL","BEAM",100,4A,71,2026-04-05,02:17,38,"","95",2019-10-18,81,19,0,88,40,10,-6,F Minor,4,1i2ujygcFXUBEJucbsBvKQ,USSM11905900
1183,"Dope","Beware Of Darkness",204,2A,68,2026-04-05,03:27,40,"","Are You Real?",2016-09-16,51,0,0,73,0,0,-6,D#/E♭ Minor,4,49z5WQuzLqWZGe3TD8xySU,USN2F1600003
1184,"Players","Coi Leray",105,11A,52,2026-04-05,02:18,65,"","COI",2023-06-23,95,2,0,63,10,0,-6,F#/G♭ Minor,4,755xVrgyHyUpl9EP5e4ICf,USUM72222387
1185,"Hot Boy Things","Nick Hissom",118,11A,70,2026-04-05,02:26,38,"","Hot Boy Things",2026-03-26,82,1,0,93,0,20,-8,F#/G♭ Minor,4,1Sca7ILWxXYzWL2WhJtPtI,QZLL92661517
1186,"The Great Beyond","R.E.M.",110,6B,75,2026-04-05,05:07,57,"jangle pop, alternative rock, rock","In Time: The Best Of R.E.M. 1988-2003",2003-08-27,33,13,0,18,0,20,-6,A#/B♭ Major,4,7w57O4o0xCTn9YpKuaPZDd,USWB19902543
1187,"To the Moon & Back","Savage Garden",104,5A,76,2026-04-05,05:39,65,"","Savage Garden (Original Version)",1997-00-00,59,2,0,34,0,10,-7,C Minor,4,48YTxXgK2CT31UlfYz5MKU,AURQ09700001
1188,"Slingshot","HENGE",174,4A,75,2026-04-05,03:32,55,"","Journey to Voltus B",2025-01-31,56,12,26,85,0,10,-10,F Minor,4,1TOYsMwlftOZ5GZL6sF8lF,GBER72400166
1189,"Eclipse","Pink Floyd",68,6B,58,2026-04-05,02:06,68,"progressive rock, psychedelic rock, classic rock, art rock, rock","The Dark Side of the Moon",1973-03-01,36,6,75,14,0,0,-11,A#/B♭ Major,4,1tDWVeCR9oWGX8d5J9rswk,GBN9Y1100084
1190,"Limit To Your Love","James Blake",140,3A,28,2026-04-05,04:36,54,"","James Blake",2011-01-01,78,55,24,4,10,0,-10,A#/B♭ Minor,4,33BnSMHgX0AsbKSIbkuMwh,GBUM71028665
1191,"Crazy - Radio Mix","TEEMID,Joie Tan",110,10A,64,2026-04-05,03:35,49,"","Crazy",2014-11-14,69,36,38,43,30,40,-11,B Minor,4,1mPiwyeKSNBoNse8lCujYi,DEA621400409
1192,"Shooting Stars","Bag Raiders",125,1B,72,2026-04-05,03:55,72,"alternative dance","Bag Raiders (Deluxe)",2011-01-01,64,9,2,43,0,0,-6,B Major,4,0UeYCHOETPfai02uskjJ3x,AUUM71001517
1193,"When Will I See You Again","Shakka",75,2B,88,2026-04-05,03:37,55,"","When Will I See You Again",2014-10-18,58,31,0,67,10,10,-6,F#/G♭ Major,4,1HGsdjGK835eramyE3cAe1,QZFZ42666918
1194,"Where To Land","Travis Garland",92,4A,41,2026-04-05,04:05,27,"","Travis Garland",2013-09-10,54,51,0,19,0,20,-8,F Minor,4,5iPC1qNsmhcNVXzT4w3pN2,USUYG1034043
1195,"Good Things Go","Linkin Park",127,7A,76,2026-04-05,03:29,68,"nu metal, rap metal, rock, alternative metal","From Zero",2024-11-15,54,1,0,31,0,10,-5,D Minor,4,6aCBjSb87RizdH8lVBIRW7,USWB12403473
1196,"Planet Earth","Duran Duran",131,8B,59,2026-04-05,03:57,37,"new wave, synthpop","Duran Duran",1981-06-15,70,0,45,23,0,0,-11,C Major,4,66VEkC0FJCArTuCOZD3SbY,GBAYE8100035
1197,"Kiss the Sky","Shawn Lee's Ping Pong Orchestra",85,11A,68,2026-04-05,03:38,62,"","Voices and Choices",2006-01-30,57,10,57,24,0,20,-7,F#/G♭ Minor,4,3bRXp773ZZexucE1dX8mia,USUR40720704
1198,"Northern Lights","Kate Boy",97,3A,75,2026-04-05,03:35,37,"","One",2015-11-06,73,10,3,70,0,10,-7,A#/B♭ Minor,4,3MBiP3tvOc4K91OGg3z5e8,US53Q1200048
1199,"Today - 2011 Remaster","The Smashing Pumpkins",83,4B,83,2026-04-05,03:21,75,"alternative rock, rock","Siamese Dream (Deluxe Edition)",1993-00-00,46,0,57,42,0,0,-8,G#/A♭ Major,4,0u5aO1GYsIhAWCPuXdwnak,USVI21100148
1200,"Feels Like We Only Go Backwards","Tame Impala",150,7A,90,2026-04-05,03:12,80,"neo-psychedelic, indie","Lonerism",2012-01-01,30,3,64,49,0,10,-2,D Minor,4,0LtOwyZoSNZKJWHqjzADpW,AUUM71200493
1201,"In My Head","No Doubt",155,10A,69,2026-04-05,03:25,38,"","Rock Steady (Expanded Edition)",2001-12-11,78,8,0,86,0,10,-4,B Minor,4,5T04ErlIXyIYoClm3VaySe,USIR10120446
1202,"I Didn't Change My Number","Billie Eilish",142,11B,48,2026-04-05,02:38,73,"","Happier Than Ever",2021-07-30,85,61,27,68,20,30,-6,A Major,4,7bcy34fBT2ap1L4bfPsl9q,USUM72105926
1203,"NO","Meghan Trainor",92,12A,80,2026-04-05,03:33,80,"","Thank You (Deluxe Version)",2017-05-12,56,1,0,66,20,70,-4,C♯/D♭ Minor,4,0l0CvurVUrr2w3Jj1hOVFc,USSM11600935
1204,"Black Out Days (Stay Away)","Ian Asher,Phantogram",155,11A,76,2026-04-05,02:52,79,"","Black Out Days (Stay Away)",2025-08-15,59,2,86,13,0,20,-5,F#/G♭ Minor,4,6r7b1UHvO3fBZe7wBXWTaZ,USUM72509197
1205,"So Good","Nosi",125,3A,86,2026-04-05,03:39,69,"stutter house","So Good",2025-02-07,57,0,2,9,0,10,-7,A#/B♭ Minor,4,2S9jqUEI9fiDNtSH707KR4,USA2P2467053
1206,"Go Fuck Yourself","Two Feet",75,2B,33,2026-04-05,02:09,72,"","First Steps",2016-07-29,77,57,5,29,20,0,-8,F#/G♭ Major,4,4NZrZgrRoR4GwR7flWOXRI,DEVF11600016
1207,"My Moon My Man","Feist",124,9A,51,2026-04-05,03:48,74,"","The Reminder",2007-01-01,73,12,3,48,0,10,-8,E Minor,4,5FFQbvn7055P1DvgJDdCBP,FRUM70600211
1208,"Can’t Sleep","K.Flay",146,9A,48,2026-04-05,04:11,60,"","Life as a Dog (Deluxe Version)",2014-06-24,60,8,0,30,0,0,-9,E Minor,4,56lwHTCikHS3QwVGtfSelJ,QM9BS1400003
1209,"All The Things She Said","t.A.T.u.",180,4A,83,2026-04-05,03:34,86,"","200 KM/H In The Wrong Lane (10th Anniversary Edition)",2002-00-00,53,4,1,38,0,10,-6,F Minor,4,4bJygwUKrRgq1stlNXcgMg,RUA110100098
1210,"Hot Blooded","New Constellations",100,12A,52,2026-04-05,04:47,80,"","Hot Blooded",2021-01-01,63,0,0,23,0,10,-8,C♯/D♭ Minor,4,1ElySIlHwm1HX7sUjAZZnp,SE6SA2006253
1211,"The Seamstress","Zinadelphia",128,7A,81,2026-04-05,03:53,39,"","The Seamstress",2025-05-16,61,13,0,56,0,20,-5,D Minor,4,5RFkyWsKQnQazI5kZyisFW,QM6P42531421
1212,"She's My Collar (feat. Kali Uchis)","Gorillaz,Kali Uchis",140,1B,82,2026-04-05,03:29,80,"","Humanz (Deluxe)",2017-04-28,73,1,8,46,0,10,-6,B Major,4,3lIxtCaROdRDuTnNBDm3n2,GBAYE1700176
1213,"Heartbeat","Childish Gambino",120,12A,55,2026-04-05,04:29,85,"","Camp",2011-11-15,80,0,0,29,10,0,-7,C♯/D♭ Minor,4,5AGQSF0ytihJyt96K5vW9d,USYAH1100351
1214,"No Church In The Wild","JAŸ-Z,Kanye West,Frank Ocean,THE-DREAM",93,1A,75,2026-04-05,04:32,80,"hip hop, east coast hip hop, rap, r&b","Watch The Throne",2011-08-08,65,24,2,56,10,10,-8,G#/A♭ Minor,4,7r6PigmGzlB3YPB7wvBBbi,USUM71111617
1215,"Dirty Diana - 2012 Remaster","Michael Jackson",131,5B,82,2026-04-05,04:40,82,"","Bad (Remastered)",1987-08-31,74,19,0,35,0,30,-4,D#/E♭ Major,4,0AcgKF7kbSoCkh3n7vlHwK,USSM11204988
1216,"Bad Things","Cailin Russo",107,10B,77,2026-04-05,03:36,74,"","House with a Pool",2018-07-13,58,12,0,42,0,10,-5,D Major,4,2QMV9Kj5BFo8kjggLVHf86,UKELY1800065
1217,"Nothing Matters","The Last Dinner Party",101,10B,80,2026-04-05,03:02,72,"","Prelude to Ecstasy",2024-02-02,58,2,0,59,0,10,-5,D Major,4,5crY7axm3GejOxy5PsnnPk,GBUM72301930
1218,"Space Song","Beach House",147,5A,79,2026-04-05,05:20,78,"dream pop","Depression Cherry",2015-08-28,51,23,12,60,0,10,-7,C Minor,4,7H0ya83CMmgFcOhw0UB6ow,USSUB1512203
1219,"Sign of the Times","Harry Styles",120,7B,60,2026-04-05,05:40,92,"","Harry Styles",2017-05-12,52,3,0,22,0,10,-5,F Major,4,5Ohxk2dO5COHF1krpoPigN,USSM11703595
1220,"Purple Rain","Prince",113,6B,45,2026-04-05,08:41,87,"funk rock, funk","Purple Rain",1984-06-25,37,4,0,18,0,60,-10,A#/B♭ Major,4,1uvyZBs4IZYRebHIB1747m,USWB10001880
1221,"Don't Think of Me","Dido",94,1A,61,2026-04-05,04:32,51,"","No Angel",1999-00-00,51,0,0,21,0,0,-8,G#/A♭ Minor,4,6HuANi4awD1cZX4BgYwiNM,USAR19900860
1222,"Don't Believe in Love","Dido",91,8A,33,2026-04-05,03:52,42,"","Safe Trip Home",2008-11-14,78,12,0,60,0,10,-11,A Minor,4,2J6k177s1twKl3yG9YnQ4l,GBARL0801016
1223,"Quiet Times","Dido",110,4B,42,2026-04-05,03:17,41,"","Safe Trip Home",2008-11-14,78,32,0,44,0,0,-15,G#/A♭ Major,4,5JXasl8gsVoNsQTw5JJKBT,GBARL0801017
1224,"Quiet Hearts","Amy Stroup",112,8B,50,2026-04-05,04:12,22,"","The Other Side of Love Sessions",2011-07-12,57,57,9,54,0,10,-13,C Major,4,22dkeAApcTHKbnVaJTehVV,USB9D1100012
1225,"Sixteen","Rainbow Kitten Surprise",143,3B,85,2026-04-05,03:26,64,"","Sixteen",2026-03-20,52,1,0,62,0,0,-4,C♯/D♭ Major,4,03mN5X7xFtv6uuBGsB43aY,USAT22601139
1226,"BATSHIT INTELLIGENCE","Melanie Martinez",117,11A,67,2026-04-05,03:58,72,"","HADES",2026-03-27,61,50,0,61,0,20,-6,F#/G♭ Minor,4,4vKVlYoXr2d5DKikbxTWIj,USAT22600359
1227,"i'd like to crawl inside your mind","Artemas",111,9B,89,2026-04-05,03:21,57,"","getting up to no good",2026-03-27,52,0,46,37,0,40,-4,G Major,4,0fmmnMko6TyM8OJILQ46rn,QZJ842603212
1228,"time alone w u","Artemas",106,4B,78,2026-04-05,02:12,59,"","getting up to no good",2026-03-27,51,0,3,34,0,10,-6,G#/A♭ Major,4,1TJ0PvWV2i7IamBAhuihds,QZJ842509950
1229,"IDGAF","Dua Lipa",97,9B,54,2026-04-05,03:37,76,"pop","Dua Lipa (Deluxe)",2017-06-02,84,4,0,51,0,0,-6,G Major,4,76cy1WJvNGJTj78UqeA5zr,GBAHT1600301
1230,"Room for 2","Dua Lipa",76,11B,49,2026-04-05,03:28,43,"pop","Dua Lipa (Deluxe)",2017-06-02,54,40,0,38,0,10,-6,A Major,4,4isCUHcZJs0o8niODly6qc,GBAHT1600305
1231,"Gemini Feed","BANKS",102,10A,65,2026-04-05,03:06,52,"","The Altar",2016-09-30,77,20,0,54,0,10,-6,B Minor,4,5fdzPMOxUqVJYSzTP5cFP7,USUM71605787
1232,"Lost Your Ghost","Two Feet",125,5A,79,2026-04-05,03:58,45,"","Lost Your Ghost",2026-01-23,53,35,35,34,0,60,-4,C Minor,4,2mpXcmYxyKLZSg41JRmJFR,US6R22560205
1233,"Family","Badflower",150,2A,67,2026-04-05,04:07,53,"post-grunge","This Is How The World Ends",2021-09-24,61,0,6,41,0,0,-5,D#/E♭ Minor,4,3z67pAKSP7DQkRpWOD28T1,QZRD92100076
1234,"Out the Speakers","A-Trak,Milo & Otis,Rich Kidz",104,3B,92,2026-04-05,03:13,33,"disco house, moombahton, edm trap, ","Out the Speakers",2014-05-20,67,1,84,28,0,90,-3,C♯/D♭ Major,4,1Nt23Ke8HuOZiYsT7Zabxp,QMSDU1400075
1235,"Where Is My Mind","Safari Riot,Grayson Sanders",162,4B,34,2026-04-05,03:02,41,"christmas","Where Is My Mind",2018-08-17,15,2,8,8,0,10,-10,G#/A♭ Major,4,2X8S0sObGFG5rkSvieOx9M,GBKPL1819066
1236,"Punkrocker (feat. Iggy Pop)","Teddybears,Iggy Pop",142,7A,80,2026-04-05,04:06,70,"proto-punk, glam rock","Soft Machine (U.S. Version)",2006-09-19,55,0,66,31,0,10,-6,D Minor,4,5JqMWnxVKjJZ2NNOEux46S,USAT20611879
1237,"Called Out In The Dark","Snow Patrol",120,8B,71,2026-04-05,04:01,49,"","Fallen Empires",2011-01-01,73,2,0,96,0,0,-5,C Major,4,4BBt0kc625eUAdG2XpWPHm,GBUM71105911
1238,"Get Lucky (feat. Pharrell Williams and Nile Rodgers)","Daft Punk,Pharrell Williams,Nile Rodgers",116,11A,79,2026-04-05,06:09,77,"french house, electronic, electro, ","Random Access Memories",2013-05-20,81,4,0,86,0,0,-9,F#/G♭ Minor,4,69kOkLUCkxIZYexIgSG8rq,USQX91300108
1239,"Technologic","Daft Punk",127,11B,52,2026-04-05,04:44,56,"french house, electronic, electro","Human After All",2005-03-14,81,0,0,63,20,10,-7,A Major,4,0LSLM0zuWRkEYemF7JcfEE,GBDUW0400109
1240,"In Cold Blood","alt-J",143,10A,75,2026-04-05,03:26,55,"indie, indie rock","RELAXER",2017-06-02,50,14,0,59,0,10,-5,B Minor,4,0jeJR3LdrC2QJNviq7wjzp,GB5KW1700459
1241,"Vanished","Crystal Castles",120,5A,87,2026-04-05,04:02,79,"witch house, electroclash, new rave, alternative dance","Crystal Castles",2008-03-18,71,0,0,64,0,20,-7,C Minor,4,4bQ7mjty0UVlKRalhizpGT,CAL450896208
1242,"Grey","Two Feet",60,8B,72,2026-04-05,03:22,47,"","Pink",2020-03-13,45,0,79,58,10,10,-6,C Major,4,14CF8uYWS5hV0Qvy5GAFqU,USUM72000848
1243,"Pink","Two Feet",117,8A,45,2026-04-05,02:04,54,"","Pink",2020-03-13,69,32,0,52,0,10,-7,A Minor,4,4IHiN5A0ythEPmWIKSc7gc,USUM71917945
1244,"Black Holes (Solid Ground)","The Blue Stones",92,10A,84,2026-04-05,03:05,61,"blues rock","Black Holes",2018-10-26,56,1,0,26,0,10,-4,B Minor,4,0qPLNGJhvrhuuayoKhTR3B,TCACN1677390
1245,"Astronaut (Something About Your Love)","Mansionair",106,4A,56,2026-04-05,03:22,46,"","Shadowboxer",2019-03-01,74,22,0,35,0,10,-9,F Minor,4,61c96X4Th7oYdSDxIOEV3k,USYAH1700133
1246,"We Could Leave","Mansionair",118,6A,52,2026-04-05,04:26,34,"","Shadowboxer",2019-03-01,73,31,0,27,0,10,-8,G Minor,4,0mnxwfe9TDnylcSc2F2q9g,USYAH1700337
1247,"Que Sera","Wax Tailor",83,11B,72,2026-04-05,02:44,61,"trip hop, plunderphonics, nu jazz, downtempo, electro swing","Tales of the Forgotten Melodies",2005-02-22,71,27,25,42,0,10,-5,A Major,4,4I1LbLy9xIFZ9sftxGSLDR,FRP180400180
1248,"Flow","Crooked Colours",118,11A,63,2026-04-05,04:50,53,"","Vera",2017-06-23,53,16,59,23,0,10,-8,F#/G♭ Minor,4,7mE57yFVWevAttx4HvLZKi,AUDCB1600976
1249,"Open Your Eyes","STRFKR",130,5A,75,2026-04-05,03:52,64,"","Being No One, Going Nowhere",2016-11-04,67,1,61,40,0,10,-4,C Minor,4,2Vn92UPSmDMynFENzpe2zP,US3R41632105
1250,"Violet","Savage Garden",108,8B,71,2026-04-05,04:02,32,"","Savage Garden (Original Version)",1997-00-00,70,2,0,69,0,10,-6,C Major,4,6fPhxQz2dv88GChMrX6lvh,AURQ09700006
1251,"Two Dots","Lusine",120,6A,66,2026-04-05,04:38,39,"idm","A Certain Distance",2009-08-03,71,61,71,61,0,10,-8,G Minor,4,3NcOlyaj8fEPbVfvNOKeaD,US2J70908702
1252,"Black Mambo - Zodiac Remix","Glass Animals,Zodiac",80,4A,43,2026-04-05,03:40,30,"","Remixes",2015-02-17,53,70,5,21,0,10,-10,F Minor,4,018sj3DTBBtZu8mNf2qP5h,GBUM71303837
1253,"Texas Man","The Chicks",160,11B,73,2026-04-05,03:44,44,"country","Gaslighter",2020-07-17,78,26,0,79,30,10,-7,A Major,4,6fDAGY50m6cnVBY8aUTi9d,USSM12000671
1254,"Ayo Technology","50 Cent,Justin Timberlake,Timbaland",140,1A,78,2026-04-05,04:07,82,"old school hip hop, east coast hip hop, ","Curtis",2007-01-01,63,8,0,42,10,0,-5,G#/A♭ Minor,4,36Hwcla06Q5BCr59CL0sBp,USUM70735445
1255,"Digital Get Down","*NSYNC",178,9B,98,2026-04-05,04:23,42,"","No Strings Attached",2000-03-21,64,1,0,86,10,10,-4,G Major,4,0yX0Zw8ouA5lD7rbzWfowL,USJI10000050
1256,"Space Cowboy (Yippie-Yi-Yay) (feat. Lisa  Left Eye  Lopes)","*NSYNC,Lisa  Left Eye  Lopes",114,3A,98,2026-04-05,04:22,45,"","No Strings Attached",2000-03-21,71,1,0,70,0,70,-3,A#/B♭ Minor,4,0B7Hp8MXbiK8HoXqqYqTkW,USJI10000044
1257,"Just Got Paid","Johnny Kemp",115,10A,75,2026-04-05,05:31,51,"new jack swing","Secrets of Flying (Expanded Edition)",2015-06-19,79,4,0,95,0,70,-7,B Minor,4,7aJ5Hx4GXT1pTTrPRkeKv9,USSM11503575
1258,"If You Want It To Be Good Girl (Get Yourself a Bad Boy)","Backstreet Boys",114,8A,87,2026-04-05,04:49,38,"","Backstreet Boys",1996-00-00,76,15,0,83,0,0,-5,A Minor,4,4PRlfsuWbWfVvU2RMZKp1R,USJI19710098
1259,"Grown Man","New Kids On The Block,The Pussycat Dolls,Teddy Riley",114,8B,49,2026-04-05,02:57,28,"new jack swing","The Block",2008-01-01,79,11,0,51,10,40,-8,C Major,4,09mVrZms8YLK0IJ65lbIgx,USUM70828890
1260,"Crystalised","The xx",123,10A,48,2026-04-05,03:21,73,"","xx",2009-08-16,76,81,39,42,0,0,-12,B Minor,4,5UBBJnFxsfjFxfrtvErQoH,GBBKS0900025
1261,"Heart Skipped A Beat","The xx",123,1B,35,2026-04-05,04:02,59,"","xx",2009-08-16,83,55,81,51,0,0,-13,B Major,4,7ygrTWuppClAgsCa8QD5go,GBBKS0900199
1262,"Hazey - Dave Glass Animals Rework","Glass Animals,Rome Fortune",90,2B,59,2026-04-05,03:23,23,"","Remixes",2015-02-17,70,0,3,82,0,40,-8,F#/G♭ Major,4,6dcUhrdDyMgCYMrL7T3oMG,GB2DY1400386
1263,"Just Say Yes","Snow Patrol",108,11B,88,2026-04-05,04:41,50,"","Greatest Hits",2013-01-01,54,2,0,26,0,0,-5,A Major,4,7EEpVPYeW8Ycaw2SlP1u7f,GBUM70911698
1264,"Where'd You Go (feat. Holly Brook & Jonah Matranga)","Fort Minor,Holly Brook,Jonah Matranga",180,12A,82,2026-04-05,03:51,58,"rap rock, ","The Rising Tied",2005-11-21,68,26,0,25,20,10,-3,C♯/D♭ Minor,4,7pAT4dOUzjq8Ziap5ShIqC,USWB10504785
1265,"Look What You've Done","Jet",74,8B,54,2026-04-05,03:50,66,"","Get Born (Deluxe Edition)",2003-09-14,40,39,0,33,0,10,-7,C Major,4,1vZOMg44tCErIWtunDnorD,USEE10340563
1266,"Addict With A Pen","Twenty One Pilots",140,9B,79,2026-04-05,04:46,58,"","Twenty One Pilots",2009-12-29,55,15,0,30,10,10,-8,G Major,4,3MFertXkQGFCIXm0R8qUjW,USX9P0965503
1267,"When I'm Small - Lucy's Mix (Live on KEXP)","Phantogram",111,6A,45,2026-04-05,04:25,33,"","Eyelid Movies (Expanded Edition)",2022-11-11,62,10,12,4,0,0,-11,G Minor,4,4wRsUXMKHtAsANj4g2osMh,USBS50931083
1268,"Blinding","Florence + The Machine",108,8A,79,2026-04-05,04:35,44,"baroque pop","Lungs (Deluxe Edition)",2009-00-00,51,11,1,27,0,30,-6,A Minor,4,4tUOFydV4QoeqZOIoxzHNk,GBUM70903469
1269,"As Far As I Can See","Phantogram",90,9B,68,2026-04-05,03:29,54,"","Eyelid Movies",2010-00-00,56,0,3,12,0,0,-3,G Major,4,3S53KV0M2AXeUQgQ65GBcu,USBS50931062
1270,"Turning Into Stone","Phantogram",122,6B,89,2026-04-05,04:54,42,"","Nightlife",2011-00-00,56,1,49,6,0,30,-6,A#/B♭ Major,4,2YD9lxZ8sLocATwfCPPoEc,USBS51131294
1271,"16 Years","Phantogram",120,11A,78,2026-04-05,03:56,41,"","Nightlife",2011-00-00,51,0,9,19,0,40,-6,F#/G♭ Minor,4,1R7EfuL60uDJSvGndrH7Np,USBS51131292
1272,"A Light That Waits","The Fray",146,10A,83,2026-04-05,03:23,54,"","A Light That Waits",2026-03-13,57,9,0,50,0,10,-6,B Minor,4,5r4QnvdXTQHBCbpj2fTXNY,US6R22574887
1273,"Tell Me The Truth","Two Feet",80,6B,60,2026-04-05,04:02,53,"","Shape & Form",2022-05-13,61,12,0,10,0,10,-5,A#/B♭ Major,4,4MFLdAiHJv7zDOEbD2P2az,GBKPL2289553
1274,"Don't Bring Me Down","Two Feet",130,3A,46,2026-04-05,03:13,39,"","Shape & Form",2022-05-13,54,14,92,17,0,10,-9,A#/B♭ Minor,3,2FkmT8QEYtXNNJc3a6J1fq,GBKPL2166109
1275,"Where There's Smoke, There's Fire","The Black Keys",166,9A,82,2026-04-05,05:00,63,"blues rock, garage rock, modern blues, rock","Where There's Smoke, There's Fire",2026-03-20,35,0,1,50,0,20,-5,E Minor,4,2fmKTXjj8zPinrBwswwTjI,USWB12504967
1276,"Happy Idiot","TV On The Radio",140,10A,95,2026-04-05,03:03,62,"indie rock, indie","Seeds",2014-11-17,62,0,0,86,0,0,-4,B Minor,4,63mnZ0zF5fBwJzYg2pDo9e,USUG11401340
1277,"Sit Next to Me","Foster The People",97,11A,74,2026-04-05,04:03,75,"","Sacred Hearts Club",2017-07-21,64,12,0,66,0,60,-5,F#/G♭ Minor,4,4BdGO1CaObRD4La9l5Zanz,USSM11704909
1278,"Pools","Glass Animals",105,8B,65,2026-04-05,04:48,57,"","ZABA",2014-06-03,68,15,0,23,0,10,-9,C Major,4,7jO2B8Xgfu7D9vj60XiG7Y,GB2DY1400009
1279,"Last Night of Our Lives","Vertical Horizon",77,2B,37,2026-04-05,03:09,34,"","Last Night of Our Lives",2026-02-27,57,79,1,15,0,10,-9,F#/G♭ Major,4,7BRJeEUnobtDbsurTnIJJU,QT65Y2675003
1280,"The Weekend","Train",165,10B,85,2026-04-05,03:28,45,"soft pop","The Weekend",2026-03-05,31,1,0,74,0,20,-4,D Major,4,0cBi0FWQFeZ8maPjsSE5Mc,USSM12600214
1281,"All Fall Down - Live At The Orange Lounge","OneRepublic",92,10A,63,2026-04-05,04:09,31,"soft pop","Dreaming Out Loud (Deluxe Edition)",2026-03-20,41,71,0,34,0,10,-7,B Minor,4,4RDxw2t1sdQPfKxfaev0pB,USUM70818138
1282,"Say (All I Need) - Live","OneRepublic",122,11B,50,2026-04-05,04:05,31,"soft pop","Dreaming Out Loud (Deluxe Edition)",2026-03-20,55,0,0,28,0,10,-7,A Major,4,3kwoSzJ0RScB2Zt0ElXnMO,USUM70814591
1283,"Cruel World","Phantogram",80,5A,45,2026-04-05,02:57,58,"","Three",2016-10-07,56,0,0,20,0,30,-7,C Minor,4,5PaViyJwv0XJbCcrnBNuAt,USUM71605181
1284,"Lion","Saint Mesa",86,11A,50,2026-04-05,02:50,59,"","Lion",2017-09-01,25,20,1,32,0,30,-9,F#/G♭ Minor,3,5yuzTsgXe97MkNVNHtHic1,USUM71708838
1285,"Hard - Jody den Broeder Club Remix / Just Dance 3","Rihanna,Jeezy,Jody Den Broeder",127,11A,92,2026-04-05,04:17,26,"southern hip hop, crunk, gangster rap, rap, ","Just Dance 3",2010-01-01,82,0,1,74,10,40,-4,F#/G♭ Minor,4,14i58L9kU1SGKew4a67gAS,USUM71008012
1286,"NOKIA","Drake",106,7B,73,2026-04-05,04:01,84,"rap","$ome $exy $ongs 4 U",2025-02-14,54,25,0,51,10,10,-4,F Major,4,2u9S9JJ6hTZS3Vf22HOZKg,USLD91772032
1287,"Amazing","Kanye West,Jeezy",146,4B,55,2026-04-05,03:58,67,"rap, southern hip hop, crunk, gangster rap","808s & Heartbreak",2008-11-24,59,22,12,50,0,0,-8,G#/A♭ Major,4,0m3Ze0cy8qBHSsV2exAfCw,USUM70846401
1288,"Slow Hands","Niall Horan",86,8B,43,2026-04-05,03:08,74,"","Flicker (Deluxe)",2017-10-20,74,1,0,85,0,0,-7,C Major,4,2cOUlop2ZakjOKe4WinesN,USUG11700631
1289,"She Ain't Got...","LeToya",144,11A,87,2026-04-05,03:40,23,"","Lady Love (Explicit)",2009-01-01,51,6,0,66,20,20,-5,F#/G♭ Minor,4,0gAu6mBU7udA9NrfAzAAw2,USCA20903340
1290,"Case Of The Ex (Whatcha Gonna Do)","Mýa",98,12A,68,2026-04-05,03:56,64,"","Fear Of Flying",2000-01-01,77,7,0,35,0,0,-5,C♯/D♭ Minor,4,1ak0S3NhwWrUgNlQhJ1412,USIR10000805
1291,"My Love Is Like...Wo","Mýa",133,12B,68,2026-04-05,03:29,54,"","Moodring",2003-01-01,84,23,0,71,10,20,-6,E Major,4,3Gamc2D6VSlXpUcmhPUFYt,USIR10311874
1292,"Dip It Low","Christina Milian",169,10A,72,2026-04-05,03:21,55,"","Dip It Low",2004-01-01,75,1,0,58,10,0,-4,B Minor,4,4L55p6txv9vuCWhpNnY6eY,USIR20300789
1293,"Ride (feat. Ludacris)","Ciara,Ludacris",130,9B,72,2026-04-05,04:34,59,"southern hip hop","Basic Instinct",2010-12-10,69,0,0,35,0,0,-5,G Major,4,3RJclnBV8g9mvHPtSzPf7c,USLF21000015
1294,"No More (Baby I'ma Do Right)","3LW",89,7A,72,2026-04-05,04:23,56,"","3LW",2000-11-06,72,10,0,76,0,0,-7,D Minor,4,5zn1hpm9N0ylKB7kOtpCw2,USSM10010610
1295,"Stutter","Maroon 5",120,12A,88,2026-04-05,03:16,38,"pop","Hands All Over (Deluxe)",2011-01-01,71,2,0,81,0,10,-3,C♯/D♭ Minor,4,0dnpN2l5GOtgMAh2kKa6B0,USUM71019654
1296,"Get Back In My Life","Maroon 5",112,1B,93,2026-04-05,03:37,29,"pop","Hands All Over (Deluxe)",2011-01-01,76,0,0,90,0,10,-4,B Major,4,3TDKkACUlLgnDGLMzM408B,USUM71019660
1297,"All For You","Janet Jackson",114,10B,93,2026-04-05,05:29,67,"new jack swing","All For You",2001-01-01,75,2,7,73,0,10,-3,D Major,3,5X8kkUaUlAyAUr9TYqDFTH,USVI20100057
1298,"LoveStoned / I Think She Knows (Interlude)","Justin Timberlake",121,3B,68,2026-04-05,07:24,60,"","FutureSex/LoveSounds",2006-09-12,86,34,0,85,0,20,-6,C♯/D♭ Major,4,5iyE2d4U3Vc5cqY9mPTlpy,USJI10600495
1299,"Get It Shawty","Lloyd",128,4A,91,2026-04-05,03:29,68,"r&b","Street Love",2007-01-01,82,12,0,66,20,0,-4,F Minor,4,2a03afRiyAbNAleOByVju4,USUM70721403
1300,"Hotline","Ciara",123,8B,34,2026-04-05,03:23,39,"","Goodies",2004-09-27,96,4,0,11,40,0,-8,C Major,4,11SgGk0IyjzcvRpj6mlisM,USLF20400125
1301,"Promise","Ciara",123,11B,63,2026-04-05,04:27,63,"","The Evolution",2006-00-00,70,41,0,44,0,0,-6,A Major,4,1pLdjo3lOBbMaoR4ZpybFH,USLF20600562
1302,"Mommy - with Mommy Interlude","Missy Elliott",146,12A,50,2026-04-05,03:08,25,"hip hop","The Cookbook",2005-07-04,72,5,0,15,30,20,-7,C♯/D♭ Minor,5,0Z8taEEMbqDMV0eNmD1ypH,USEE10414033
1303,"Family Affair","Mary J. Blige",93,1A,55,2026-04-05,04:25,84,"r&b","No More Drama",2001-08-28,91,13,0,97,0,0,-4,G#/A♭ Minor,4,3aw9iWUQ3VrPQltgwvN9Xu,USMC10111369
1304,"No Scrubs","TLC",93,1A,68,2026-04-05,03:34,87,"","Fanmail",1999-02-23,74,3,0,59,10,0,-4,G#/A♭ Minor,4,1KGi9sZVMeszgZOWivFpxs,USLF29900479
1305,"Conceited (There's Something About Remy)","Remy Ma",100,1B,58,2026-04-05,03:39,74,"","There's Something About Remy-Based On A True Story (Explicit)",2006-01-01,67,20,0,56,40,10,-8,B Major,4,2OcBwebjQsdJy76zWvLQvn,USUM70504488
1306,"Love The Way You Lie (Part II) - Pt. 2","Rihanna,Eminem",166,6B,84,2026-04-05,04:56,63,"rap, hip hop","Loud",2010-11-16,49,33,0,40,10,0,-5,A#/B♭ Major,4,4aPRuTsiG7B4owTTF8Dm3U,USUM71026644
1307,"911","Ellise",130,3A,61,2026-04-05,03:10,51,"","Can You Keep a Secret?",2018-10-12,70,57,0,51,0,0,-7,A#/B♭ Minor,4,3bHZeMMosfnAS633rWpf09,USUYG1306348
1308,"Tag, You're It","Melanie Martinez",115,4A,84,2026-04-05,03:09,73,"","Cry Baby (Deluxe Edition)",2015-08-14,56,24,2,38,0,10,-6,F Minor,4,3u1FiuSpfsgVnekEMXgMwJ,USAT21501939
1309,"Off To The Races","Lana Del Rey",160,9A,72,2026-04-05,04:59,64,"","Born To Die - The Paradise Edition",2012-01-01,40,6,0,11,0,20,-6,E Minor,4,3uUCgL0cbSd0isnqhHCm1f,GBUM71111530
1310,"A Little Death","The Neighbourhood",88,11A,75,2026-04-05,03:29,78,"","I Love You. (10th Anniversary Edition)",2013-04-23,53,0,0,33,0,10,-5,F#/G♭ Minor,4,0pxPNTroZcxXA0w6IDgMQJ,USSM11206332
1311,"Private","The Neighbourhood",124,7A,58,2026-04-05,03:49,69,"","(((((ultraSOUND)))))",2025-11-14,73,1,73,44,0,0,-6,D Minor,4,2qoxzXXSWPodTTsX4FkWEk,USWB12503647
1312,"Toxic","Kehlani",112,6A,45,2026-04-05,02:48,68,"","It Was Good Until It Wasn't",2020-05-08,65,31,0,4,0,10,-5,G Minor,4,5nexAvWNhwg51EavnDgViy,USAT22001338
1313,"Get Naked (I Got a Plan)","Britney Spears",115,11A,86,2026-04-05,04:45,58,"pop","Blackout",2007-10-25,73,6,0,67,0,0,-5,F#/G♭ Minor,4,0PGxTaUcMggyJxTyLy0uOx,USJI10700733
1314,"Outrageous","Britney Spears",105,9B,66,2026-04-05,03:21,62,"pop","In The Zone",2003-11-13,83,4,0,85,0,10,-6,G Major,4,2vPCRs3g0vdLU8sHlAEytO,USJI10301006
1315,"Toxic","Britney Spears",143,4A,84,2026-04-05,03:18,87,"pop","In The Zone",2003-11-13,77,2,3,92,10,20,-4,F Minor,4,6I9VzXrHxO9rA9A5euc8Ak,USJI10301005
1316,"Batter Up","Nelly,Murphy Lee,Ali",160,4B,59,2026-04-05,05:27,59,"","Country Grammar",2000-06-27,84,13,0,58,20,20,-6,G#/A♭ Major,4,1LnEW2Dx4pFZ4yZ4dXFY4f,USUR10000177
1317,"Good Boy","ari hicks",121,7A,66,2026-04-05,02:26,38,"","Good Boy",2024-04-12,78,13,0,62,0,10,-5,D Minor,4,0ZuPqWaILv4VJsTii3UdeM,CAW112400088
1318,"Shut Up And Drive","Rihanna",133,3B,83,2026-04-05,03:32,72,"","Good Girl Gone Bad",2007-01-01,73,0,13,74,0,20,-5,C♯/D♭ Major,4,4QdX6pmNnJ5cleufWQIr5D,USUM70734703
1319,"Breakin' Dishes","Rihanna",125,1A,67,2026-04-05,03:20,86,"","Good Girl Gone Bad: Reloaded",2008-06-02,80,0,0,88,0,0,-4,G#/A♭ Minor,4,46aZJc0z1HHHSFxaIRxYSP,USUM70734702
1320,"Rude Boy","Rihanna",174,1B,75,2026-04-05,03:42,82,"","Rated R",2009-11-20,56,11,0,81,10,0,-4,B Major,4,60jzFy6Nn4M0iD1d94oteF,USUM70912459
1321,"S&M","Rihanna",128,3B,69,2026-04-05,04:03,88,"","Loud",2010-01-01,77,1,0,84,0,0,-5,C♯/D♭ Major,4,7ySUcLPVX7KudhnmNcgY2D,USUM71026591
1322,"Birthday Cake","Rihanna",80,5B,83,2026-04-05,01:18,61,"","Talk That Talk",2011-11-19,70,31,0,33,0,30,-6,D#/E♭ Major,4,4EfN6bixdOOgoLYR5C4cWo,USUM71118092
1323,"Gimme More","Britney Spears",113,10B,84,2026-04-05,04:11,86,"pop","Blackout",2007-10-25,79,25,0,38,0,0,-3,D Major,4,6ic8OlLUNEATToEFU3xmaH,USJI10700609
1324,"Miss possessive","Tate McRae",102,4B,75,2026-04-05,02:19,73,"","So Close To What",2025-02-21,78,26,0,33,0,10,-5,G#/A♭ Major,4,4Q9ExJGFgL9Jd9kmYH3nXs,USRC12403576
1325,"Sports car","Tate McRae",107,10A,80,2026-04-05,02:45,78,"","Sports car",2025-01-24,86,5,0,87,0,0,-4,B Minor,4,2zOmS55knKWSgScYPTNmGQ,USRC12403580
1326,"It's ok I'm ok","Tate McRae",115,12A,53,2026-04-05,02:36,81,"","So Close To What",2025-02-21,75,1,0,37,0,0,-8,C♯/D♭ Minor,4,3OfqwyE7RrZrtuxCRixfII,USRC12402692
1327,"Peaches & Cream","112",204,9A,52,2026-04-05,03:13,65,"r&b","Part III",2001-00-00,68,0,0,77,30,0,-6,E Minor,4,2SLZ2rX5773RS16mcqBxG7,USBB40581358
1328,"All I Hear is Waves","1ST VOWS",74,8B,47,2026-04-05,03:18,7,"retro soul","All I Hear is Waves",2017-11-17,80,17,0,44,0,0,-7,C Major,4,4bneYq5zf75u4HU0hRtt3o,QM24S1704283
1329,"Pretty Little Fears (feat. J. Cole)","6LACK,J. Cole",192,11B,46,2026-04-05,04:00,71,"rap","East Atlanta Love Letter",2018-09-14,61,70,0,25,30,0,-11,A Major,4,4at3d5QWnlibMVN75ECDrp,USUM71812666
1330,"PRBLMS","6LACK",69,11B,58,2026-04-05,04:06,69,"","FREE 6LACK",2016-11-18,42,3,0,14,20,10,-5,A Major,5,4AtZRwSR8BOTTQg5ihSggt,USUYG1102245
1331,"Try Again","Aaliyah",93,11A,66,2026-04-05,04:44,71,"r&b, contemporary r&b","Aaliyah",2001-07-07,79,8,0,68,20,0,-5,F#/G♭ Minor,4,54uLTcjNraWuwjqLrDhG23,USUYG1353209
1332,"Are You That Somebody?","Aaliyah",138,8A,66,2026-04-05,04:25,72,"r&b, contemporary r&b","I Care 4 U",2002-12-10,85,14,2,84,10,0,-7,A Minor,4,4QTO9eLRONw0rzOVWU4uB4,USUYG1352903
1333,"Hot Like Fire (Timbaland's Groove Mix) [feat. Missy Elliott & Timbaland] - Bonus","Aaliyah,Missy Elliott,Timbaland",83,8B,68,2026-04-05,04:35,45,"r&b, contemporary r&b, hip hop, ","One In A Million",1996-08-13,77,20,2,86,10,20,-4,C Major,4,0BgPOcHQkswYenPLchHsaB,USUYG1382688
1334,"Backwards Directions","Abby Sage",115,6B,38,2026-04-05,03:07,56,"","Backwards Directions",2022-09-07,85,41,45,48,0,10,-10,A#/B♭ Major,4,5vbnQr1tWSSREmcIONIUm9,CAN112200678
1335,"Milk","Abby Sage",116,7A,42,2026-04-05,03:13,36,"","The Rot",2024-03-01,70,84,0,60,0,10,-9,D Minor,4,2h2KXOHb1iYjSXvq7hQTEc,CAN112301657
1336,"Done with Love (feat. Herizen)","Absofacto,Herizen",140,4A,49,2026-04-05,03:36,32,"","Cocoon",2024-07-19,63,48,0,51,0,0,-9,F Minor,4,5cAURyZXQH6atM1jcMQZAM,USAT21704524
1337,"The Gambler","Abstract Crimewave,Lykke Li",126,6B,85,2026-04-05,02:47,27,"","The Longest Night",2024-10-04,74,17,2,59,0,10,-6,A#/B♭ Major,4,25pR8jq9sn4OenWXoStRES,SE6UI2400102
1338,"Whataya Want from Me","Adam Lambert",186,10A,68,2026-04-05,03:47,63,"","For Your Entertainment",2009-11-23,44,1,0,45,0,0,-5,B Minor,4,2rDwdvBma1O1eLzo29p2cr,GBCTA0900344
1339,"If I Had You","Adam Lambert",131,9A,91,2026-04-05,03:48,58,"","For Your Entertainment",2009-11-23,65,1,0,79,10,30,-4,E Minor,4,0H1OyEooZ5SzBYYdJEzxoy,GBCTA0900403
1340,"Fame is a Gun","Addison Rae",138,2A,40,2026-04-05,03:03,88,"","Addison",2025-06-06,69,17,0,41,0,10,-7,D#/E♭ Minor,4,7B3BwNecBhKvNwSMOOl7Gk,USSM12501572
1341,"Headphones On","Addison Rae",94,11A,82,2026-04-05,04:00,72,"","Addison",2025-06-06,61,2,2,85,0,10,-7,F#/G♭ Minor,4,3H6xZgwRZx8McVUJzmMxWe,USSM12501184
1342,"Too Close","Alex Clare",126,10A,71,2026-04-05,04:16,63,"","The Lateness Of The Hour",2011-00-00,58,1,0,29,0,10,-4,B Minor,4,4sK96UnGx3NjBaqvfTG2dm,GBUM71101222
1343,"Negative Space","Alex Frankel",104,4A,65,2026-04-05,03:58,0,"nu disco","Negative Space",2016-09-30,76,7,1,71,0,0,-7,F Minor,4,7HnchKYj7p3nZpGxQiywQ4,GBKPL1672002
1344,"Word Of Mouth","Allan Rayman",120,4B,51,2026-04-05,03:01,50,"","Courtney",2017-11-10,82,20,0,36,10,10,-9,G#/A♭ Major,4,0R1dGEU2fIdDENPwpMqAFA,CAUM71700191
1345,"Go My Way","Allan Rayman",115,2A,49,2026-04-05,03:51,35,"","Courtney",2017-11-10,88,45,4,79,0,0,-9,D#/E♭ Minor,4,1d2TlPqSbxpKT3BGUbB1dq,CAUM71700192
1346,"Completely","Allan Rayman",145,9B,47,2026-04-05,03:45,34,"","Verona's Mixtape",2020-06-19,85,32,1,54,10,10,-8,G Major,4,19WYNjDFHh3z5jPUT9hEJ8,TCAEW2052324
1347,"High Dive","Andrew McMahon in the Wilderness",163,5A,80,2026-04-05,03:47,42,"","Andrew McMahon In The Wilderness",2014-10-13,56,0,0,79,0,0,-7,C Minor,4,0yi1iSwJo4IwSpXFOyH2bx,USVG21403673
1348,"Rainy Girl","Andrew McMahon in the Wilderness",85,4B,32,2026-04-05,02:59,29,"","Andrew McMahon In The Wilderness",2014-10-13,41,77,0,44,0,10,-9,G#/A♭ Major,4,42tEPGKhxm0te2QJ8B5lOT,USVG21403679
1349,"Fire Escape","Andrew McMahon in the Wilderness",106,12B,86,2026-04-05,03:24,47,"","Zombies On Broadway",2017-02-10,58,5,0,42,0,20,-4,E Major,4,6uCmU6ldcsVpLAKNCojVg8,USC4R1601466
1350,"Serotonin","Angie McMahon",117,11B,55,2026-04-05,04:19,50,"","Light, Dark, Light Again",2023-10-27,74,88,2,36,0,10,-11,A Major,4,18AEF8fvBL5QfyHUqQkZVT,QM7282369159
1351,"Keep the Car Running","Arcade Fire",96,10B,90,2026-04-05,03:29,55,"indie rock, baroque pop","Neon Bible",2007-00-00,47,36,2,28,0,0,-6,D Major,4,4KjdLo9JWJEKYoAJ8spkat,USMRG0728502
1352,"BABYDOLL","Ari Abdul",85,10A,59,2026-04-05,03:16,77,"dark r&b","BABYDOLL",2022-02-22,49,5,1,51,0,40,-5,B Minor,4,5rPNVwYjVEgkq6YNPki4Zc,QZFZ32285065
1353,"Taste","Ari Abdul",100,6A,59,2026-04-05,03:06,63,"dark r&b","Taste",2022-06-21,53,20,0,36,0,40,-6,G Minor,4,1ghqDkglrXPcxgRobBmLVW,USRC12201876
1354,"Worship","Ari Abdul",81,5A,61,2026-04-05,03:07,66,"dark r&b","Worship",2023-06-30,56,2,1,24,0,50,-5,C Minor,3,6TURPlJoVlJBtTwFZo0RUr,USRC12301665
1355,"Kiss Me, Kill Me","ari hicks",176,4B,41,2026-04-05,03:02,56,"","Kiss Me, Kill Me",2020-10-30,73,8,2,83,0,10,-5,G#/A♭ Major,4,5249xhc4iZTWhS4MvjrSwq,GBKPL2025068
1356,"Reckless","Arin Ray",174,4A,70,2026-04-05,03:53,49,"","Platinum Fire (Deluxe)",2018-12-14,69,26,0,61,10,0,-6,F Minor,4,1BybndP1YgPEIk6WUnL6kT,USUM71819538
1357,"Roses","Arin Ray",126,4B,44,2026-04-05,03:08,18,"","Roses",2019-02-14,43,3,3,24,0,10,-10,G#/A♭ Major,4,3WD49mFWABfQCHCqQCiGXD,USUM71901628
1358,"Knocking At The Door","Arkells",79,9A,70,2026-04-05,03:42,0,"","Knocking At The Door",2017-04-07,44,1,0,35,0,20,-5,E Minor,4,6HeBSHtMusHrZaWWr50SI6,CAUM71700045
1359,"98 Degrees","Arrested Youth",81,2B,80,2026-04-05,02:47,0,"","98 Degrees",2021-04-16,68,9,0,64,0,10,-4,F#/G♭ Major,4,4Df5LQCm51Md155Wwcf8uU,GBKPL2147843
1360,"A Painting in Paris","Arrested Youth",75,11A,70,2026-04-05,03:33,0,"","Fear",2018-09-27,70,8,0,61,0,0,-8,F#/G♭ Minor,4,1WmriH1iRnPsou3Sntky4A,GBKPL1801969
1361,"Stockholm","Atlas Genius",125,9B,75,2026-04-05,03:11,35,"","Stockholm",2015-07-17,57,1,0,41,0,10,-5,G Major,4,3EB5N4DHgM7Ktk8yy1EgYY,USWB11506890
1362,"Take Me Out","Atomic Tom",143,10A,83,2026-04-05,04:10,27,"","The Moment",2010-01-01,42,0,0,32,0,10,-4,B Minor,4,3OyRhQL3wzMU4k5mhtRuDc,USUM71008751
1363,"Dangerous Hands","Austin Giorgio",95,12A,67,2026-04-05,03:10,60,"","Dangerous Hands",2023-06-02,69,34,0,77,0,0,-6,C♯/D♭ Minor,4,1uEeERCbA5K3IYwuba33qi,QZK6Q2329322
1364,"Lips of a Witch","Austin Giorgio",105,4B,74,2026-04-05,02:40,43,"","Lips of a Witch",2021-10-01,67,4,0,52,10,30,-6,G#/A♭ Major,4,7hkkvTojsiRBMiXWlniwYC,QZ9D92000209
1365,"You Put a Spell on Me","Austin Giorgio",180,10A,45,2026-04-05,02:37,67,"","You Put a Spell on Me",2023-02-10,52,33,0,44,0,10,-7,B Minor,3,0j22qHa0UFrzpAZnQ40XO9,QZFZ32341674
1366,"Fast Lane","Bad Meets Evil",119,3B,87,2026-04-05,04:09,72,"","Hell: The Sequel (Deluxe)",2011-01-01,62,4,0,34,20,20,-4,C♯/D♭ Major,5,2c5Isyd07hWsl7AQia2Dig,USUM71105406
1367,"Lighters","Bad Meets Evil,Bruno Mars",90,8B,70,2026-04-05,05:03,72,"","Hell: The Sequel (Deluxe)",2011-01-01,68,35,0,14,20,10,-8,C Major,4,5zpDHEU12zATwLGvozxPw2,USUM71108179
1368,"Am I Talking To You?","Baker Grace",186,12A,28,2026-04-05,03:14,10,"","Am I Talking To You?",2017-08-25,75,37,0,57,30,0,-6,C♯/D♭ Minor,4,1DvIlp15PM55hCSBATR35O,USUM71708988
1369,"Atlantic City","The Band",98,11B,53,2026-04-05,05:14,63,"folk rock, roots rock, southern rock, americana","Jericho",1993-11-02,65,47,0,72,0,10,-9,A Major,4,4JwjzS9WFkWlpzGCwh82fn,USPY10610132
1370,"Back Here","BBMAK",105,9B,95,2026-04-05,03:38,54,"","Sooner Or Later",2000-01-01,62,7,0,91,0,0,-3,G Major,4,6znv7i4Wif5fLwI6OjKHZ4,USHR19926004
1371,"I'm Gonna Show You Crazy","Bebe Rexha",90,10B,54,2026-04-05,03:27,46,"","I Don't Wanna Grow Up",2015-05-12,47,8,0,34,0,30,-7,D Major,4,3EVooCKm9XbvXsfgjhGDAB,USWB11403646
1372,"Not 20 Anymore","Bebe Rexha",90,10A,55,2026-04-05,03:03,43,"","Not 20 Anymore",2019-08-30,66,43,0,40,0,20,-5,B Minor,3,7vWbERTWGCiu6fil02e9kj,USWB11902000
1373,"I Love You Always Forever","Betty Who",106,8B,61,2026-04-05,03:42,54,"","I Love You Always Forever",2016-06-03,53,33,0,49,0,20,-8,C Major,4,1p6rk9R8SCum97WnvGNt6O,USRC11601058
1374,"Bounce Back","Big Sean",82,12A,57,2026-04-05,03:42,66,"","I Decided.",2017-02-03,79,11,0,27,10,10,-6,C♯/D♭ Minor,4,0SGkqnVQo9KPytSri1H6cF,USUM71614503
1375,"Ol' Red","Blake Shelton",75,6B,56,2026-04-05,03:41,68,"country","Blake Shelton",2001-07-31,66,15,0,49,0,10,-8,A#/B♭ Major,4,5wane5dFpp8xgriui6y0c7,USGI10000132
1376,"Sangria","Blake Shelton",116,11B,72,2026-04-05,03:53,69,"country","BRINGING BACK THE SUNSHINE",2014-09-30,65,2,0,54,0,10,-7,A Major,4,0p1HtkrNYxv0iDfEKwXSTp,USWB11402379
1377,"Good Ideas","The Blue Stones",168,9B,81,2026-04-05,02:52,0,"blues rock","Pretty Monster",2022-11-04,64,2,11,53,0,10,-6,G Major,4,5efaUiI0kT5VRVdpS9Vct1,CAK472203404
1378,"The Real Thing","Bo Bice",147,10B,87,2026-04-05,03:21,31,"","The Real Thing",2005-10-25,49,7,0,50,0,0,-4,D Major,4,3T3Epzn2xHawkZ7uzxR13p,GBCTA0500229
1379,"Girlfriend","Bow Wow,Omarion",75,9B,80,2026-04-05,04:44,47,"r&b","Face Off",2007-12-11,73,11,0,85,20,20,-5,G Major,4,4yDKPeWA3rJiCNbPALWJjN,USSM10705221
1380,"Basketball (feat. Jermaine Dupri, Fabolous & Fundisha)","Bow Wow,Jermaine Dupri,Fabolous,Fundisha",108,6A,78,2026-04-05,03:18,52,"r&b, southern hip hop, ","Music From The Motion Picture Like Mike",2002-06-04,88,6,0,74,10,20,-5,G Minor,4,2SrXt0JJEX9PfVSZuJ6dqg,USSM10208933
1381,"Full Moon","Brandy",106,3A,66,2026-04-05,04:08,47,"r&b","Full Moon",2002-03-05,69,36,0,63,10,0,-5,A#/B♭ Minor,4,0pLmfgIANOX9FB9uZDU43x,USAT20200043
1382,"Train","Brick + Mortar",150,9B,73,2026-04-05,03:05,52,"","Dropped",2015-07-17,60,4,15,56,0,10,-6,G Major,4,5fAeD0Y8eG2EWN2e5ZRpxa,USZZ41500301
1383,"Temporary Love","The Brinks",103,11A,56,2026-04-05,03:25,40,"","Temporary Love",2015-12-04,71,66,0,33,0,10,-8,F#/G♭ Minor,4,2U6hcDLZHYRSd9Up0mMe9W,USQX91503131
1384,"Ain't Nothing 'Bout You","Brooks & Dunn",201,8B,86,2026-04-05,03:21,73,"country, classic country, acoustic country, honky tonk","Steers & Stripes",2001-04-17,38,22,0,72,0,30,-5,C Major,4,5dPSCeB8Ly3RxNLme5bomi,USAN20000251
1385,"CALYPSO","Bryson Tiller",98,3B,73,2026-04-05,03:08,55,"trap soul, r&b","CALYPSO",2024-03-19,75,3,0,32,10,10,-4,C♯/D♭ Major,4,3o2g4rjFVgHsRFSa2qcpgr,USRC12400568
1386,"Wherever You Will Go","The Calling",112,10B,72,2026-04-05,03:28,82,"pop rock","Camino Palmero",2001-00-00,56,4,0,37,0,10,-5,D Major,4,5QpaGzWp0hwB5faV8dkbAz,USRC10001047
1387,"Cola","CamelPhat,Elderbrook",122,2B,74,2026-04-05,03:43,12,"melodic techno, house, progressive house, melodic house, tech house, ","Cola",2017-06-16,71,2,51,44,0,10,-8,F#/G♭ Major,3,1HrMWH5GUdK6Yi94rbANJA,GBCPZ1711555
1388,"She Loves Control","Camila Cabello",95,10B,76,2026-04-05,02:57,56,"","Camila",2018-01-12,65,17,0,66,10,0,-4,D Major,4,5HwnezK198pJCEj1l2Adjy,USSM11706920
1389,"Havana (feat. Young Thug)","Camila Cabello,Young Thug",105,10B,52,2026-04-05,03:37,83,"rap, melodic rap, trap","Camila",2018-01-12,77,18,0,39,0,10,-4,D Major,4,1rfofaqEpACxVEHIZBJe6W,USSM11706905
1390,"Shameless","Camila Cabello",130,9A,65,2026-04-05,03:39,83,"","Romance",2019-12-06,38,2,0,9,0,10,-5,E Minor,4,2ogKhhoMClkFXek7ZgxAhN,USSM11905431
1391,"All I Need","Cape Cub",135,8B,88,2026-04-05,03:44,0,"tropical house","All I Need",2016-08-22,53,1,0,46,0,30,-6,C Major,4,6VIU2Lj8k114mUsxtYzZHO,GBKPL1669954
1392,"Me & U","Cassie",100,1A,45,2026-04-05,03:12,83,"","Cassie (U.S. Version)",2006-08-07,80,35,0,74,0,0,-5,G#/A♭ Minor,4,7k6IzwMGpxnRghE7YosnXT,USBB40610361
1393,"Long Way 2 Go","Cassie",105,4B,66,2026-04-05,03:40,83,"","Cassie (U.S. Version)",2006-08-07,59,6,0,68,0,30,-8,G#/A♭ Major,4,4v5kAh2wWyCSuKuhMJK8u6,USBB40610297
1394,"Bloodstream","The Chainsmokers",91,11B,63,2026-04-05,03:44,53,"","Memories...Do Not Open",2017-04-07,62,3,0,16,0,10,-6,A Major,4,26AuyrZGzWWiYZPSd3XBIg,USQX91700581
1395,"Paris","The Chainsmokers",100,10B,66,2026-04-05,03:41,81,"","Memories...Do Not Open",2017-04-07,65,2,0,22,0,0,-6,D Major,4,72jbDTw1piOOj770jWNeaG,USQX91603031
1396,"When You Say My Name","Chandler Leighton",93,3B,54,2026-04-05,02:28,63,"melodic bass","When You Say My Name",2022-03-10,79,4,0,58,0,10,-8,C♯/D♭ Major,4,3a8b6uo4vnQSJroGhaNhgG,QM24S2200862
1397,"Witch Hunt","Chandler Leighton,DEZI",103,9A,58,2026-04-05,02:39,50,"melodic bass, ","Witch Hunt",2022-10-28,76,9,0,25,0,0,-5,E Minor,4,4TFXmB2WOm1G5CnVcejVQb,QM24S2205552
1398,"Charlie Be Quiet!","Charlie Puth",95,4B,66,2026-04-05,02:08,50,"soft pop","CHARLIE",2022-10-07,75,21,0,47,0,0,-4,G#/A♭ Major,4,3E9es0SK2EusrHA7IaO7Zu,USAT22208882
1399,"We Don't Talk Anymore (feat. Selena Gomez)","Charlie Puth,Selena Gomez",100,12A,56,2026-04-05,03:37,85,"soft pop, ","Nine Track Mind (Special Edition)",2015-11-05,73,62,0,35,10,10,-8,C♯/D♭ Minor,4,54PbBpquVfhfrwRwvjSXbI,USAT21502909
1400,"Attention","Charlie Puth",100,2A,61,2026-04-05,03:28,88,"soft pop","Voicenotes",2018-05-11,78,11,0,80,0,10,-5,D#/E♭ Minor,4,5cF0dROlMOK5uNZtivgu50,USAT21700928
1401,"Laugh It Off","Chelsea Jade",94,8B,52,2026-04-05,04:13,20,"","Laugh It Off",2018-06-08,76,2,0,41,0,10,-8,C Major,4,2ZBwNo9Adshmp8gffSubLS,CA5KR1814917
1402,"Bad Ideas - Single Edit","Childe",84,8B,71,2026-04-05,03:10,12,"","Bad Ideas",2020-04-22,57,66,0,50,0,30,-6,C Major,4,6NdS9fOY6Xg1dPzoYTYgWj,GBPVV2003086
1403,"Right Thurr","Chingy",92,10B,75,2026-04-05,04:10,73,"crunk","Jackpot",2003-01-01,87,15,0,89,20,0,-4,D Major,4,0l3GEbH3CviUytD6iX4wzg,USCA20300283
1404,"One Call Away","Chingy,Jason Weaver",163,9A,82,2026-04-05,04:36,66,"crunk, ","Jackpot",2003-01-01,77,9,0,96,10,20,-6,E Minor,4,0UNTBB02C1aB55Fu4H63qd,USCA20300286
1405,"Parachute","Chris Stapleton",113,2B,76,2026-04-05,04:13,79,"country, outlaw country","Traveller",2015-05-04,64,1,0,61,0,10,-7,F#/G♭ Major,4,5jROdl6MhcmP3O7h2sVgtw,USUM71418084
1406,"Slow Dive","CLAVVS",140,3A,61,2026-04-05,03:51,40,"","No Saviors (Extended)",2020-02-25,71,20,0,60,0,10,-6,A#/B♭ Minor,4,5yyEGZbHFcFAXo9V8J79Od,QMEZE1856889
1407,"Hollow Life","Coast Modern",119,4B,74,2026-04-05,03:57,42,"","Coast Modern",2017-07-28,63,0,0,25,0,0,-4,G#/A♭ Major,4,3GzS0iKqyGMHwR1TimM2KN,USLGZ1500097
1408,"The Way It Was","Coast Modern",80,12B,74,2026-04-05,03:49,40,"","Coast Modern",2017-07-28,67,8,0,58,0,0,-6,E Major,4,253zjJUvzTDo19vnxGqYfG,QMCE31600674
1409,"Fold Your Hands Child","Cobra Starship",120,4B,82,2026-04-05,03:12,28,"","Hot Mess",2009-08-07,51,2,0,28,0,30,-5,G#/A♭ Major,4,08HrGNY94WxZ8pnvGksVP8,USAT20902276
1410,"You're Not in on the Joke","Cobra Starship",130,5A,77,2026-04-05,03:30,37,"","Hot Mess",2009-08-07,62,1,0,85,0,0,-4,C Minor,4,3eNSlXKgFkmekLIvyYTRKy,USAT20902272
1411,"Werewolf","CocoRosie",67,5A,50,2026-04-05,04:50,39,"","The Adventures of Ghosthorse & Stillborn",2007-04-10,51,32,0,8,0,40,-8,C Minor,4,1RgFmvtcKaMHHRtx1qrtM5,USTG30730607
1412,"Growing Pains","COIN",103,12A,95,2026-04-05,03:31,43,"","Growing Pains",2018-02-08,63,5,0,68,0,10,-5,C♯/D♭ Minor,4,6B3VHoemogRyAp6VokPNKF,USSM11800621
1413,"Killing Me","COIN",122,3B,73,2026-04-05,02:45,51,"","Uncanny Valley",2022-03-25,67,1,0,32,0,10,-7,C♯/D♭ Major,4,4gvBtmPJqTLW1s3RjI9K7Q,QZJ842001483
1414,"Can We Hang On ?","Cold War Kids",75,10B,76,2026-04-05,03:43,0,"","Can We Hang On ?",2017-03-03,53,4,0,45,0,30,-4,D Major,4,5fP4gyPutyvVQ6Vx2vjyAZ,USUG11700006
1415,"All This Could Be Yours","Cold War Kids",118,9A,89,2026-04-05,03:08,47,"","Hold My Home (Deluxe Edition)",2014-10-31,63,0,0,51,0,30,-2,E Minor,4,1bbcAQuGuAxKS1HM96B8uh,USCJ81401257
1416,"So Tied Up","Cold War Kids,Bishop Briggs",105,5A,90,2026-04-05,03:09,0,"","So Tied Up",2017-03-16,59,3,0,84,0,10,-4,C Minor,4,5aJiAeG0x2dxYeE7ac2xhl,USUG11700007
1417,"Clover","Cold Weather Company",138,4B,71,2026-04-05,04:14,8,"ambient folk","Clover",2017-09-01,56,46,1,33,0,10,-6,G#/A♭ Major,4,46atQKZ3Yc1Lfe6bzZmh3U,ushm81728038
1418,"Gettysburg","Cold Weather Company",76,6A,58,2026-04-05,05:47,26,"ambient folk","A Folded Letter",2016-12-14,41,71,4,27,0,0,-8,G Minor,4,6Owvp1BLqxM5g6tfsCMSfg,QM9A91624322
1419,"From Rest","Cold Weather Company",98,5A,58,2026-04-05,04:30,1,"ambient folk","From Rest",2016-10-18,53,89,45,24,0,20,-5,C Minor,4,7KM0de2R3Zvv1kABc18Txc,ushm81657256
1420,"Manic","Coleman Hell",100,1A,77,2026-04-05,03:26,2,"","Manic",2018-01-31,66,7,0,69,20,10,-7,G#/A♭ Minor,4,6CbMabu8jZmKGIYP8EZlS9,CAB391802016
1421,"2 Heads","Coleman Hell",120,8B,75,2026-04-05,03:33,51,"","Summerland",2016-10-14,75,12,0,40,0,10,-5,C Major,4,32FX4D4eT8LFP07QvlhSn8,USSM11502935
1422,"Enough","Colyer",75,4A,65,2026-04-05,03:18,13,"","Enough",2017-10-06,34,1,0,62,0,10,-6,F Minor,4,4ywuv8qZiWDx0B00tCVyIE,QM24S1703622
1423,"Cowboy Killer","COMMAND",94,6A,62,2026-04-05,03:41,0,"","Cowboy Killer",2017-10-04,49,37,3,38,0,30,-8,G Minor,4,1VkXyQxtEZn3fdN3Wat3OE,USYBL1701238
1424,"Facing My Fear","Cortes",168,11A,81,2026-04-05,03:21,0,"","Facing My Fear",2016-10-29,41,0,0,64,0,20,-3,F#/G♭ Minor,4,45AbDqJVqVU7nOxtW4SUTG,SE3OH1627914
1425,"Fever","The Cramps",112,10B,33,2026-04-05,04:19,43,"psychobilly, horror punk, rockabilly, deathrock, gothic rock","Off The Bone",1983-00-00,67,70,49,44,0,10,-11,D Major,4,7w8MExakpbdxhVLos6ccRu,USCA28000198
1426,"Hot Streak","Creature Canyon",160,4A,83,2026-04-05,03:14,0,"","Did You Want That",2018-10-19,63,8,0,72,0,0,-4,F Minor,4,0pedRj9MtlLH4AN5eWFOkB,GBKPL1808380
1427,"Our House","Crosby, Stills, Nash & Young",140,11B,21,2026-04-05,02:59,72,"folk rock, classic rock","Deja Vu",1970-03-11,59,90,0,38,0,10,-15,A Major,4,2hitsKa8SthKhRJBXUHbIv,USAT20901935
1428,"Untrust Us","Crystal Castles",126,10A,81,2026-04-05,03:06,72,"witch house, electroclash, new rave, alternative dance","Crystal Castles",2008-03-18,61,4,20,20,0,10,-5,B Minor,4,3d8zIv577en5PxwwAzadN2,CAL450896202
1429,"I Love London","Crystal Fighters",157,9B,87,2026-04-05,02:47,14,"","Star Of Love",2010-00-00,69,0,71,66,10,20,-5,G Major,4,7ACwijJ0QFwwGetBT4b4lZ,GBE7C1000014
1430,"Woke Up","Dae Dae,London On Da Track",161,5A,71,2026-04-05,03:11,38,"","The DefAnition",2016-11-04,82,7,0,61,20,0,-5,C Minor,4,4Cb4Ehfj2S8UhC5JKqmJ6m,QMCE31600776
1431,"Are You Scared Of Me Yet?","Daisy Grenade",120,3A,80,2026-04-05,02:51,47,"","Cult Classic",2023-06-23,68,2,0,68,0,0,-5,A#/B♭ Minor,4,7lY5Hcjkadkmnr4sLnSe12,USAT22305826
1432,"James Dean (I Wanna Know)","Daniel Bedingfield",130,9B,84,2026-04-05,03:39,25,"uk garage","Gotta Get Thru This",2002-01-01,83,0,0,93,0,0,-4,G Major,4,2CtrS14eR079SeOjmaPusC,GBAKW0201094
1433,"Gotta Get Thru This - D'N'D Radio Edit","Daniel Bedingfield,D'N'D Productions",134,6A,77,2026-04-05,02:41,55,"uk garage, ","Gotta Get Thru This",2002-01-01,84,9,0,91,0,10,-5,G Minor,4,747tpec1a0Hfqvj2za1pBs,GBEBM0100046
1434,"Inflate My Ego","Daniel Bedingfield",136,2B,91,2026-04-05,04:58,12,"uk garage","Gotta Get Thru This",2002-01-01,66,0,0,67,0,60,-4,F#/G♭ Major,4,7uVdXMXEXVEhJ4A1mHVw8a,GBAKW0201304
1435,"Bad Day","Daniel Powter",140,5B,79,2026-04-05,03:53,77,"","Daniel Powter",2005-02-22,60,45,0,52,0,10,-4,D#/E♭ Major,4,0mUyMawtxj1CJ76kn9gIZK,USWB10401971
1436,"Damaged","Danity Kane",120,1A,65,2026-04-05,04:04,61,"","Welcome to the Dollhouse",2008-03-17,77,9,0,82,0,10,-5,G#/A♭ Minor,4,4yHFxB8kzzeuNvoouR8N0N,USAT20800937
1437,"Wild Horse","Darci",92,11A,53,2026-04-05,02:36,63,"dark r&b","Long Days Away EP",2021-10-08,63,0,0,28,10,0,-8,F#/G♭ Minor,4,2wgBBqtX5x2UfcJItChy3H,QM24S2105899
1438,"Private Eyes","Daryl Hall & John Oates",121,8A,94,2026-04-05,03:37,74,"yacht rock, soft rock","Private Eyes (Expanded Edition)",1981-00-00,85,41,0,84,0,0,-7,A Minor,4,5HQ639Z3ms3hnZx0KfWnkp,USRC10301825
1439,"Confident","Demi Lovato",130,5B,75,2026-04-05,03:25,75,"","Confident",2015-01-01,59,0,0,34,0,0,-6,D#/E♭ Major,4,3DXXKDbbZKyAZfNb96ST3q,USHR11536743
1440,"Cool for the Summer","Demi Lovato",114,4A,61,2026-04-05,03:34,85,"","Confident",2015-01-01,58,0,0,34,0,10,-6,F Minor,4,3uwnnTQcHM1rDqSfA4gQNz,USHR11536621
1441,"Ruin The Friendship","Demi Lovato",78,1A,46,2026-04-05,03:53,0,"","Tell Me You Love Me",2017-09-29,77,14,0,54,30,10,-7,G#/A♭ Minor,4,4iyH6JZBZjk3htdJdZ6r51,USUM71709126
1442,"Alright","Demons Of Ruby Mae",180,8A,87,2026-04-05,02:46,4,"","Alright",2021-03-12,50,0,0,48,0,0,-5,A Minor,4,18jFJ06fHCUdejRzuI89Tp,UKX3E2100001
1443,"Nevermind","Dennis Lloyd",100,4A,69,2026-04-05,02:36,80,"","Nevermind",2017-06-30,60,16,0,8,20,40,-8,F Minor,4,63SevszngYpZOwf63o61K4,USHM91642610
1444,"Insurgents by the Poolside","Denny",112,9B,77,2026-04-05,03:28,0,"","Insurgents by the Poolside",2019-07-19,72,2,0,47,0,10,-6,G Major,4,4LI9Rn12PRT4zcERUypfPf,QZFZ21902852
1445,"Panda","Desiigner",145,3A,77,2026-04-05,04:06,71,"","New English",2016-06-26,58,3,0,24,40,30,-5,A#/B♭ Minor,4,5YEOzOojehCqxGQCcQiyR4,USUM71601094
1446,"Lose My Breath","Destiny's Child",119,3B,90,2026-04-05,04:02,65,"","Destiny Fulfilled",2004-11-16,81,1,22,55,0,10,-6,C♯/D♭ Major,4,4dvQg9sD8k9y4qiEURuj8v,USSM10412855
1447,"Survivor","Destiny's Child",161,12A,91,2026-04-05,04:14,71,"","Survivor",2001-05-01,51,6,0,62,40,70,-2,C♯/D♭ Minor,4,2Mpj1Ul5OFPyyP4wB62Rvi,USSM10019326
1448,"Between The Words (with Matt Maeson)","Devault,Matt Maeson",172,1A,69,2026-04-05,03:19,37,"stutter house, ","Stay",2018-11-02,63,39,1,24,0,10,-6,G#/A♭ Minor,4,1FDsndZHpeX6Nvv5tzv8rd,USUM71815486
1449,"Beautiful Mess","Diamond Rio",177,3B,66,2026-04-05,03:48,57,"classic country, country","Completely",2002-08-19,48,53,0,48,0,0,-7,C♯/D♭ Major,4,19QT1L9qUNKHYNbYqawaX8,USAN20100228
1450,"She Hates Me","Dierks Bentley",204,9B,85,2026-04-05,02:50,48,"country","Broken Branches",2025-06-13,43,17,0,80,0,20,-4,G Major,4,7KRgvWk0O6gyT00LFHkt1P,USUG12500660
1451,"What Was I Thinkin'","Dierks Bentley",165,4A,83,2026-04-05,04:20,73,"country","Dierks Bentley",2003-01-01,55,15,0,93,0,10,-6,F Minor,4,0r8iDf65NHgFgZOGLwj5r8,USCN10200472
1452,"Babydoll","Dominic Fike",168,6A,60,2026-04-05,01:37,79,"","Don't Forget About Me, Demos",2018-10-16,76,11,0,85,10,0,-5,G Minor,4,1SocftHhtuqF7k83eUhHiz,USQX91802457
1453,"King of Everything","Dominic Fike",167,7B,47,2026-04-05,03:14,50,"","Don't Forget About Me, Demos",2018-10-16,64,78,6,57,0,10,-8,F Major,4,5IWW129DwGyMVQAbaJz3rS,USQX91802460
1454,"MacArthur Park - Single Version","Donna Summer",131,9A,67,2026-04-05,03:55,0,"disco, hi-nrg","On The Radio: Greatest Hits Volumes I & II",1979-10-15,57,8,0,47,0,0,-12,E Minor,4,3yIF4ZfaHPnPxG8tDPoNls,USPR39402395
1455,"Hello, I Love You","The Doors",118,10A,55,2026-04-05,02:13,62,"psychedelic rock, classic rock, acid rock","Waiting for the Sun",1968-07-03,60,3,0,96,0,0,-14,B Minor,4,3bWGaqVeYKMlLss40mPgNn,USEE19900744
1456,"Breakfast","Dove Cameron",82,7A,55,2026-04-05,02:28,63,"","Alchemical: Volume 1",2023-12-01,64,6,0,49,0,0,-6,D Minor,4,3v3cZP2dmnTtTL0CdZ2HOC,USQX92202196
1457,"I Just Wanna Run","The Downtown Fiction",128,12B,67,2026-04-05,03:19,59,"pop punk","Let's Be Animals",2011-04-22,67,1,0,69,0,10,-3,E Major,4,3WLLJzllBEgPiSA0qd3BN3,USAT21000239
1458,"Hold On, We're Going Home","Drake,Majid Jordan",100,11A,41,2026-04-05,03:47,71,"rap, ","Nothing Was The Same",2013-01-01,78,0,0,29,0,0,-7,F#/G♭ Minor,4,2aSC2xhRxOLiiZZVjhbylH,USCM51300762
1459,"Practice","Drake",105,3B,24,2026-04-05,03:57,80,"rap","Take Care (Deluxe)",2011-11-15,45,57,0,31,0,10,-15,C♯/D♭ Major,4,0jF2AdhsalO1L7KkhK4LE5,USCM51100572
1460,"The Motto","Drake,Lil Wayne",202,3B,44,2026-04-05,03:01,77,"rap, hip hop","Take Care (Deluxe)",2011-11-15,77,0,0,39,30,10,-9,C♯/D♭ Major,4,4Kz4RdRCceaA9VgTqBhBfa,USCM51100731
1461,"Snap Backs & Tattoos","Driicky Graham",140,3A,69,2026-04-05,03:29,0,"","Snap Backs & Tattoos",2012-03-20,86,12,0,54,30,10,-4,A#/B♭ Minor,4,4I1tuOmbZUp6imx453rMui,USKO11200828
1462,"Vibrate","Drug Store Romeos",135,1B,42,2026-04-05,02:34,55,"lo-fi indie","The world within our bedrooms",2021-07-09,41,38,58,33,0,20,-11,B Major,4,5amx35Lnc2tzpCAhNjSg5c,GBUM72101194
1463,"Don't Start Now","Dua Lipa",124,10A,79,2026-04-05,03:03,75,"pop","Don't Start Now",2019-10-31,79,1,0,68,0,10,-5,B Minor,4,6WrI0LAC5M1Rw2MnX2ZvEg,GBAHT1901121
1464,"New Rules","Dua Lipa",116,8A,70,2026-04-05,03:29,79,"pop","Dua Lipa (Deluxe)",2017-06-02,76,0,0,61,0,10,-6,A Minor,4,2ekn2ttSfGqwhhate0LSR0,GBAHT1600310
1465,"Up All Night","Dyson",108,9B,76,2026-04-05,03:22,0,"","Up All Night",2016-05-20,66,3,0,47,0,10,-6,G Major,4,6D3DdCQq2jhtRk4GjcTmSr,NOCVS1682010
1466,"Shivers","Ed Sheeran",141,10B,86,2026-04-05,03:27,85,"soft pop","=",2021-10-25,79,28,0,82,0,0,-3,D Major,4,50nfwKoDiSYg8zOCREWAm5,GBAHS2100671
1467,"Shape of You","Ed Sheeran",96,12A,65,2026-04-05,03:53,6,"soft pop","Shape of You",2017-01-06,83,58,0,93,0,0,-3,C♯/D♭ Minor,4,0FE9t6xYkqWXU2ahLh6D8X,GBAHS1600463
1468,"Don't","Ed Sheeran",95,3B,61,2026-04-05,03:39,73,"soft pop","x (Deluxe Edition)",2014-06-21,81,1,0,85,0,60,-7,C♯/D♭ Major,4,1huvTbEYtgltjQRXzrNKGi,GBAHS1400090
1469,"Home","Edward Sharpe & The Magnetic Zeros",112,10B,59,2026-04-05,05:03,2,"","Up from Below",2009-07-14,54,29,0,14,0,10,-7,D Major,4,7w5cxTEzp1rfV3KCy0Bd5N,USVR90954206
1470,"Don't Bring Me Down","Electric Light Orchestra",116,10B,87,2026-04-05,04:03,78,"art rock, soft rock","Discovery",1979-05-31,64,14,0,81,0,0,-6,D Major,4,72ahyckBJfTigJCFCviVN7,USSM10015734
1471,"Mr. Blue Sky","Electric Light Orchestra",178,6B,34,2026-04-05,05:03,83,"art rock, soft rock","Out of the Blue",1977-00-00,39,65,0,48,0,20,-10,A#/B♭ Major,4,2RlgNHKcydI9sayD2Df2xp,USSM17200399
1472,"weren't for the wind","Ella Langley",152,11A,80,2026-04-05,03:13,88,"country","still hungover",2024-11-01,47,16,0,45,0,10,-5,F#/G♭ Minor,4,2A22iI0x4EYAVXNpKPhNEM,USSM12403681
1473,"PIECES","Elley Duhé",147,2A,71,2026-04-05,02:46,22,"","PHOENIX",2023-10-27,49,8,0,51,0,10,-7,D#/E♭ Minor,4,46NGoslA7x1JeJvD8kEUTq,QZLBC2200325
1474,"Not Enough","Elvis Drew,Avivian",134,9B,46,2026-04-05,02:40,59,"dark r&b","Lapsus",2019-08-29,75,49,0,23,0,0,-9,G Major,4,0l3vdL2Hjm6nSkYWDDzcxn,GBSMU6706428
1475,"Where Are You?","Elvis Drew,Avivian",139,4B,50,2026-04-05,02:34,60,"dark r&b","Where Are You?",2020-05-22,67,30,1,45,0,10,-10,G#/A♭ Major,4,0kVbqPkUBwEMcUmXw4ZuMX,QZES72006868
1476,"Jungle","Emma Louise",126,6A,64,2026-04-05,03:22,0,"","Vs Head Vs Heart",2013-03-22,70,46,18,70,0,10,-9,G Minor,4,5sAYqcQTEQbTbxdcqI4b8v,AUM221100014
1477,"Crush","Ethel Cain",95,12B,36,2026-04-05,03:24,73,"southern gothic","Inbred",2021-04-23,53,3,0,22,0,10,-11,E Major,4,0nsIevK1SeDfZzDOi6Si75,GBKPL2143428
1478,"Who's That Girl?","Eve",96,2B,86,2026-04-05,04:41,67,"","Scorpion",2001-03-06,77,2,0,55,10,0,-4,F#/G♭ Major,4,3uVE5vLKkigiWBOQEgmdDk,USIR10110029
1479,"Let Me Blow Ya Mind","Eve,Gwen Stefani",90,1A,56,2026-04-05,03:50,74,"","Scorpion",2001-03-06,91,24,0,90,10,0,-4,G#/A♭ Minor,4,3RmKpob8xzv1pzHEQrMJah,USIR10110155
1480,"Wonderful","Everclear",187,9B,82,2026-04-05,04:40,60,"post-grunge, alternative rock","Songs From An American Movie: Learning How To Smile",2000-01-01,51,1,0,73,0,30,-6,G Major,4,0WHOPmOuQKuu05k4g3UTvk,USCA20000669
1481,"Fly","FAID",86,10B,66,2026-04-05,03:20,2,"","FAID EP",2018-02-23,32,1,0,27,0,20,-6,D Major,5,64RYIICCuMpvAyCag1YAyu,FRX201735464
1482,"How Come You Never Go There","Feist",123,8A,41,2026-04-05,03:24,40,"","Metals",2011-01-01,78,61,0,22,0,40,-8,A Minor,3,1f4YlPYTV3H3Namp0NvVMp,FRUM71101352
1483,"I Feel It All","Feist",172,10B,69,2026-04-05,03:39,53,"","The Reminder",2007-01-01,56,44,0,68,0,10,-6,D Major,4,3ghgwo0BTPm329zGMQRfn7,FRUM70600208
1484,"Fergalicious","Fergie,will.i.am",129,1A,58,2026-04-05,04:52,72,"","The Dutchess",2006-09-13,91,6,0,83,30,10,-8,G#/A♭ Minor,4,1D066zixBwqFYqBhKgdPzp,USUM70609117
1485,"Clumsy","Fergie",184,10B,56,2026-04-05,04:00,69,"","The Dutchess",2006-09-13,73,19,0,45,10,30,-4,D Major,4,50xeLNGKmskmYUSINhqvfa,USUM70609116
1486,"London Bridge","Fergie",91,3B,61,2026-04-05,04:01,69,"","The Dutchess",2006-09-13,77,21,0,63,30,10,-6,C♯/D♭ Major,4,7jRoWfRlLnGYEIEn4t4kbq,USUM70609276
1487,"Work from Home (feat. Ty Dolla $ign)","Fifth Harmony,Ty Dolla $ign",105,4B,59,2026-04-05,03:34,81,"trap soul","7/27 (Deluxe)",2016-05-27,80,10,0,59,0,0,-6,G#/A♭ Major,4,4tCtwWceOPWzenK2HAIJSb,USSM11600251
1488,"Electric Bones","Findlay",95,3B,88,2026-04-05,03:12,0,"","Electric Bones",2017-02-03,59,0,0,67,0,90,-4,C♯/D♭ Major,4,0d909fyTumkG4JgC7kxTCm,GBKPL1512008
1489,"Two Weeks","FKA twigs",110,8B,72,2026-04-05,04:07,52,"art pop, alternative r&b","LP1",2014-08-12,48,6,0,34,20,0,-7,C Major,4,7E66uxFz2NtHWAyiGXotha,GBBKS1400227
1490,"Hypoxia","flipturn",138,11B,73,2026-04-05,05:23,41,"","Heavy Colors",2017-03-31,56,1,1,31,0,10,-7,A Major,4,50zMB2FDNBlVPQsIHiAeM1,TCACZ1763645
1491,"ocean","flor",88,4A,52,2026-04-05,03:48,29,"","come out. you're hiding (deluxe)",2018-02-02,65,2,0,39,0,10,-7,F Minor,4,5pQMeUIDHp7ioCgDK9PyAt,USAT21705452
1492,"This Song Is Not About A Girl","Flume,Chet Faker",140,7A,67,2026-04-05,04:14,55,"future bass, ","Lockjaw",2013-11-22,76,14,21,61,10,10,-7,D Minor,4,0Z7GNrvgEj3iiIxxPtRwIe,AUFF01300490
1493,"Some Minds (feat. Andrew Wyatt)","Flume,Andrew Wyatt",80,9A,56,2026-04-05,04:23,0,"future bass, ","Some Minds (feat. Andrew Wyatt)",2015-05-29,26,32,0,19,0,10,-7,E Minor,4,6kgc2yup9oyZJg7CzEw4ao,AUFF01500695
1494,"Like Lightning","Foals",100,8B,78,2026-04-05,03:34,0,"indie","Part 2 Everything Not Saved Will Be Lost",2019-10-18,55,4,0,55,0,30,-4,C Major,4,7bDztTav6TQByZmDJmUT5Y,GBAHT1900655
1495,"Mountain at My Gates","Foals",104,7A,93,2026-04-05,04:04,2,"indie","What Went Down",2015-08-28,50,0,8,62,0,20,-5,D Minor,4,53L6A3I9vf7rgEZnMzx54E,GBAHT1500380
1496,"I","Foreign Fields",157,5A,61,2026-04-05,04:00,22,"ambient folk","Take Cover",2016-10-28,68,56,8,63,0,0,-9,C Minor,4,31cq1rx90B5gTISNs1qPPi,QZ2P21600004
1497,"Remember the Name (feat. Styles of Beyond)","Fort Minor,Styles Of Beyond",85,4B,84,2026-04-05,03:50,70,"rap rock, ","The Rising Tied",2005-11-21,69,6,0,88,0,0,-4,G#/A♭ Major,4,6ndmKwWqMozN2tcZqzCX4K,USWB10502457
1498,"Where'd You Go (feat. Holly Brook & Jonah Matranga)","Fort Minor,Holly Brook,Jonah Matranga",180,12A,82,2026-04-05,03:51,65,"rap rock, ","The Rising Tied (Deluxe Edition)",2005-00-00,68,26,0,26,20,10,-3,C♯/D♭ Minor,4,1GHqc0e7PQ6aEyGlvfSJzS,USWB10504785
1499,"Stacy's Mom","Fountains Of Wayne",118,10A,75,2026-04-05,03:17,77,"power pop","Welcome Interstate Managers",2003-01-01,77,0,0,93,0,0,-5,B Minor,4,27L8sESb3KR79asDUBu8nW,USESC0300016
1500,"Misbehave","Frances Lion",93,9B,75,2026-04-05,03:03,40,"","Misbehave",2024-10-23,70,11,0,49,0,20,-5,G Major,4,45xKkc83u4BOkfDwLLP1ey,UK9AV2400587
1501,"Oh No","Frances Lion",163,8B,51,2026-04-05,03:45,6,"","Oh No",2018-08-31,39,77,0,42,0,0,-5,C Major,4,5ir3dzVbAA2lZYisuUWU33,QM7G91611303
1502,"Self Control","Frances Lion",122,5A,67,2026-04-05,03:17,2,"","Self Control",2018-03-23,63,0,0,54,0,0,-5,C Minor,4,3Vqmqnp6XOdKksCl7GRghI,GBUM71800653
1503,"Obsesion (No Es Amor) (feat. Baby Bash)","Frankie J,Baby Bash",75,4B,50,2026-04-05,03:45,58,"","The One",2003-00-00,65,9,0,54,0,30,-8,G#/A♭ Major,4,4UC4H4vX3bJtcgtKR0ZCFJ,USSM10414469
1504,"Thinkin Bout You","Frank Ocean",130,8B,34,2026-04-05,03:20,86,"","channel ORANGE",2012-07-10,72,41,0,20,0,10,-11,C Major,4,7DfFc7a6Rwfi3YQMRbDMau,USUM71202995
1505,"Pyramids","Frank Ocean",108,4A,65,2026-04-05,09:52,82,"","channel ORANGE",2012-07-10,40,1,0,15,0,70,-6,F Minor,4,4QhWbupniDd44EDtnh2bFJ,USUM71207185
1506,"Lost","Frank Ocean",123,4B,60,2026-04-05,03:54,86,"","channel ORANGE",2012-07-10,91,3,0,50,20,10,-5,G#/A♭ Major,4,3GZD6HmiNUhxXYf8Gch723,USUM71207186
1507,"Me (heavy)","Fred again..",150,9A,25,2026-04-05,03:03,60,"stutter house, house, edm","Actual Life (April 14 - December 17 2020)",2021-04-15,74,81,2,38,10,10,-12,E Minor,4,3MhbnxA1JnksiATu9xyB2c,GBAHS2100150
1508,"..FEISTY","Fred again..,BIA",102,3A,70,2026-04-05,02:51,41,"stutter house, house, edm, ","ICEY..FEISTY",2025-11-28,82,2,0,57,20,30,-5,A#/B♭ Minor,4,0rn8BcTBTPGWb4NRCBST0k,GBAHS2501368
1509,"Capsize","FRENSHIP,Emily Warren",93,4A,71,2026-04-05,03:57,0,"","Capsize",2016-04-15,68,4,14,36,0,60,-6,F Minor,4,4qH3RkbFgzxYyXUD8YC8kr,GBKPL1665135
1510,"Low Life (feat. The Weeknd)","Future,The Weeknd",144,4B,33,2026-04-05,05:13,83,"rap, ","EVOL",2016-04-13,72,34,28,10,0,10,-8,G#/A♭ Major,4,7EiZI6JVHllARrX9PUvAdX,USSM11600557
1511,"We Don't Trust You","Future,Metro Boomin",124,11A,51,2026-04-05,03:46,68,"rap, ","WE DON'T TRUST YOU",2024-03-22,78,48,0,35,20,20,-7,F#/G♭ Minor,4,1pnDvUuAEd6z8bKEsbAjk1,USSM12402040
1512,"We Still Don't Trust You","Future,Metro Boomin,The Weeknd",110,5A,59,2026-04-05,04:12,74,"rap, ","WE STILL DON'T TRUST YOU",2024-04-12,72,3,26,43,0,40,-6,C Minor,4,7sVbKoBdhXtYCEOO6qC1SN,USSM12403111
1513,"Lasso","Gabe Lopez",127,12A,63,2026-04-05,03:24,0,"kuduro","Lasso",2017-09-29,67,15,0,46,0,0,-7,C♯/D♭ Minor,4,6LDQxzMiJdnUqnyJNX9LAx,TCADF1789832
1514,"abcdefu (angrier)","GAYLE",122,12B,60,2026-04-05,02:39,68,"","abcdefu (angrier)",2021-09-24,67,7,0,45,0,10,-6,E Major,3,1EQFOouqdKYdpbNoOHRVO2,USAT22105185
1515,"I Mean It (feat. Remo)","G-Eazy,Remo the Hitmaker",140,6B,56,2026-04-05,03:56,68,"","These Things Happen",2014-06-23,71,13,0,14,10,10,-6,A#/B♭ Major,4,6jmTHeoWvBaSrwWttr8Xvu,USRC11400730
1516,"Blue Obsession","Geographer,CLARA-NOVA",116,3A,56,2026-04-05,04:10,0,"","Blue Obsession",2018-09-28,63,13,0,25,0,10,-8,A#/B♭ Minor,4,3cVvdohoJlvEoieLUTI0sQ,QM24S1833435
1517,"bad for you","George Barnett",120,8A,79,2026-04-05,01:54,42,"","bad for you",2020-03-27,55,2,0,61,0,70,-6,A Minor,4,721WtxMf7TEdx1H2ksdczi,QZ8GX1700805
1518,"stone cold classic","George Barnett",120,1B,73,2026-04-05,03:15,45,"","bad for you",2020-04-10,82,0,0,83,10,0,-5,B Major,4,4G9OaTB9RE8rkyGJDXbjya,GBKPL1785937
1519,"Come Follow Me Down","George Taylor",79,12A,74,2026-04-05,03:12,37,"","Come Follow Me Down",2018-05-11,58,51,0,20,0,0,-6,C♯/D♭ Minor,4,5RPx9i0nwUdzpvJcYFTe1D,QM24S1811100
1520,"Bad To The Bone","George Thorogood & The Destroyers",149,8B,73,2026-04-05,04:52,72,"classic rock, blues rock, southern rock","BAD TO THE BONE",1982-01-01,46,1,7,96,0,30,-12,C Major,1,6s0NHplywwr1IjnQpUpWJk,USEM38500069
1521,"Move It On Over","George Thorogood & The Destroyers",147,9B,86,2026-04-05,04:20,46,"classic rock, blues rock, southern rock","Essential Recordings: One Bourbon, One Scotch, One Beer",2009-09-22,50,0,1,81,0,0,-8,G Major,4,5iaBfR3xQnausmGgulSoJE,USRO27802401
1522,"I Hate Everyone","Get Set Go",157,2B,77,2026-04-05,03:33,32,"","Ordinary World",2006-01-17,38,42,0,65,0,20,-4,F#/G♭ Major,3,1Pn1Ndq0W9SUw1kPq0Jj68,US83Y0552636
1523,"Man Like That","Gin Wigmore",103,4B,89,2026-04-05,02:50,40,"","Gravel & Wine",2011-00-00,61,0,0,54,0,50,-3,G#/A♭ Major,4,7KNIZlX0pBSBBrkI4d8AHB,AUUM71101237
1524,"Kill Of The Night","Gin Wigmore",126,8B,70,2026-04-05,03:25,55,"","Gravel & Wine",2011-00-00,51,1,0,56,0,30,-6,C Major,4,2m17BTWlZq0wtS9cpJsCfM,AUUM71101239
1525,"Hallow Fate","Gin Wigmore",204,6A,66,2026-04-05,03:04,0,"","Hallow Fate",2017-06-23,54,37,0,44,10,10,-4,G Minor,4,1dfq7MAIUgkayX7xkqegVo,AUUM71700437
1526,"Stupid Shit","Girlicious",124,12A,72,2026-04-05,03:07,39,"","Girlicious",2008-01-01,89,9,0,70,10,0,-4,C♯/D♭ Minor,4,1LXfS68I0VgIzghEiGRyoq,USUM70811102
1527,"Kill The Lights","The Glorious Sons",75,8A,75,2026-04-05,04:40,0,"","Kill The Lights",2017-01-27,52,1,0,38,0,10,-6,A Minor,4,2KeW231kfBywyI8F9ii75F,CABD61705101
1528,"TUNNEL VISION","GLU",106,3A,56,2026-04-05,02:35,21,"","BOOGIE MAN",2025-06-27,86,1,30,53,0,20,-8,A#/B♭ Minor,4,2XJBRHfCdeI5Qul00OpEpc,UK9AV2501604
1529,"COLD SWEAT","GLU",160,10A,59,2026-04-05,03:32,36,"","COLD SWEAT",2022-05-13,62,1,32,85,0,0,-7,B Minor,4,4bmgXSjYzfW5id3kTEV3Fg,QZQAY2265214
1530,"NIGHT SHIFT","GLU",80,4B,65,2026-04-05,03:57,21,"","NIGHT SHIFT",2022-11-16,68,3,0,83,20,0,-6,G#/A♭ Major,4,6kAVaORkyls0sXgBFIMaV0,QMDA62246853
1531,"Vacation","The Go-Go's",157,12B,82,2026-04-05,02:59,58,"new wave","Vacation",1982-00-00,50,9,0,88,0,30,-9,E Major,4,0oc7YoWV783fGr2GbdcIrz,USAM18204326
1532,"I Just Wanna Live","Good Charlotte",111,3A,83,2026-04-05,02:46,0,"pop punk, punk, emo","The Chronicles of Life and Death (WALMART/ DEATH  art version)",2004-10-05,80,1,0,94,0,10,-5,A#/B♭ Minor,4,1uhy52abz8K5fIHrqwbByj,USSM10412717
1533,"Rejects","Good Charlotte",112,6B,92,2026-04-05,02:54,43,"pop punk, punk, emo","Rejects",2025-06-25,67,0,0,78,0,30,-3,A#/B♭ Major,4,3I09R9N2WwbP0B1SExxkWq,USAT22501446
1534,"MANGO","Grace Mitchell",125,1B,78,2026-04-05,03:05,35,"","MANGO",2021-03-26,77,21,24,67,0,10,-7,B Major,4,0a5szJBZfMo2ijE68r5oAR,QM24S2101302
1535,"Drunk Dreams","Greta Stanley",116,10B,38,2026-04-05,03:49,0,"","Full Grown",2017-10-27,73,63,3,28,0,30,-12,D Major,4,6XhAKOoGyApoJ7E0iNrjDT,AUEMB1700001
1536,"Dreamstate","Greta Stanley",116,11B,44,2026-04-05,04:07,0,"","Full Grown",2017-10-27,51,86,0,13,0,0,-9,A Major,4,0kiHmVHoXxINeXGJEu5sNA,AUBEC1708524
1537,"Hostage","Griffin Oskar",121,8B,54,2026-04-05,03:18,29,"","Hostage",2017-02-03,71,3,0,50,0,30,-7,C Major,4,7EbsWLCPQ9pjpQf6hYmKYi,USUM71614803
1538,"Money","Grizfolk",166,12B,73,2026-04-05,02:50,0,"","Money",2020-08-14,41,1,0,41,0,10,-8,E Major,4,4ryfgmDds1ZgbfMSfduIni,CAN112000293
1539,"Lose Your Love (with Matt Maeson)","Gryffin,Matt Maeson",150,4B,88,2026-04-05,03:31,49,"edm, melodic bass, future bass, ","Alive",2022-11-04,53,2,0,47,0,10,-4,G#/A♭ Major,4,1PknqupRJmUOeOj0ghpwLZ,USUM72220369
1540,"Stanky Legg - Main Edit","GS Boyz",154,10A,70,2026-04-05,03:53,49,"crunk","Stanky Legg (Main Edit)",2009-02-03,76,0,0,74,0,20,-6,B Minor,4,73GD9DI2EBRSi2l57wyh3Z,USJI10900224
1541,"Civil War","Guns N' Roses",140,3A,79,2026-04-05,07:42,74,"rock, glam metal, hard rock, classic rock","Use Your Illusion II",1991-09-18,33,8,6,38,0,30,-9,A#/B♭ Minor,4,6i4Qi1mJxXjqNIL9HfJhRs,USGF19142001
1542,"Knockin' On Heaven's Door","Guns N' Roses",132,2B,74,2026-04-05,05:36,83,"rock, glam metal, hard rock, classic rock","Use Your Illusion II",1991-09-18,50,2,0,38,0,10,-7,F#/G♭ Major,4,4JiEyzf0Md7KEFFGWDDdCr,USGF19142004
1543,"Statue","Gustaf",135,3B,87,2026-04-05,02:02,18,"post-punk, egg punk","Package Pt. 2",2024-04-05,67,3,2,51,0,10,-7,C♯/D♭ Major,4,0zZE7LyCK6zUmE2hOL0141,CAUM82300325
1544,"Cupid's Chokehold / Breakfast in America","Gym Class Heroes",79,12A,74,2026-04-05,04:03,82,"","The Papercut Chronicles",2005-02-22,72,24,0,62,10,20,-7,C♯/D♭ Minor,4,2Lhdl74nwwVGOE2Gv35QuK,US56V0407211
1545,"Stereo Hearts (feat. Adam Levine)","Gym Class Heroes,Adam Levine",90,11B,80,2026-04-05,03:30,86,"","The Papercut Chronicles II",2011-11-11,65,3,0,80,10,20,-3,A Major,4,0qOnSQQF0yzuPWsXrQ9paz,USAT21101071
1546,"Electroshock","3OH!3",83,10A,78,2026-04-05,03:01,36,"","3OH!3",2007-07-23,66,2,0,81,0,10,-1,B Minor,4,3AgSXJ2uheAgXQu2S8vV1Q,TCABN1385331
1547,"FREAK YOUR MIND","3OH!3",87,8B,70,2026-04-05,03:48,27,"","NIGHT SPORTS",2016-05-13,70,0,0,42,0,0,-5,C Major,4,3Q01xoINFfxirsh0x0vM4J,USAT21600611
1548,"BASMF","3OH!3",160,6A,68,2026-04-05,02:55,34,"","NIGHT SPORTS",2016-05-13,64,0,0,38,20,0,-7,G Minor,4,57dgrvCuTiqY4Sc6EsP97R,USAT21600614
1549,"SLUSHIE","3OH!3",80,4A,61,2026-04-05,02:40,43,"","SLUSHIE",2025-07-25,57,2,0,75,30,0,-7,F Minor,4,6spbokTnY7de52ReJloRjV,SGW502504543
1550,"Déjà Vu","3OH!3",128,10A,82,2026-04-05,03:04,47,"","Streets Of Gold",2010-06-25,65,8,0,79,20,40,-5,B Minor,4,70sK7T5SzRs6QFHA1LLfrw,USAT21000795
1551,"R.I.P.","3OH!3",130,6B,70,2026-04-05,03:44,41,"","Streets Of Gold",2010-06-25,66,13,0,39,0,10,-6,A#/B♭ Major,4,35BspUdHJEuqWx6aCzMG5U,USAT21000799
1552,"I'm Not the One","3OH!3",152,6A,80,2026-04-05,04:07,36,"","Streets Of Gold",2010-06-25,44,7,0,40,10,20,-6,G Minor,4,2yd5awkWGIYfUtIeNDWgrs,USAT21000802
1553,"DONTTRUSTME","3OH!3",130,4A,71,2026-04-05,03:12,77,"","WANT",2008-07-07,79,2,0,51,20,10,-4,F Minor,4,5jzX4dWVQeBTtfBaXnMRt5,USAT20802554
1554,"IMNOTYOURBOYFRIENDBABY","3OH!3",140,5A,75,2026-04-05,03:44,57,"","WANT",2008-07-07,66,2,0,65,10,30,-5,C Minor,4,3ibGmT0ZC3ywCKfQ6xVBnf,USAT20802556
1555,"STARSTRUKK","3OH!3",140,6B,63,2026-04-05,03:05,57,"","WANT",2008-01-12,85,0,0,51,10,10,-5,A#/B♭ Major,4,76l2qPUq1nJ7HGKRiM7Ika,USAT20802558
1556,"RICHMAN","3OH!3",162,4A,81,2026-04-05,03:19,80,"","WANT",2008-07-07,59,0,0,52,30,70,-4,F Minor,4,3JfbMm4LfBmm96mkKhyG6I,USAT20802559
1557,"STILLAROUND","3OH!3",148,6A,70,2026-04-05,03:07,33,"","WANT (Deluxe)",2009-01-16,54,4,0,17,0,10,-5,G Minor,4,04uvBp5vzqDaUIjpG2bEYD,USAT20802561
1558,"Candy Shop","50 Cent,Olivia",125,1B,57,2026-04-05,03:29,83,"old school hip hop, east coast hip hop, ","The Massacre",2005-03-03,61,3,0,76,40,30,-8,B Major,5,5D2mYZuzcgjpchVY1pmTPh,USIR10500072
1559,"Disco Inferno","50 Cent",97,5B,66,2026-04-05,03:34,77,"old school hip hop, east coast hip hop","The Massacre",2005-03-03,93,21,0,71,20,20,-5,D#/E♭ Major,4,69bHJ9qs5FrUJbKP8xU8uZ,USIR10401085
1560,"Gunz Come Out","50 Cent",90,2B,94,2026-04-05,04:24,54,"old school hip hop, east coast hip hop","The Massacre",2005-03-03,57,17,0,48,30,10,-2,F#/G♭ Major,4,3iAqQ5F0syAZz1cPGJUeMW,USIR10500276
1561,"I Want Candy","Aaron Carter",110,4B,90,2026-04-05,03:13,46,"bubblegum pop","Aaron's Party (Come Get It)",2000-09-26,79,1,0,95,0,0,-4,G#/A♭ Major,4,7sruBwHu4S0DIo8RXKxsAY,USJI10000281
1562,"Hard To LøVë","Aaron Carter",128,10B,67,2026-04-05,03:34,22,"bubblegum pop","LØVË",2018-02-16,69,9,0,56,0,30,-5,D Major,4,1GztqCrCuLKpoZyzUXCd5i,USQX91701713
1563,"Sooner Or Later","Aaron Carter",112,4A,73,2026-04-05,03:32,40,"bubblegum pop","LØVË",2018-02-16,74,12,0,44,0,0,-7,F Minor,4,0Gee5mDV8DiP4YNSQT2gOK,USQX91602389
1564,"What Did You Want To Say?","Aaron Carter",96,1B,87,2026-04-05,03:18,20,"bubblegum pop","LØVË",2018-02-16,61,1,0,25,0,10,-4,B Major,4,3eGkzZ472Olsika4PAFlh7,USQX91701590
1565,"Fool's Gold","Aaron Carter",130,4A,70,2026-04-05,03:16,33,"bubblegum pop","LØVË",2018-02-16,69,5,0,79,0,0,-5,F Minor,4,4ibvd9quldF0rV7YRah0DO,USQX91602199
1566,"Back In Black","AC/DC",188,11B,70,2026-04-05,04:16,87,"rock, hard rock, classic rock, rock and roll","Back In Black",1980-07-25,31,1,1,76,0,0,-6,A Major,4,08mG3Y1vljYA6bvDt4Wqkj,AUAP08000046
1567,"Big Balls","AC/DC",107,11B,63,2026-04-05,02:38,60,"rock, hard rock, classic rock, rock and roll","Dirty Deeds Done Dirt Cheap",1976-09-20,62,43,0,42,20,60,-6,A Major,4,2KmSnPWWCIsEomVsKnbE1a,AUAP07600051
1568,"T.N.T.","AC/DC",126,11B,76,2026-04-05,03:35,82,"rock, hard rock, classic rock, rock and roll","High Voltage",1976-05-14,75,15,0,44,30,10,-5,A Major,4,7LRMbd3LEoV5wZJvXT1Lwb,AUAP07600012
1569,"Girls Got Rhythm","AC/DC",138,9A,98,2026-04-05,03:23,68,"rock, hard rock, classic rock, rock and roll","Highway to Hell",1979-07-27,51,5,0,54,10,30,-4,E Minor,4,6Wn3pdFtAcnYJyJVITwt7N,AUAP07900038
1570,"If You Want Blood (You've Got It)","AC/DC",141,10B,93,2026-04-05,04:37,69,"rock, hard rock, classic rock, rock and roll","Highway to Hell",1979-07-27,49,3,15,54,10,40,-4,D Major,4,7zscdQe9CjzXnqT3P1Ey7K,AUAP07900029
1571,"Thunderstruck","AC/DC",134,12B,89,2026-04-05,04:52,88,"rock, hard rock, classic rock, rock and roll","The Razors Edge",1990-09-24,50,0,1,26,0,20,-5,E Major,4,57bgtoPSgt236HzfBOd8kj,AUAP09000014
1572,"Rolling in the Deep","Adele",105,4B,77,2026-04-05,03:48,80,"soft pop","21",2011-01-24,73,14,0,51,0,0,-5,G#/A♭ Major,4,1c8gk2PeTE04A1pIDH9YMk,GBBKS1000335
1573,"Rumour Has It","Adele",120,8B,75,2026-04-05,03:43,68,"soft pop","21",2011-01-24,61,62,0,57,0,10,-5,C Major,4,2A73XBDBQgmdXO8VsXPWIs,GBBKS1000349
1574,"Turning Tables","Adele",155,5A,45,2026-04-05,04:10,64,"soft pop","21",2011-01-24,35,95,0,21,0,10,-6,C Minor,4,4oy98QoABnGKpvapDkI525,GBBKS1000346
1575,"Set Fire to the Rain","Adele",108,7A,67,2026-04-05,04:02,80,"soft pop","21",2011-01-24,60,0,0,45,0,10,-4,D Minor,4,73CMRj62VK8nUS4ezD2wvi,GBBKS1000348
1576,"He Won't Go","Adele",160,5A,57,2026-04-05,04:38,58,"soft pop","21",2011-01-24,71,2,0,73,0,0,-7,C Minor,4,3uVsdnIglL7aTjm8X08J0M,GBBKS1000353
1577,"Lovesong","Adele",117,5A,37,2026-04-05,05:16,58,"soft pop","21",2011-01-24,69,69,0,36,0,10,-9,C Minor,4,7nm6DlSzzJTH1rk2e6EgJz,GBBKS1000352
1578,"Someone Like You","Adele",135,11B,32,2026-04-05,04:45,80,"soft pop","21",2011-01-24,56,89,0,29,0,10,-8,A Major,4,1zwMYTA5nlNjZxYrvBB2pV,GBBKS1000351
1579,"Hello","Adele",79,4A,43,2026-04-05,04:55,74,"soft pop","25",2015-11-20,58,33,0,29,0,0,-6,F Minor,4,62PaSfnXSMyLshYJrlTuL3,GBBKS1500214
1580,"Send My Love (To Your New Lover)","Adele",164,11A,53,2026-04-05,03:43,74,"soft pop","25",2015-11-20,69,4,0,57,0,10,-8,F#/G♭ Minor,4,0t7fVeEJxO2Xi4H2K5Svc9,GBBKS1500215
1581,"I Miss You","Adele",113,7B,58,2026-04-05,05:48,59,"soft pop","25",2015-11-20,38,1,0,16,0,40,-4,F Major,4,6QSJvH2m7QLAiFIywwzCVi,GBBKS1500216
1582,"Water Under the Bridge","Adele",95,4A,83,2026-04-05,04:00,72,"soft pop","25",2015-11-20,59,1,0,54,0,10,-7,F Minor,4,4jL6WWKFDqCOPo2hC3VhSS,GBBKS1500219
1583,"Can I Get It","Adele",98,8A,68,2026-04-05,03:30,66,"soft pop","30",2021-11-19,70,2,0,54,0,10,-6,A Minor,4,6w8ZPYdnGajyfPddTWdthN,USSM12105974
1584,"Woman Like Me","Adele",146,9A,37,2026-04-05,05:00,59,"soft pop","30",2021-11-19,59,75,0,33,10,10,-11,E Minor,4,2c6xRsQBv7pynuhYhWoHxo,USSM12105977
1585,"Skyfall","Adele",76,5A,55,2026-04-05,04:46,86,"soft pop","Skyfall",2012-10-04,35,42,0,8,0,10,-7,C Minor,4,6VObnIkLVruX4UVyxWhlqm,GBBKS1200164
1586,"Right Now (Na Na Na)","Akon",138,1A,86,2026-04-05,04:00,83,"","Freedom",2008-01-01,83,26,0,59,10,40,-4,G#/A♭ Minor,4,5Ravsw8TmHN5wBiYPPYUFw,USUM70837868
1587,"Gangsta Bop","Akon",176,4A,35,2026-04-05,04:06,62,"","Konvicted",2006-01-01,76,7,0,83,10,0,-7,F Minor,4,3nfVBXYJtRWeNxHMSMvIsE,USUM70615294
1588,"No More Mr. Nice Guy","Alice Cooper",128,10A,52,2026-04-05,03:07,63,"glam rock, hard rock, glam metal, proto-punk, classic rock","Billion Dollar Babies (Deluxe Reissue)",1973-00-00,50,9,0,62,0,10,-12,B Minor,4,5D2eCwqbHcqOnfHOCM6TnV,USWB19900785
1589,"Black Mamba","Alice Cooper",75,1A,85,2026-04-05,04:57,24,"glam rock, hard rock, glam metal, proto-punk, classic rock","The Revenge of Alice Cooper",2025-07-25,33,9,0,43,10,10,-4,G#/A♭ Minor,4,3YTPCrr5DCYTnpm7f5Nq7s,DEH842405666
1590,"Up All Night","Alice Cooper",134,1B,86,2026-04-05,03:07,21,"glam rock, hard rock, glam metal, proto-punk, classic rock","The Revenge of Alice Cooper",2025-07-25,70,1,0,77,0,0,-2,B Major,4,64MiFI11FeuGpSbHaw9rHX,DEH842405671
1591,"Poison","Alice Cooper",119,7A,91,2026-04-05,04:29,75,"glam rock, hard rock, glam metal, proto-punk, classic rock","Trash",1989-07-25,28,3,0,26,10,10,-6,D Minor,4,5XcZRgJv3zMhTqCyESjQrF,USSM18900004
1592,"Time Stands Still","The All-American Rejects",96,8B,62,2026-04-05,03:30,45,"pop punk, emo","The All-American Rejects",2002-10-15,60,0,0,85,0,0,-6,C Major,4,3yNH4HdWyljKSeLLhktrBd,USDW10200530
1593,"The Last Song","The All-American Rejects",180,3B,88,2026-04-05,05:00,54,"pop punk, emo","The All-American Rejects",2002-10-15,32,3,8,23,0,20,-3,C♯/D♭ Major,4,2vLgTJ8YADmKDvrfkrUCaJ,USDW10200537
1594,"Heartbeat Slowing Down","The All-American Rejects",188,5B,81,2026-04-05,04:44,30,"pop punk, emo","Kids In The Street",2012-01-01,33,1,0,39,0,10,-6,D#/E♭ Major,3,0tcZAUYGCPLWZ4T3yzerk2,USUM71119046
1595,"Bleed Into Your Mind","The All-American Rejects",137,3B,49,2026-04-05,02:43,20,"pop punk, emo","Kids In The Street",2012-01-01,61,0,0,10,0,20,-7,C♯/D♭ Major,4,2ihspAOv4YYeq1eGgRra2F,USUM71119049
1596,"It Ends Tonight","The All-American Rejects",88,8B,63,2026-04-05,04:04,67,"pop punk, emo","Move Along",2005-07-12,45,0,0,31,0,10,-5,C Major,4,5ZqNz8GXWpkb95f7aVxTA0,USDW10500174
1597,"Can't Take It","The All-American Rejects",116,9A,42,2026-04-05,02:52,38,"pop punk, emo","Move Along",2005-07-12,57,71,0,33,0,20,-6,E Minor,5,6fyw6zM0yNcgttmRJF3cE3,USDW10500179
1598,"Send Her To Heaven","The All-American Rejects",146,9B,81,2026-04-05,03:11,37,"pop punk, emo","Send Her To Heaven",2019-07-16,50,0,0,62,0,20,-3,G Major,4,3HbablKHLbUEpn04GZiOWU,USEP41929001
1599,"Demons","The All-American Rejects",126,2B,53,2026-04-05,03:15,30,"pop punk, emo","Send Her To Heaven",2019-07-16,54,2,0,27,0,0,-7,F#/G♭ Major,4,7EyvmqnpETz7x9tCrZo7xm,USEP41929003
1600,"Sweat","The All-American Rejects",135,7B,51,2026-04-05,03:03,46,"pop punk, emo","Sweat",2017-07-07,65,0,0,70,0,0,-4,F Major,3,398yyQgNK4gUDUONBlQOYa,USUM71606937
1601,"Close Your Eyes","The All-American Rejects",92,3B,63,2026-04-05,04:27,36,"pop punk, emo","Sweat",2017-07-07,47,7,0,8,0,0,-8,C♯/D♭ Major,4,4HM8tkHTQ6JVSMfsJOrcAW,USUM71705052
1602,"I Wanna","The All-American Rejects",164,9B,91,2026-04-05,03:28,50,"pop punk, emo","When The World Comes Down",2008-12-16,42,0,0,43,0,20,-5,G Major,4,1aWYAQICESeHj2Xauv1Zfd,USUM70843644
1603,"Gives You Hell","The All-American Rejects",100,12B,69,2026-04-05,03:33,71,"pop punk, emo","When The World Comes Down",2008-12-16,72,2,0,55,0,0,-6,E Major,4,6ihL9TjfRjadfEePzXXyVF,USUM70837368
1604,"A Heartbreak","Angus & Julia Stone",122,4B,59,2026-04-05,04:16,22,"","Angus & Julia Stone (Deluxe)",2014-08-01,78,7,19,47,0,10,-8,G#/A♭ Major,4,5XPRGwyvULg6YwF3HXZLqz,AUAP11400002
1605,"My Word For It","Angus & Julia Stone",97,8A,67,2026-04-05,04:08,17,"","Angus & Julia Stone (Deluxe)",2014-08-01,71,6,8,42,0,0,-6,A Minor,4,5HJfIp59Bdyi8gGocu0s9T,AUAP11400003
1606,"Heart Beats Slow","Angus & Julia Stone",97,4A,86,2026-04-05,04:35,23,"","Angus & Julia Stone (Deluxe)",2014-08-01,65,0,0,47,0,20,-7,F Minor,4,1X5M1MgjM9fK3z5pou6XJB,AUAP11400005
1607,"From The Stalls","Angus & Julia Stone",111,6A,55,2026-04-05,05:09,18,"","Angus & Julia Stone (Deluxe)",2014-08-01,65,3,0,22,0,10,-9,G Minor,4,61NITHJBz1JEqCzh8WshmT,AUAP11400010
1608,"Main Street","Angus & Julia Stone",134,12A,52,2026-04-05,05:35,16,"","Angus & Julia Stone (Deluxe)",2014-08-01,74,75,52,21,0,10,-11,C♯/D♭ Minor,4,1pNVVLBd1HNvTiitcuC3HZ,AUAP11400013
1609,"Mango Tree","Angus & Julia Stone",108,8B,44,2026-04-05,03:45,48,"","A Book Like This",2009-00-00,59,83,13,28,0,10,-15,C Major,4,1zhUjkAPnvPvkKpwHB5qWT,AUAP10600002
1610,"Paper Aeroplane","Angus & Julia Stone",104,1B,41,2026-04-05,03:43,57,"","A Book Like This",2009-00-00,81,59,27,37,10,10,-15,B Major,4,3XcvrvOCfSvK0mm6nOTw6d,AUAP10600004
1611,"Just a Boy","Angus & Julia Stone",161,8B,70,2026-04-05,04:01,42,"","A Book Like This",2009-00-00,64,24,1,37,0,30,-9,C Major,4,3R8KeqkoBJT9u0co2G1R6W,AUAP10700007
1612,"Big Jet Plane","Angus & Julia Stone",110,3A,39,2026-04-05,03:59,66,"","Down the Way",2010-03-30,76,24,1,27,0,10,-9,A#/B♭ Minor,4,3WGsYiBXmaT8XyY4Fmry2v,AUAP10900011
1613,"And The Boys","Angus & Julia Stone",100,4A,42,2026-04-05,04:10,29,"","Down the Way",2010-03-30,79,51,4,53,0,0,-9,F Minor,4,1cj5t7hfDdBy6jSYIBZi5C,AUAP10900002
1614,"Arabella","Arctic Monkeys",180,10B,56,2026-04-05,03:27,77,"indie, garage rock","AM",2013-09-09,58,2,0,51,0,20,-7,D Major,4,7nzsY8vlnKdvGOEE0rjAXZ,GBCEL1300365
1615,"505","Arctic Monkeys",140,8B,85,2026-04-05,04:13,85,"indie, garage rock","Favourite Worst Nightmare (Standard Version)",2007-04-24,52,0,0,23,0,0,-6,C Major,4,58ge6dfP91o9oXMzq3XkIS,GBCEL0700074
1616,"Into You","Ariana Grande",108,11B,73,2026-04-05,04:04,79,"pop","Dangerous Woman",2016-05-20,62,2,0,37,10,10,-6,A Major,4,63y6xWR4gXz7bnUGOk8iI6,USUM71601827
1617,"eternal sunshine","Ariana Grande",160,11B,50,2026-04-05,03:30,73,"pop","eternal sunshine",2024-03-08,65,53,0,35,10,10,-7,A Major,4,3RwWW7KeVhHGayYJgUL5eZ,USUM72317272
1618,"the boy is mine","Ariana Grande",98,6A,63,2026-04-05,02:53,79,"pop","eternal sunshine",2024-03-08,80,16,0,45,0,0,-6,G Minor,4,0Lmbke3KNVFXtoH2mMSHCw,USUM72317268
1619,"we can't be friends (wait for your love)","Ariana Grande",116,7B,65,2026-04-05,03:48,87,"pop","eternal sunshine",2024-03-08,65,6,0,30,0,0,-8,F Major,4,51ZQ1vr10ffzbwIjDCwqm4,USUM72317276
1620,"in my head","Ariana Grande",135,8B,60,2026-04-05,03:42,70,"pop","thank u, next",2019-02-08,66,17,0,33,0,10,-6,C Major,4,4T652DlATVHe0jdLKaN3Bw,USUM71900407
1621,"7 rings","Ariana Grande",140,12A,32,2026-04-05,02:58,86,"pop","thank u, next",2019-02-08,78,59,0,33,30,0,-11,C♯/D♭ Minor,4,6ocbgoVGwYJhOv1GgI9NsF,USUM71900110
1622,"thank u, next","Ariana Grande",107,3B,65,2026-04-05,03:27,84,"pop","thank u, next",2019-02-08,72,23,0,41,0,10,-6,C♯/D♭ Major,4,3e9HZxeyfWwjeyPAMmWSSQ,USUM71819361
1623,"cross my heart","Artemas",132,4B,46,2026-04-05,02:26,67,"","pretty",2024-02-09,81,8,0,23,20,20,-11,G#/A♭ Major,4,1GnTBbaFtxNkHEjUsWEdNu,QZTAZ2311089
1624,"i like the way you kiss me","Artemas",152,1B,95,2026-04-05,02:22,78,"","yustyna",2024-07-11,60,0,1,75,0,0,-4,B Major,4,3JG1uFc40wfyrqaWC7iv0e,QZJ842400387
1625,"wet dreams","Artemas",126,9B,72,2026-04-05,01:39,68,"","yustyna",2024-07-11,41,28,1,4,0,20,-6,G Major,4,6Q57LMIIjmbOBkvXe8ADW4,QZJ842401770
1626,"Steal Your Heart","Augustana",116,9B,62,2026-04-05,03:33,24,"","Augustana",2011-04-26,56,0,0,13,0,10,-6,G Major,4,4Z6pIFaCHgY8Qyl7AHJM2V,USSM11005563
1627,"Wrong Side Of Love","Augustana",120,12B,72,2026-04-05,03:32,16,"","Augustana",2011-04-26,44,1,0,45,0,10,-5,E Major,4,5mqJu0zKOG1YAozKzZJj6f,USSM11005564
1628,"Hey Now","Augustana",87,8B,60,2026-04-05,04:39,31,"","Can't Love, Can't Hurt",2008-00-00,45,14,0,4,0,10,-5,C Major,4,3g9mZP0Zc0Yw30lFC2Z9Bj,USSM10800215
1629,"I Still Ain't Over You","Augustana",114,3B,69,2026-04-05,03:31,30,"","Can't Love, Can't Hurt",2008-00-00,47,0,0,35,0,10,-5,C♯/D♭ Major,4,27prib35GymFVzE8JLdA4u,USSM10800216
1630,"Twenty Years","Augustana",133,5B,41,2026-04-05,04:26,35,"","Can't Love, Can't Hurt",2008-00-00,39,27,2,28,0,10,-6,D#/E♭ Major,4,2xqjlxsJpuRwNnq5iz9sGX,USSM10800217
1631,"Fire","Augustana",98,7B,21,2026-04-05,02:31,32,"","Can't Love, Can't Hurt",2008-00-00,51,92,0,34,0,10,-9,F Major,4,1Oq7az2QUwTdxZULE1iyWG,USSM10800219
1632,"Rest, Shame, Love","Augustana",83,3B,52,2026-04-05,03:59,19,"","Can't Love, Can't Hurt",2008-00-00,53,14,0,25,0,0,-10,C♯/D♭ Major,4,175oG6417WnAUwOAwRCx72,USSM10800222
1633,"Where Love Went Wrong","Augustana",170,11B,58,2026-04-05,05:30,22,"","Can't Love, Can't Hurt",2008-00-00,22,6,36,20,0,10,-4,A Major,4,0eINNbCIAfJdeDvuniRs3w,USSM10800223
1634,"Losing Grip","Avril Lavigne",158,1A,89,2026-04-05,03:53,64,"","Let Go",2002-06-04,53,0,0,58,10,0,-5,G#/A♭ Minor,4,2LA4v20vokK9Uaj7WEEMaf,USAR10200222
1635,"Complicated","Avril Lavigne",78,7B,78,2026-04-05,04:04,86,"","Let Go",2002-06-04,59,6,0,43,0,30,-6,F Major,4,5xEM5hIgJ1jjgcEBfpkt2F,USAR10200223
1636,"Unwanted","Avril Lavigne",162,9A,84,2026-04-05,03:41,52,"","Let Go",2002-06-04,48,0,2,62,0,60,-5,E Minor,3,1vjIHlmc4WfIaEl74YAvX0,USAR10200227
1637,"Nobody's Fool","Avril Lavigne",90,12B,88,2026-04-05,03:57,53,"","Let Go",2002-06-04,50,0,0,46,0,10,-6,E Major,4,4UMZpWNYEDT2vVALzWdcCo,USAR10200232
1638,"Take Me Away","Avril Lavigne",99,9A,89,2026-04-05,02:57,56,"","Under My Skin",2004-00-00,51,0,0,26,0,20,-2,E Minor,4,4e8HF8QcD4HlfgRT6TGDlO,USAR10400373
1639,"Together","Avril Lavigne",82,6A,86,2026-04-05,03:14,49,"","Under My Skin",2004-00-00,44,0,9,30,0,20,-3,G Minor,4,54ZydtdUOVRV78drWmJeII,USAR10400483
1640,"Don't Tell Me","Avril Lavigne",144,12B,80,2026-04-05,03:22,63,"","Under My Skin",2004-00-00,52,0,0,48,0,30,-3,E Major,4,0dEQaNYfp5G7Sflek2Qnde,USAR10400119
1641,"My Happy Ending","Avril Lavigne",170,10B,94,2026-04-05,04:02,76,"","Under My Skin",2004-00-00,41,0,0,74,0,30,-2,D Major,4,6sqNctd7MlJoKDOxPVCAvU,USAR10400486
1642,"Nobody's Home","Avril Lavigne",185,4A,91,2026-04-05,03:32,70,"","Under My Skin",2004-00-00,35,0,0,18,0,10,-4,F Minor,4,0cZDC7uxNK8lqQ3GgyvCnD,USAR10400487
1643,"Forgotten","Avril Lavigne",132,5A,68,2026-04-05,03:17,49,"","Under My Skin",2004-00-00,57,0,0,35,0,20,-3,C Minor,4,5tvMPInkVFU1YQJZnQzEEL,USAR10400488
1644,"The Best","AWOLNATION",111,7A,87,2026-04-05,03:43,55,"","Angel Miners & The Lightning Riders",2020-04-24,64,11,26,5,0,10,-5,D Minor,4,6RSVgjjYRtKg4FDyx2Lj1u,USDPK1900094
1645,"Not Your Fault","AWOLNATION",144,7B,74,2026-04-05,04:02,51,"","Megalithic Symphony",2011-03-15,59,0,0,64,0,0,-5,F Major,4,31hUonEmUsEVd0FMRv1s5r,USP6L1000057
1646,"Passion","AWOLNATION",138,3A,86,2026-04-05,03:24,0,"","Passion",2017-10-13,65,6,9,77,0,10,-5,A#/B♭ Minor,4,2E2r97GUoaRP3jCVX3nLa5,USP6L1700203
1647,"Run","AWOLNATION",138,3B,67,2026-04-05,04:01,55,"","Run",2015-03-17,69,73,69,67,0,20,-10,C♯/D♭ Major,4,2wIC3jqtTK78zQMdj1DRLu,USP6L1400285
1648,"I Am","AWOLNATION",130,12B,75,2026-04-05,04:34,44,"","Run",2015-03-17,57,17,0,27,0,20,-5,E Major,4,31CgjKFR1pzFO5Im365rXB,USP6L1400289
1649,"We've Got It Goin' On - Radio Edit","Backstreet Boys",113,2A,88,2026-04-05,03:39,53,"","Backstreet Boys",1996-00-00,76,9,0,91,0,20,-5,D#/E♭ Minor,4,2rtDTRFjBoqyj2rgi5mOAF,GBAHK9500138
1650,"Quit Playing Games (With My Heart)","Backstreet Boys",100,10A,88,2026-04-05,03:53,64,"","Backstreet Boys",1996-00-00,80,6,0,88,0,10,-5,B Minor,4,1nRwyxNsqCLeA17qR8Nfxx,USJI19710152
1651,"The Call","Backstreet Boys",104,3A,87,2026-04-05,03:24,67,"","Black & Blue",2000-11-21,70,12,0,75,0,30,-3,A#/B♭ Minor,4,1mxTCArq9EhSg4QPGqhjhT,USJI10000535
1652,"Get Another Boyfriend","Backstreet Boys",96,7A,75,2026-04-05,03:06,58,"","Black & Blue",2000-11-21,74,3,0,80,10,10,-5,D Minor,4,3nx5PkGa2sJyXVJzqE4eYM,USJI10000537
1653,"Larger Than Life","Backstreet Boys",108,5A,97,2026-04-05,03:52,75,"","Millennium",1999-05-18,66,11,0,75,0,60,-3,C Minor,4,6sbXGUn9V9ZaLwLdOfpKRE,USJI19910620
1654,"Show Me the Meaning of Being Lonely","Backstreet Boys",168,11A,63,2026-04-05,03:54,75,"","Millennium",1999-05-18,63,23,0,68,0,0,-5,F#/G♭ Minor,4,3BsaRV5QIulYz2lV9WWa8T,USJI19910621
1655,"Don't Want You Back","Backstreet Boys",103,11A,64,2026-04-05,03:26,53,"","Millennium",1999-05-18,73,10,0,89,0,10,-5,F#/G♭ Minor,4,2EgIkNeq1Tsx1JamvF6JWg,USJI19910624
1656,"Incomplete","Backstreet Boys",134,12B,59,2026-04-05,03:59,68,"","Never Gone",2005-06-14,44,23,0,17,0,0,-5,E Major,4,0CnD7Hiw6pae6rLsZw5q5W,USJI10500131
1657,"Fire","Bad Flamingo",80,11B,43,2026-04-05,03:48,39,"","Fire",2019-06-26,46,67,0,23,10,30,-11,A Major,4,70VSFe3tTnCLpue9StG69U,QZ76Q1900001
1658,"Frying Pan","Bad Flamingo",136,12B,25,2026-04-05,04:02,10,"","Frying Pan",2024-12-12,64,7,1,24,20,0,-16,E Major,4,1Wjey1LS5vH3w4ZOorM09u,QZ76Q2400007
1659,"Keep Off of You","Bad Flamingo",76,1A,26,2026-04-05,03:04,35,"","Keep Off of You",2023-03-10,68,31,0,58,10,0,-12,G#/A♭ Minor,4,3oNXDpo7ziScRfWi8d9O37,QZ76Q2300002
1660,"Summer of Love","Bad Flamingo",90,10A,38,2026-04-05,03:24,30,"","Summer of Love",2018-06-05,54,77,34,23,0,10,-11,B Minor,4,4vjetK09luLFKuWbtKm791,QZ76Q1890001
1661,"Move Me","Badflower",81,10A,68,2026-04-05,03:24,53,"post-grunge","Move Me",2020-02-21,28,7,0,19,0,10,-6,B Minor,5,4kBDDlh8PN6SRobI0uANK1,USCJY2054077
1662,"The Jester","Badflower",93,10B,83,2026-04-05,04:05,52,"post-grunge","OK, I'M SICK",2019-02-22,51,1,0,34,0,10,-6,D Major,4,28KccB3Iw5Gg8MjKewEQFW,USCJY1854018
1663,"Wide Eyes","Badflower",100,8B,88,2026-04-05,03:58,38,"post-grunge","OK, I'M SICK",2019-02-22,54,0,0,48,0,20,-6,C Major,4,4T49yEV2GZL6Fhuta3aPxP,USCJY1854027
1664,"Stalker","Badflower",175,7B,92,2026-04-05,03:28,42,"post-grunge","This Is How The World Ends",2021-09-24,56,1,0,48,20,0,-4,F Major,4,4CBgBbUMv2H8wLz9TsL8S6,QZRD92100078
1665,"We Move Like the Ocean","Bad Suns",118,3B,83,2026-04-05,03:09,50,"","Language & Perspective",2014-07-01,57,0,51,54,0,0,-4,C♯/D♭ Major,4,219ekgc5N3hBkpZSr5fYnj,USVR91421202
1666,"Transpose","Bad Suns",146,3A,92,2026-04-05,03:53,46,"","Language & Perspective",2014-07-01,61,3,0,63,0,10,-4,A#/B♭ Minor,4,2alTBUhWXocEWJM64hs7Ip,USVR91316302
1667,"Goddess","BANKS",137,12A,37,2026-04-05,04:02,45,"","Goddess (Deluxe)",2014-01-01,53,6,2,11,0,10,-10,C♯/D♭ Minor,4,6P2NcII68B40d0FoQGkrvD,USUM71405216
1668,"Waiting Game","BANKS",129,4A,40,2026-04-05,03:27,55,"","Goddess (Deluxe)",2014-01-01,33,66,0,23,0,10,-10,F Minor,4,27mT3JdR3sRJyiMBFHdhB4,USUM71310457
1669,"Stick","BANKS",106,10B,46,2026-04-05,05:13,34,"","Goddess (Deluxe)",2014-01-01,72,22,6,25,0,10,-12,D Major,4,48DQog6AzLZOQhLEanGl4E,USUM71405256
1670,"Drowning","BANKS",162,10A,60,2026-04-05,04:09,46,"","Goddess (Deluxe)",2014-01-01,30,50,0,31,0,20,-8,B Minor,4,5EAIvJhrfTJJEc0JH5q8m7,USUM71405258
1671,"Gimme","BANKS",120,7A,62,2026-04-05,03:39,47,"","III",2019-07-12,76,50,0,60,10,20,-5,D Minor,4,2J4T0IOIZjQhLzosKPR2PN,USUM71904862
1672,"Holding Back","BANKS",188,12A,75,2026-04-05,03:52,45,"","Serpentina",2022-04-08,33,1,0,34,10,30,-4,C♯/D♭ Minor,4,0X6hQ8VqX1bKNn5eyT9sNF,GBKPL2173975
1673,"Glitter & Gold","Barns Courtney",170,4B,63,2026-04-05,02:56,71,"","The Attractions Of Youth",2017-09-29,49,37,0,35,0,20,-5,G#/A♭ Major,4,1Mf27cnAF1Q6Ko83XTM5d1,GBUM71507092
1674,"Never Let You Down","Barns Courtney",110,1B,83,2026-04-05,03:58,45,"","The Attractions Of Youth",2017-09-29,74,15,14,78,0,0,-5,B Major,4,2wLqxR1CZ8oem1vQ93PXn3,GBUM71701357
1675,"Supernatural","Barns Courtney",98,5A,82,2026-04-05,02:44,55,"","Supernatural",2024-07-19,56,1,0,59,0,0,-5,C Minor,4,5n9CDglFvKOKKaPsQTzsjP,USAT22210984
1676,"What's a Girl to Do?","Bat For Lashes",116,9A,57,2026-04-05,02:58,47,"art pop, dream pop","Fur and Gold",2007-07-02,61,63,0,37,0,10,-6,E Minor,4,5LIRCoKAH9h2N5ViqjQDIJ,GBBND0601633
1677,"All Your Gold","Bat For Lashes",136,8A,54,2026-04-05,04:32,39,"art pop, dream pop","The Haunted Man",2012-10-12,83,9,0,76,0,10,-7,A Minor,4,0GxaxtdUdsUK869XGj0X7B,GB5KW1200148
1678,"Feel For You","Bat For Lashes",160,3B,71,2026-04-05,03:39,24,"art pop, dream pop","Lost Girls",2019-09-06,62,10,82,89,0,0,-11,C♯/D♭ Major,5,2d9459rCOb4K0xypqo3qK8,GBWWP1905067
1679,"Sleep Alone","Bat For Lashes",101,10A,49,2026-04-05,04:03,38,"art pop, dream pop","Two Suns",2009-01-12,64,7,0,38,0,20,-10,B Minor,4,7sZYe6crdk77ElsRhm6ES9,GBBND0801831
1680,"Crime Pays","Bear Hands",111,1A,70,2026-04-05,02:59,27,"","Burning Bush Supper Club",2010-11-02,82,24,1,80,0,20,-6,G#/A♭ Minor,4,7Hp0Q61qaKXvX1AVui0xCm,US5U51000040
1681,"Giants","Bear Hands",184,8B,85,2026-04-05,03:08,2,"","Distraction",2014-02-18,47,1,1,42,10,0,-5,C Major,4,5zaaJzDbwAr2z4uN1kcmKC,USME31303481
1682,"Agora","Bear Hands",98,3B,59,2026-04-05,02:40,0,"","Distraction",2014-02-18,73,22,1,76,0,30,-5,C♯/D♭ Major,4,3jobaXThGt9LRx1JJ177ph,USME31303482
1683,"Floor It","Bear Hands",132,4B,72,2026-04-05,03:00,0,"","The Key to What",2024-10-18,76,26,15,79,0,0,-6,G#/A♭ Major,4,4E3DhWlhgxDUCUIGeLIRV6,US38Y2414501
1684,"Intrusive Thoughts","Bear Hands",130,7B,74,2026-04-05,03:28,0,"","The Key to What",2024-10-18,75,14,10,72,0,0,-5,F Major,4,6X3dsWYaXWhU5zdGj0p21G,US38Y2411013
1685,"Ring The Alarm","Beyoncé",170,10B,75,2026-04-05,03:23,54,"","B'Day Deluxe Edition",2007-05-29,46,3,0,48,40,20,-8,D Major,4,5BkHkyO9PFXs1m7vSMnXp4,USSM10603506
1686,"TEXAS HOLD 'EM","Beyoncé",110,10B,71,2026-04-05,03:53,70,"","COWBOY CARTER",2024-03-29,73,58,0,38,0,10,-7,D Major,4,7wLShogStyDeZvL0a6daN5,USSM12401302
1687,"Halo","Beyoncé",80,10A,72,2026-04-05,04:21,68,"","I AM...SASHA FIERCE",2008-11-14,51,27,0,47,0,0,-6,B Minor,4,3ERa3mEeOnrh2Mc47qM6T1,USSM10804556
1688,"Broken-Hearted Girl","Beyoncé",82,7B,42,2026-04-05,04:37,55,"","I AM...SASHA FIERCE",2008-11-14,34,50,0,16,0,20,-7,F Major,4,31acMiV67UgKn1ScFChFxo,USSM10804727
1689,"Sweet Dreams","Beyoncé",122,3B,83,2026-04-05,03:28,68,"","I AM...SASHA FIERCE",2008-11-14,69,9,0,79,10,0,-6,C♯/D♭ Major,4,1FKxKGONukVFXWVJxAKmlz,USSM10804756
1690,"Hold Up","Beyoncé",81,8B,40,2026-04-05,03:41,67,"","Lemonade",2016-04-23,52,75,0,55,40,50,-12,C Major,4,0rzNMzZsubFcXSEh7dnem7,USSM11603176
1691,"CUFF IT","Beyoncé",115,9B,69,2026-04-05,03:45,75,"","RENAISSANCE",2022-07-29,78,4,0,64,10,0,-6,G Major,4,1xzi1Jcr7mEi9K2RfzLOqS,USSM12206232
1692,"ALL UP IN YOUR MIND","Beyoncé",136,11B,58,2026-04-05,02:49,60,"","RENAISSANCE",2022-07-29,74,7,0,8,0,10,-7,A Major,4,3k4CoiIQXiNBrwrmbBMDxj,USSM12206241
1693,"Billie Bossa Nova","Billie Eilish",110,6A,39,2026-04-05,03:16,78,"","Happier Than Ever",2021-07-30,90,22,3,55,10,10,-11,G Minor,4,2KnuaZYoGzDoHiBTNYOTXG,USUM72105927
1694,"Lost Cause","Billie Eilish",75,3A,33,2026-04-05,03:32,71,"","Happier Than Ever",2021-07-30,53,70,1,52,20,0,-8,A#/B♭ Minor,4,4191RXFPa7Ge9XkA4cWlna,USUM72105929
1695,"bad guy","Billie Eilish",135,9B,43,2026-04-05,03:14,83,"","WHEN WE ALL FALL ASLEEP, WHERE DO WE GO?",2019-03-29,70,33,13,56,30,10,-11,G Major,4,2Fxmhks0bxGSBdJ92vM42m,USUM71900764
1696,"wish you were gay","Billie Eilish",118,9B,35,2026-04-05,03:41,75,"","WHEN WE ALL FALL ASLEEP, WHERE DO WE GO?",2019-03-29,85,39,0,28,20,70,-10,G Major,4,3Fj47GNK2kUF0uaEDgXLaD,USUM71900767
1697,"bury a friend","Billie Eilish",120,4B,39,2026-04-05,03:13,75,"","WHEN WE ALL FALL ASLEEP, WHERE DO WE GO?",2019-03-29,91,74,16,20,30,10,-15,G#/A♭ Major,4,4SSnFejRGlZikf02HLewEF,USUM71900770
1698,"Baby","Bishop Briggs",140,11A,59,2026-04-05,03:14,41,"","Baby",2018-08-17,66,0,0,21,0,20,-6,F#/G♭ Minor,4,21vwWfS6qvxh8TN3lgHvZr,QMEU31723317
1699,"The Fire","Bishop Briggs",96,3A,50,2026-04-05,03:02,31,"","Bishop Briggs",2017-04-14,62,22,0,41,0,10,-6,A#/B♭ Minor,4,5VKQzU9v4siYcZMoAKrWwO,QM7G91600087
1700,"I STILL LOVE YOU","Bishop Briggs",145,8B,63,2026-04-05,01:23,29,"","CHAMPION",2019-11-08,52,2,0,20,0,10,-6,C Major,4,7wxDYbM4rrodjXd1xI9Mlm,USUG11902342
1701,"White Flag","Bishop Briggs",152,9A,81,2026-04-05,03:50,63,"","Church Of Scars",2018-04-20,54,6,0,36,0,20,-4,E Minor,4,2ph6BRhGcUzc2W9wIulG5k,QMEU31717078
1702,"Woman Is King","Bishop Briggs",149,9A,67,2026-04-05,01:46,38,"","Tell My Therapist I'm Fine (Deluxe)",2025-03-07,61,13,0,45,10,20,-6,E Minor,4,1gxc1dIYLmSS2sxMm8BYNj,USA2P2503938
1703,"Meet Me Halfway","Black Eyed Peas",130,10A,63,2026-04-05,04:44,80,"","THE E.N.D. (THE ENERGY NEVER DIES)",2009-01-01,80,0,0,40,0,30,-7,B Minor,4,6wOYnPq1hPihRepcDClPUw,USUM70967700
1704,"Missing You","Black Eyed Peas",126,5A,73,2026-04-05,04:34,48,"","THE E.N.D. (THE ENERGY NEVER DIES)",2009-01-01,80,22,0,40,10,40,-5,C Minor,4,3a9TXCupxgpoqjfgLJPpct,USUM70967706
1705,"Don't Phunk With My Heart","Black Eyed Peas",131,4A,93,2026-04-05,03:59,72,"","Monkey Business",2005-01-01,69,1,0,60,0,50,-3,F Minor,4,5MzjQ95rdB2xt9DNa2IzaC,USIR10500521
1706,"My Humps","Black Eyed Peas",124,12A,68,2026-04-05,05:26,79,"","Monkey Business",2005-01-01,80,11,0,59,20,10,-6,C♯/D♭ Minor,4,20jYtEun4dUdYZ9foaOC48,USIR10500771
1707,"Lonely Boy","The Black Keys",166,10B,87,2026-04-05,03:13,70,"blues rock, garage rock, modern blues, rock","El Camino",2011-12-06,36,0,1,61,0,10,-8,D Major,4,5G1sTBGbZT5o4PNRc75RKI,USNO11100273
1708,"Gold on the Ceiling","The Black Keys",130,8B,83,2026-04-05,03:44,65,"blues rock, garage rock, modern blues, rock","El Camino",2011-12-06,51,1,0,56,0,0,-5,C Major,4,5lN1EH25gdiqT1SFALMAq1,USNO11100275
1709,"On Repeat","The Black Keys",91,5B,79,2026-04-05,03:18,42,"blues rock, garage rock, modern blues, rock","No Rain, No Flowers",2025-08-08,55,0,0,60,0,10,-5,D#/E♭ Major,4,5GKqPWkDj9FsxGwgdHulek,USWB12501243
1710,"Detonate","Black Math",148,9B,44,2026-04-05,02:34,26,"","Black Math",2016-12-09,64,0,3,17,0,0,-9,G Major,4,5XZVa3bZLVYLzWa32g6iyn,TCACT1668462
1711,"Flesh and Bone","Black Math",75,10A,50,2026-04-05,03:41,46,"","Black Math",2016-12-09,43,6,16,10,0,10,-10,B Minor,4,4JCrcaEMsvYHji82lGRc4G,TCACT1668463
1712,"New Game","Black Math",160,12A,49,2026-04-05,03:30,41,"","New Game",2019-06-21,58,28,0,42,0,50,-8,C♯/D♭ Minor,4,56YNYXJI7eWgpmzPht6c77,QZ25C1700485
1713,"Strangelove","Black Math",98,9A,44,2026-04-05,04:05,43,"","New Game",2019-06-21,51,31,1,9,0,10,-9,E Minor,4,7k6hhLbsJ7ysAzBnw9AZFt,QZ25C1700497
1714,"She's Out Of Her Mind","blink-182",180,8B,97,2026-04-05,02:42,63,"pop punk, punk, rock, skate punk, emo","California (Deluxe Edition)",2016-07-01,45,0,0,61,0,40,-3,C Major,4,4vQ6z9ZL5mdcQLmbZBvXrl,QMRSZ1600237
1715,"San Diego","blink-182",158,8B,95,2026-04-05,03:12,49,"pop punk, punk, rock, skate punk, emo","California (Deluxe Edition)",2016-07-01,48,0,0,52,0,30,-4,C Major,4,2USJYiIo3g8dt9a2qzD9fG,QMRSZ1600247
1716,"Coal Makes Diamonds","Blue October",110,11B,76,2026-04-05,05:04,35,"","Home",2016-04-22,65,6,1,31,0,10,-5,A Major,4,0NpXvaqTwvHE79I31k1tMQ,USZCN1600002
1717,"Driver","Blue October",165,12A,61,2026-04-05,04:41,27,"","Home",2016-04-22,55,10,35,25,0,60,-9,C♯/D♭ Minor,4,27H08UOnOSclCklRLojBFY,USZCN1600003
1718,"We Know Where You Go","Blue October",110,8B,45,2026-04-05,04:23,26,"","Home",2016-04-22,73,23,0,43,0,10,-8,C Major,4,5q84BVjc4AMszVNivVpvU2,USZCN1600007
1719,"I Hope You're Happy","Blue October",176,8B,92,2026-04-05,03:52,35,"","I Hope You're Happy",2018-08-17,54,2,0,74,0,10,-4,C Major,4,2w82bUPpOjMzxVvKmprBhU,USZCN1800014
1720,"Spinning the Truth Around","Blue October",75,10B,62,2026-04-05,04:49,39,"","Spinning the Truth Around (Part I)",2022-10-14,46,4,0,29,0,10,-7,D Major,4,46IWtbOqhJ7N0lD3kBiVlu,USME32200419
1721,"Down Here Waiting","Blue October",150,10B,91,2026-04-05,04:23,28,"","Spinning The Truth Around (Part II)",2023-10-13,50,6,0,46,0,30,-6,D Major,4,5h1NZ13XUihD8HSJ3onZQX,USZCN2300028
1722,"The Boy Who Blocked His Own Shot","Brand New",178,2B,50,2026-04-05,04:39,53,"emo, pop punk, post-hardcore","Deja Entendu",2003-06-17,40,8,0,27,0,10,-8,F#/G♭ Major,4,3vucm39uVyuvpUWW8EFXD8,USRZR0389606
1723,"Desert","Brand New",109,6A,50,2026-04-05,03:36,35,"emo, pop punk, post-hardcore","Science Fiction",2017-08-18,72,70,0,41,0,10,-9,G Minor,4,7hOk4uDmKCbn2HZtH5dpk0,QM4U61700909
1724,"Mix Tape","Brand New",137,3B,74,2026-04-05,03:59,47,"emo, pop punk, post-hardcore","Your Favorite Weapon",2001-00-00,43,0,0,17,0,0,-5,C♯/D♭ Major,4,0VeqER57ixyKcnLsZ1zxAj,USRZR1132604
1725,"I'm a Slave 4 U","Britney Spears",110,4A,84,2026-04-05,03:23,74,"pop","Britney (Digital Deluxe Version)",2001-10-31,85,42,0,96,10,10,-4,F Minor,4,6ldwfK0yWgTAlmIfuQkTYN,USJI10100421
1726,"Womanizer","Britney Spears",139,1B,70,2026-04-05,03:44,83,"pop","Circus (Deluxe Version)",2008-12-02,72,7,0,24,0,0,-5,B Major,4,4fixebDZAVToLbUCuEloa2,USJI10800838
1727,"Circus","Britney Spears",115,11A,73,2026-04-05,03:12,81,"pop","Circus (Deluxe Version)",2008-12-02,79,15,0,76,0,0,-5,F#/G♭ Minor,4,7jk7gqyEonmVVYahZN5zhW,USJI10801081
1728,"Mmm Papi","Britney Spears",80,11A,80,2026-04-05,03:22,42,"pop","Circus (Deluxe Version)",2008-12-02,68,7,0,92,0,0,-7,F#/G♭ Minor,4,3m8sxh3LPR5crLvL7QvCgp,USJI10801330
1729,"Change Your Mind (No Seas Cortes)","Britney Spears",118,10A,69,2026-04-05,03:00,43,"pop","Glory (Deluxe)",2020-12-11,75,12,0,70,20,10,-8,B Minor,4,1rNQgve0esNYM0nOc12xoU,USRC11601493
1730,"Stomp Me Out","Bryce Fox",75,6B,74,2026-04-05,03:48,50,"","Heaven on Hold",2017-10-20,30,1,0,30,10,0,-5,A#/B♭ Major,4,3MowdPlS0Vc83w0Mywdmjx,QM24S1703904
1731,"Golden Boy","Bryce Fox",130,11B,78,2026-04-05,02:48,46,"","Strength",2022-04-08,70,0,0,62,0,20,-7,A Major,4,4QKn0rrKtijBZ1KS8W63tJ,QZGLS2189244
1732,"Bodies","Bryce Fox",88,12B,69,2026-04-05,02:22,46,"","Strength",2022-04-08,76,6,0,67,20,40,-5,E Major,4,50mqgEaWZLt1lpqVOO914A,QMEZE1949249
1733,"Fluctuate","Catfish and the Bottlemen",160,4B,89,2026-04-05,03:12,51,"indie, indie rock","The Balance",2019-04-26,41,0,0,32,0,20,-4,G#/A♭ Major,4,27xKntLxqf0HDGVdcNIkcY,GBUM71806866
1734,"Conversation","Catfish and the Bottlemen",99,1B,89,2026-04-05,03:31,52,"indie, indie rock","The Balance",2019-04-26,50,0,0,35,0,20,-4,B Major,4,21slhimb1blAmvpjq0l8rh,GBUM71806863
1735,"Mission","Catfish and the Bottlemen",128,1A,84,2026-04-05,03:43,46,"indie, indie rock","The Balance",2019-04-26,40,0,0,41,0,20,-5,G#/A♭ Minor,3,3LirkthakHFNj98PIO9oan,GBUM71806859
1736,"Coincide","Catfish and the Bottlemen",140,11A,86,2026-04-05,03:06,46,"indie, indie rock","The Balance",2019-04-26,50,0,0,44,0,30,-5,F#/G♭ Minor,4,1Au3FoCGdYXtecmFc5s2l1,GBUM71806860
1737,"Overlap","Catfish and the Bottlemen",112,3A,81,2026-04-05,03:22,47,"indie, indie rock","The Balance",2019-04-26,33,3,0,21,0,10,-5,A#/B♭ Minor,4,7jPR6AIduH9HW5ggKTipWg,GBUM71806867
1738,"Homesick","Catfish and the Bottlemen",142,3B,60,2026-04-05,02:28,59,"indie, indie rock","The Balcony",2014-09-15,70,0,1,59,10,10,-6,C♯/D♭ Major,4,7lnXzMcgaK7CnzaQ7wj6k0,GB6TW1400026
1739,"Pacifier","Catfish and the Bottlemen",148,11B,88,2026-04-05,03:57,63,"indie, indie rock","The Balcony",2014-09-15,46,0,3,34,0,10,-4,A Major,4,1rcu88dzWE5GyqtpuWvd0C,GB6TW1400028
1740,"Good Luck, Babe!","Chappell Roan",117,10A,58,2026-04-05,03:38,90,"","Good Luck, Babe!",2024-04-05,70,5,0,79,0,0,-6,B Minor,4,0WbMK4wrZ1wFSty9F7FCgu,USUG12401967
1741,"My Kink Is Karma","Chappell Roan",87,10B,60,2026-04-05,03:42,69,"","The Rise and Fall of a Midwest Princess",2023-09-22,56,1,0,42,0,10,-6,D Major,4,32fSZSbxeVoiZShMQKLc6Z,USUG12302737
1742,"Naked In Manhattan","Chappell Roan",118,3B,70,2026-04-05,03:31,74,"","The Rise and Fall of a Midwest Princess",2023-09-22,77,8,0,55,0,0,-5,C♯/D♭ Major,4,4LKYOetuIF5c9XjeLBL9av,QM24S2200264
1743,"Sugar High","Chappell Roan",108,5A,61,2026-04-05,03:39,51,"","School Nights",2017-09-22,66,6,0,40,0,30,-9,C Minor,4,1dqJRtnoU6vZj23txgerYQ,USAT21703560
1744,"It Could Be Nice","Chet Faker",131,12A,37,2026-04-05,02:52,59,"","Hotel Surrender (Expanded Edition)",2023-10-06,64,1,78,14,0,50,-10,C♯/D♭ Minor,4,1q4L3WSZSygxR2GjuFswAF,AUOXM2200458
1745,"Over You","Chet Faker",114,9B,70,2026-04-05,04:44,53,"","Over You",2026-01-22,62,7,0,14,0,30,-8,G Major,4,036QOmnlr52hgeH1WmQ5OB,AUOXM2500161
1746,"Ready to Run","The Chicks",99,9B,64,2026-04-05,03:52,59,"country","Fly",1999-08-27,64,25,0,29,0,20,-8,G Major,4,7yNTZj1ugKCeRJdSP1meOk,USSM19806736
1747,"Cowboy Take Me Away","The Chicks",164,2B,62,2026-04-05,04:51,70,"country","Fly",1999-08-27,47,37,1,46,0,10,-7,F#/G♭ Major,4,3rXCZRMiMZp0feGcYXpwYX,USSM19901550
1748,"Goodbye Earl","The Chicks",123,8B,70,2026-04-05,04:19,67,"country","Fly",1999-08-27,71,2,0,77,0,0,-7,C Major,4,7rqaqQurHzR5xHAhdm1gmM,USSM19901548
1749,"Gaslighter","The Chicks",131,10B,73,2026-04-05,03:23,52,"country","Gaslighter",2020-07-17,68,1,0,69,0,0,-7,D Major,4,4UN6sBmFTt2IqxN3IRqJT3,USSM11914959
1750,"Sleep at Night","The Chicks",98,8B,58,2026-04-05,03:12,45,"country","Gaslighter",2020-07-17,71,3,0,57,0,0,-7,C Major,4,08kXaWxw2QkXSQTlyH9GMc,USSM11914960
1751,"Not Ready to Make Nice","The Chicks",84,2B,55,2026-04-05,03:57,63,"country","Taking The Long Way",2006-05-23,43,13,0,29,0,10,-4,F#/G♭ Major,4,6LCEyZZHFF4ebF1Mike1s5,USSM10601030
1752,"No One Else (feat. Fridayy)","Chris Brown,Fridayy",120,11A,80,2026-04-05,03:43,62,"r&b, ","11:11",2023-11-10,70,6,0,29,0,10,-6,F#/G♭ Minor,4,1lYqI9WKBPsL6Hf93yT9bB,USRC12302905
1753,"Run It! (feat. Juelz Santana)","Chris Brown,Juelz Santana",101,12A,48,2026-04-05,03:49,79,"r&b, ","Chris Brown (Expanded Edition)",2005-00-00,85,2,0,21,10,30,-7,C♯/D♭ Minor,4,7xYnUQigPoIDAMPVK79NEq,USJI10500482
1754,"Gimme That","Chris Brown",87,10A,57,2026-04-05,03:06,71,"r&b","Chris Brown (Expanded Edition)",2005-00-00,68,0,0,44,0,10,-7,B Minor,4,53ETzLQQKFCzykRbqWb1ph,USJI10500721
1755,"Ain't No Way (You Won't Love Me)","Chris Brown",93,11A,59,2026-04-05,03:23,59,"r&b","Chris Brown (Expanded Edition)",2005-00-00,70,5,0,55,0,10,-8,F#/G♭ Minor,4,74rIUpem6Mzx2iNi8Fr1vM,USJI10500723
1756,"Kiss Kiss (feat. T-Pain)","Chris Brown,T-Pain",140,3A,66,2026-04-05,04:10,79,"r&b, ","Exclusive (Expanded Edition)",2007-11-06,73,5,0,55,20,0,-3,A#/B♭ Minor,3,3wKKkGVn7cVSfgPeYYIiXG,USJI10700577
1757,"Wall To Wall","Chris Brown",188,6A,54,2026-04-05,03:43,71,"r&b","Exclusive (Expanded Edition)",2007-11-06,60,0,0,58,10,10,-7,G Minor,4,5Zu4UO0QlderRYNPFkbJeO,USJI10700418
1758,"Deuces (feat. Tyga & Kevin McCall)","Chris Brown,Tyga,Kevin McCall",74,3B,74,2026-04-05,04:36,74,"r&b, ","F.A.M.E. (Expanded Edition)",2011-03-22,69,3,0,22,10,0,-5,C♯/D♭ Major,4,6wN4nT2qy3MQc098yL3Eu9,USJI11000113
1759,"Forever","Chris Brown",120,1B,82,2026-04-05,04:38,2,"r&b","Forever",2007-11-02,67,4,0,45,0,10,-4,B Major,4,7tAXHZdp9UpcYrHn7MZqfo,USJI10800113
1760,"It Depends (feat. Bryson Tiller)","Chris Brown,Bryson Tiller",136,3B,47,2026-04-05,04:31,75,"r&b, trap soul","It Depends (feat. Bryson Tiller)",2025-07-25,66,2,0,36,0,0,-8,C♯/D♭ Major,4,0t3pcqgBjuAVBgY2oEUIlH,USRC12501295
1761,"Genie In a Bottle","Christina Aguilera",176,3B,80,2026-04-05,03:37,84,"","Christina Aguilera (Expanded Edition)",1999-00-00,63,21,0,91,10,10,-7,C♯/D♭ Major,4,11mwFrKvLXCbcVGNxffGyP,USRC19900032
1762,"What a Girl Wants","Christina Aguilera",142,8B,82,2026-04-05,03:35,68,"","Christina Aguilera (Expanded Edition)",1999-00-00,75,7,0,82,10,30,-7,C Major,4,5bGmuxShUba9maPswDnhCs,USRC19901169
1763,"Fighter","Christina Aguilera",189,9A,92,2026-04-05,04:05,69,"","Stripped",2002-07-19,44,24,0,45,20,50,-1,E Minor,4,7nXq1vaZiz7PdbfojpPjW5,USRC10201072
1764,"Heavy Rotation","Ciara",132,11B,76,2026-04-05,04:08,22,"","Basic Instinct",2010-12-10,75,1,0,32,0,10,-8,A Major,4,2YYjiwYdhHGVoTy12yjuwh,USLF21000065
1765,"Yeah I Know","Ciara",95,11B,35,2026-04-05,03:44,22,"","Basic Instinct",2010-12-10,77,1,2,23,0,10,-9,A Major,4,7bluJX8mlIGJknqWB6ma53,USLF21000099
1766,"Thinkin Bout You","Ciara",107,11A,73,2026-04-05,03:48,45,"","Beauty Marks",2019-05-10,89,12,1,82,0,0,-4,F#/G♭ Minor,4,594trlRjNdTyYLwIlcDaJM,ZZOPM1900972
1767,"Keep On Lookin'","Ciara",129,10A,45,2026-04-05,03:17,24,"","Ciara",2013-07-08,86,25,0,45,30,10,-6,B Minor,4,21ovuLfg5iT583UEgeEYQb,USSM11301901
1768,"Love Sex Magic (feat. Justin Timberlake)","Ciara,Justin Timberlake",107,3B,67,2026-04-05,03:40,47,"","Fantasy Ride",2009-05-05,89,2,0,87,10,30,-5,C♯/D♭ Major,4,7xdmTEHRbgQuLR8KpRLLnn,USLF20900012
1769,"Turntables (feat. Chris Brown)","Ciara,Chris Brown",126,10B,79,2026-04-05,04:31,20,"r&b","Fantasy Ride",2009-05-05,74,1,0,49,0,0,-5,D Major,4,4RRrEIzPBeuvSumbBhmZnU,USLF20900037
1770,"Goodies (feat. Petey Pablo)","Ciara,Petey Pablo",102,4A,65,2026-04-05,03:43,70,"crunk, southern hip hop","Goodies",2004-09-27,83,3,0,87,0,30,-6,F Minor,4,3dFwpxh2yH7C7p9BGEKLVB,USLF20400041
1771,"1, 2 Step (feat. Missy Elliott)","Ciara,Missy Elliott",113,4A,51,2026-04-05,03:23,78,"hip hop","Goodies",2004-09-27,94,4,0,84,10,0,-11,F Minor,4,7uKcScNXuO3MWw6LowBjW1,USLF20400121
1772,"K.","Cigarettes After Sex",94,5B,40,2026-04-05,05:19,85,"dream pop","Cigarettes After Sex",2017-06-09,45,15,82,31,0,10,-10,D#/E♭ Major,4,2xGjfbXZnI8uQDhukoQURQ,USBQU1700031
1773,"Sweet","Cigarettes After Sex",96,2B,51,2026-04-05,04:51,84,"dream pop","Cigarettes After Sex",2017-06-09,45,36,82,11,0,10,-9,F#/G♭ Major,4,2KhrPRV0V1FS2l4eQMJUWt,USBQU1700036
1774,"Crush","Cigarettes After Sex",98,7B,51,2026-04-05,04:26,71,"dream pop","Crush",2018-07-10,40,9,79,28,0,10,-9,F Major,4,0sz1wmBpB9gKh9zFV9YMFe,USBQU1800070
1775,"Falling In Love","Cigarettes After Sex",141,9B,27,2026-04-05,04:05,73,"dream pop","Cry",2019-10-25,48,72,2,35,0,10,-12,G Major,4,3g7ngtg7xK3N9nKwAjDfH3,USBQU1900119
1776,"hometown","cleopatrick",139,6A,83,2026-04-05,04:16,22,"","the boys",2018-07-13,32,0,0,36,0,0,-4,G Minor,4,66fqQMyrd72d6MOP1X0VcY,CAI371713378
1777,"daphne did it","cleopatrick",80,7A,90,2026-04-05,03:22,20,"","the boys",2018-07-13,33,0,8,51,0,50,-3,D Minor,4,1ouo4lvDwYMFMWhwgow0qT,CAI371713379
1778,"youth","cleopatrick",95,6A,83,2026-04-05,04:03,21,"","the boys",2018-07-13,48,0,2,39,0,50,-4,G Minor,4,1UQEKAoPYsELFcnYJyBBDe,CAI371713382
1779,"THE DRAKE","cleopatrick",130,2B,87,2026-04-05,03:25,43,"","BUMMER",2021-06-04,38,0,85,30,0,90,-7,F#/G♭ Major,4,1PR3mIMfVdDBvj7CfHQCyG,CAJXF2100001
1780,"NOW ZERO","cleopatrick",132,8B,87,2026-04-05,03:23,41,"","SCRAP",2025-12-05,60,0,43,72,0,20,-6,C Major,4,0Zkmnr4CuY2HY133dSVCqA,CAJXF2500031
1781,"Yellow","Coldplay",173,1B,66,2026-04-05,04:26,91,"","Parachutes",2000-07-10,43,0,0,28,0,20,-7,B Major,4,3AJwUDP919kvQ9QcozQPxg,GBAYE0000267
1782,"Viva La Vida","Coldplay",138,4A,62,2026-04-05,04:02,89,"","Viva La Vida or Death and All His Friends",2008-06-06,49,10,0,42,0,10,-7,F Minor,4,1mea3bSkSGXuIRvnydlB5b,GBAYE0800265
1783,"Vindicated","Dashboard Confessional",86,5B,81,2026-04-05,03:21,57,"emo, pop punk","Dusk And Summer",2007-01-01,51,3,0,32,0,0,-3,D#/E♭ Major,4,2elN12zz0lo1GXjRCGhAmC,USVR90400024
1784,"Ghost Of A Good Thing","Dashboard Confessional",82,8B,29,2026-04-05,03:44,0,"emo, pop punk","A Mark, A Mission, A Brand, A Scar",2003-01-01,73,80,0,32,0,0,-8,C Major,4,6BbOlYFXUxEIXGHJcIkvme,USVR90338119
1785,"Several Ways To Die Trying","Dashboard Confessional",163,5B,67,2026-04-05,06:07,0,"emo, pop punk","A Mark, A Mission, A Brand, A Scar",2003-01-01,43,0,0,25,0,0,-6,D#/E♭ Major,4,2e2s5cr2Xo2jJgnbkBGIdN,USVR90338126
1786,"The Brilliant Dance","Dashboard Confessional",115,2B,34,2026-04-05,03:02,37,"emo, pop punk","The Places You Have Come to Fear the Most",2001-03-20,39,50,0,19,0,10,-9,F#/G♭ Major,4,7t6x9vuduNyDSZ2EhZXAzq,USVR90235401
1787,"The Widow's Peak","Dashboard Confessional",78,4B,57,2026-04-05,02:58,0,"emo, pop punk","The Shade of Poison Trees",2007-10-02,50,25,0,40,0,10,-7,G#/A♭ Major,4,55XSKEeXqVeYK5og1sseUT,USVR90747712
1788,"Candles","Daughter",155,2B,45,2026-04-05,04:53,46,"","His Young Heart",2012-01-01,40,21,0,17,0,0,-12,F#/G♭ Major,4,0jraO2dcqNVamQ4drjDt4l,USYAH1200343
1789,"A Hole In the Earth","Daughter",85,8B,56,2026-04-05,04:41,37,"","Music from Before the Storm",2017-09-01,42,89,5,18,0,10,-8,C Major,4,4h8lzQfFJdA6YrWxTcEi0H,GBAFL1700298
1790,"New Ways","Daughter",114,10B,51,2026-04-05,05:25,34,"","Not to Disappear",2016-01-15,45,35,58,14,0,30,-8,D Major,4,604UjnLgShAjVZhq0ingCg,GBAFL1500134
1791,"Medicine","Daughter",78,5B,30,2026-04-05,04:18,63,"","Wild Youth",2012-01-01,17,11,21,21,0,50,-12,D#/E♭ Major,5,6Qof5yPOxcKfCAZaZMtZ70,USYAH1200346
1792,"Love","Daughter",134,12B,44,2026-04-05,05:44,38,"","Wild Youth",2012-01-01,56,33,68,14,0,0,-13,E Major,4,7kMS4VmGZAf38sZfsDQQIE,USYAH1200348
1793,"You Are a Tourist","Death Cab for Cutie",95,10B,87,2026-04-05,04:46,51,"","Codes and Keys",2011-05-27,57,0,14,66,0,20,-8,D Major,4,2bD1AW4yqiCurGCva6r88a,USAT21100467
1794,"Monday Morning","Death Cab for Cutie",113,11B,77,2026-04-05,04:18,38,"","Codes and Keys",2011-05-27,64,4,0,66,0,0,-9,A Major,4,0b16PJlDwSaBPqM9uyyujg,USAT21100673
1795,"I Will Possess Your Heart - Radio Edit","Death Cab for Cutie",133,9B,58,2026-04-05,04:50,41,"","Narrow Stairs",2008-05-09,62,37,2,73,0,0,-10,G Major,4,18NiQTTgXClfhnYMPKUJZT,USAT20801841
1796,"Your Heart Is an Empty Room","Death Cab for Cutie",112,8B,62,2026-04-05,03:39,41,"","Plans",2005-08-29,57,9,0,40,0,0,-9,C Major,4,4QJ9qzD7PHDET2bwlOxXyO,USAT20504683
1797,"I Dreamt We Spoke Again","Death Cab for Cutie",119,8A,71,2026-04-05,03:04,43,"","Thank You for Today",2018-08-17,71,28,1,45,0,10,-6,A Minor,4,6TRQPx5Z0YZ0pCQX7JbtlS,USAT21802564
1798,"Title and Registration","Death Cab for Cutie",116,11B,55,2026-04-05,03:39,59,"","Transatlanticism (10th Anniversary Edition)",2003-00-00,75,35,8,72,0,10,-10,A Major,4,0COWVvFfJ7sPNI8CIS6TU7,USBS50310281
1799,"The Sound of Settling","Death Cab for Cutie",175,2B,76,2026-04-05,02:12,52,"","Transatlanticism (10th Anniversary Edition)",2003-00-00,42,1,0,77,0,20,-7,F#/G♭ Major,4,6VKAWqNzAMo3m82rqV5BMR,USBS50310283
1800,"Couldn't Tell","Dermot Kennedy",102,1B,54,2026-04-05,04:16,41,"","Mike Dean Presents: Dermot Kennedy",2018-04-06,62,12,0,16,0,10,-7,B Major,4,2MrpbWnnAvCrFPyGaosJ8y,USUG11800530
1801,"Moments Passed","Dermot Kennedy",120,8A,72,2026-04-05,04:31,40,"","Without Fear",2019-10-04,38,5,0,42,0,10,-7,A Minor,4,2iE8Ymbdcm9AEniaxSFcbL,USUM71709474
1802,"Lost","Dermot Kennedy",139,6A,71,2026-04-05,03:44,53,"","Without Fear",2019-10-04,57,33,0,53,0,10,-6,G Minor,4,0QrUw86ZKRgNGGgrvC5yC5,USUG11802832
1803,"Rome","Dermot Kennedy",103,4B,54,2026-04-05,03:22,60,"","Without Fear",2019-10-04,49,51,0,13,0,10,-6,G#/A♭ Major,4,2ZwihAP8zB5XX1CmYIOBbF,USUG11901866
1804,"Here With Me","Dido",83,10A,58,2026-04-05,04:15,76,"","No Angel",1999-00-00,56,11,0,33,0,0,-8,B Minor,4,4xFxK0FXmNlUDRgCaIQCVn,USAR19900244
1805,"Closer","Elderbrook",120,7A,47,2026-04-05,04:04,0,"","Closer",2016-09-02,76,54,63,22,0,0,-10,D Minor,4,4LKeqetwwD5v72sSrMv72X,GBKPL1670098
1806,"Inner Light","Elderbrook,Bob Moses",121,12B,71,2026-04-05,04:17,70,"","Inner Light",2021-07-30,65,0,1,13,0,0,-8,E Major,4,40tPP3K10yMZxwnT65REKj,GBAYE2100859
1807,"Numb","Elderbrook",120,5A,48,2026-04-05,03:50,56,"","Numb",2020-03-06,77,31,8,19,0,0,-10,C Minor,4,7rBpjxstrSsuOLqnuOC028,GBAYE2000105
1808,"Old Friend","Elderbrook",122,5B,66,2026-04-05,03:19,46,"","Old Friend",2018-11-27,87,18,1,36,0,10,-7,D#/E♭ Major,4,7l1NMHXBISVLarwGyfgmFP,GBAYE1801203
1809,"Bird Song","Elderbrook",120,8B,39,2026-04-05,03:16,56,"","Old Friend",2018-11-27,88,61,13,26,0,10,-12,C Major,4,51Wao8QZ4Fv4zamKbRnKQd,GBAYE1801204
1810,"Sleepwalking","Elderbrook",122,11A,58,2026-04-05,03:05,39,"","Sleepwalking",2018-05-24,83,1,1,79,0,10,-8,F#/G♭ Minor,4,50Lf1pAMJqgnERsUK1hzG6,GBAYE1800488
1811,"Something About You (with Rudimental) - Chill Mix","Elderbrook,Rudimental",106,11A,52,2026-04-05,02:46,62,"","Something About You (with Rudimental) [Alternate Versions]",2019-10-04,80,37,0,44,10,10,-8,F#/G♭ Minor,4,6sgqf4wXFWSAmjL1TEXNvZ,GBAYE1901212
1812,"Woman","Elderbrook",90,4A,40,2026-04-05,03:12,0,"","Talking",2017-09-01,84,1,1,63,40,50,-9,F Minor,4,2MDHlZxxTdqZkYcDBSAg0I,GBKPL1784352
1813,"Talking","Elderbrook",115,4B,57,2026-04-05,03:22,0,"","Talking",2017-09-01,90,9,64,42,0,10,-10,G#/A♭ Major,4,6uQe7SVjdDlRqDRAi0qnKg,GBKPL1784353
1814,"Put It Down","Elderbrook",78,10A,48,2026-04-05,03:02,0,"","Talking",2017-09-01,59,25,10,39,30,20,-10,B Minor,4,5Gly7ucJofe02l9D6TwFT7,GBKPL1784354
1815,"Feels Like a Sunday","Elderbrook",82,9B,22,2026-04-05,02:28,0,"","Talking",2017-09-01,51,62,2,28,10,10,-12,G Major,5,1ejVZdZLqAsDjdq3fFzaeH,GBKPL1784356
1816,"Heartbreak Hotel","Elvis Presley",94,12B,21,2026-04-05,02:10,57,"rockabilly, rock and roll","Elvis' Golden Records",1958-03-21,70,84,0,72,0,10,-12,E Major,4,6xNwKNYZcvgV3XTIwsgNio,USRC15602846
1817,"Lose Yourself","Eminem",171,10B,74,2026-04-05,05:20,56,"rap, hip hop","8 Mile (Music From And Inspired By The Motion Picture)",2002-10-29,68,1,0,6,20,20,-5,D Major,4,6GkTKjv1XbFVdI2D8vvDPu,USIR10211559
1818,"Without Me","Eminem",112,9B,67,2026-04-05,04:50,89,"rap, hip hop","The Eminem Show",2002-05-26,91,0,0,66,0,20,-3,G Major,4,7lQ8MOhq6IN2w8EYcFNSUk,USIR10211038
1819,"Mockingbird","Eminem",84,8B,68,2026-04-05,04:10,87,"rap, hip hop","Encore (Deluxe Version)",2004-11-12,64,21,0,25,20,10,-4,C Major,4,561jH07mF1jHuk7KlaeF0s,USIR10400813
1820,"The Real Slim Shady","Eminem",105,4A,66,2026-04-05,04:44,86,"rap, hip hop","The Marshall Mathers LP",2000-05-23,95,3,0,76,0,0,-4,F Minor,4,3yfqSUWxFvZELEM4PmlwIR,USIR10000448
1821,"Legacy","Eminem",164,8A,90,2026-04-05,04:56,57,"rap, hip hop","The Marshall Mathers LP2 (Deluxe)",2013-11-05,66,28,0,53,40,20,-4,A Minor,4,1mavQ4WCzXSeL2Dm5DS4GQ,USUM71314077
1822,"Marsh","Eminem",145,3B,49,2026-04-05,03:20,52,"rap, hip hop","Music To Be Murdered By",2020-01-17,87,1,0,5,20,30,-6,C♯/D♭ Major,4,34d7sGX6WUqq8f04e7CSNF,USUM72000794
1823,"Not Afraid","Eminem",115,5A,95,2026-04-05,04:08,52,"rap, hip hop","Recovery (Deluxe Edition)",2010-06-21,86,53,0,68,20,20,-1,C Minor,5,6l75Og7UcnKVqM14tGhjD6,USUM71011769
1824,"Space Bound","Eminem",142,8B,89,2026-04-05,04:38,45,"rap, hip hop","Recovery (Deluxe Edition)",2010-06-21,67,4,0,50,10,40,-3,C Major,4,35kN1wEPub5ysY8q4fKK2h,USUM71015395
1825,"25 To Life","Eminem",80,1A,93,2026-04-05,04:01,41,"rap, hip hop","Recovery (Deluxe Edition)",2010-06-21,70,24,0,36,20,10,-1,G#/A♭ Minor,4,0s8QjCX2PHZU0OkJAwUAep,USUM71015420
1826,"Beautiful","Eminem",132,4A,70,2026-04-05,06:32,73,"rap, hip hop","Relapse: Refill",2009-05-15,73,25,0,47,0,0,-4,F Minor,4,1HR2CTi0ytRJIcik1QKdOa,USUM70964089
1827,"My Name Is","Eminem",86,3B,68,2026-04-05,04:28,75,"rap, hip hop","The Slim Shady LP",1999-02-23,87,4,0,82,30,0,-6,C♯/D♭ Major,4,75IN3CtuZwTHTnZvYM4qnJ,USIR19902059
1828,"Not In Love","Enrique Iglesias",117,5A,93,2026-04-05,03:42,30,"latin pop, latin","7",2003-00-00,75,1,0,85,0,0,-4,C Minor,4,2AK3dco5MkBUMeG8iVI5iY,USIR10312451
1829,"California Callin'","Enrique Iglesias",124,2A,90,2026-04-05,03:48,25,"latin pop, latin","7",2003-00-00,57,1,0,47,0,30,-4,D#/E♭ Minor,4,5pf1ZzUE1v0de2oYegaQur,USIR10312454
1830,"Wish You Were Here (With Me)","Enrique Iglesias",80,6B,75,2026-04-05,04:13,22,"latin pop, latin","7",2003-00-00,56,36,1,61,0,20,-7,A#/B♭ Major,4,7cENWvgZh2qxgCs2U4clxK,USIR10312458
1831,"Roamer","Enrique Iglesias",76,4B,72,2026-04-05,03:56,23,"latin pop, latin","7",2003-00-00,61,1,3,44,0,20,-4,G#/A♭ Major,4,4G0wdZ2eeEPZInkXvsJti8,USIR10312460
1832,"Be With You","Enrique Iglesias",122,12A,87,2026-04-05,03:39,61,"latin pop, latin","Enrique",1999-11-23,68,4,0,54,0,0,-5,C♯/D♭ Minor,4,2N4viTG9njqCa4c46YyWs1,USIR19915199
1833,"Sad Eyes","Enrique Iglesias",115,5B,90,2026-04-05,04:08,41,"latin pop, latin","Enrique",1999-11-23,60,14,0,62,0,30,-5,D#/E♭ Major,4,0ds5D8mJ5K2jOxCdKFJHEb,USIR19915201
1834,"You're My #1","Enrique Iglesias",77,4B,67,2026-04-05,04:29,48,"latin pop, latin","Enrique",1999-11-23,52,62,0,27,0,10,-5,G#/A♭ Major,3,5VhXqCxPUfpCpJT00cuQtR,USIR19915204
1835,"Don't Turn Off The Lights","Enrique Iglesias",103,9B,85,2026-04-05,03:47,23,"latin pop, latin","Escape",2001-01-01,77,1,0,20,0,0,-4,G Major,4,5L5ErMQqrAoVrGdENv4tkR,USIR10120226
1836,"Maybe","Enrique Iglesias",91,2B,79,2026-04-05,03:14,17,"latin pop, latin","Escape",2001-01-01,51,38,0,44,0,10,-4,F#/G♭ Major,4,2oPrurrsBCgisi9kgTxmUk,USIR10120233
1837,"She Be The One","Enrique Iglesias",94,3B,91,2026-04-05,03:36,14,"latin pop, latin","Escape",2001-01-01,72,4,0,90,0,0,-4,C♯/D♭ Major,4,4iP1G3D7kCHX894pJHJQ6w,USIR10120236
1838,"Ring My Bells","Enrique Iglesias",115,11A,63,2026-04-05,03:55,58,"latin pop, latin","Insomniac (Deluxe Edition)",2007-00-00,82,11,0,43,0,0,-7,F#/G♭ Minor,4,1boXlVWALXZuKRlClpuA43,USUM70734408
1839,"Tired Of Being Sorry","Enrique Iglesias",120,5A,72,2026-04-05,04:01,56,"latin pop, latin","Insomniac (Deluxe Edition)",2007-00-00,71,6,0,62,0,30,-6,C Minor,4,3yUvfB6cV1f4G3zo3f8qq7,USUM70734411
1840,"Miss You","Enrique Iglesias",96,6A,75,2026-04-05,03:21,37,"latin pop, latin","Insomniac (Deluxe Edition)",2007-00-00,65,15,1,66,0,20,-7,G Minor,4,5f8BqT9X48qjj9ztUSh1YX,USUM70734413
1841,"Haunted","Evanescence",156,9A,86,2026-04-05,03:05,65,"alternative metal","Fallen",2003-03-04,36,1,0,16,0,10,-5,E Minor,4,6Z77oDcn6iI1MHFCBPjl24,USWU30200109
1842,"Tourniquet","Evanescence",99,9A,90,2026-04-05,04:38,69,"alternative metal","Fallen",2003-03-04,20,1,1,14,0,30,-6,E Minor,4,46fyLy4W9HhAkcb67kLaAV,USWU30200115
1843,"Taking Over Me","Evanescence",90,8A,80,2026-04-05,03:48,64,"alternative metal","Fallen",2003-03-04,48,1,0,40,0,10,-6,A Minor,4,5j7gLuOsBOyqooruGxX4nx,USWU30200114
1844,"Only If For A Night","Florence + The Machine",80,8A,74,2026-04-05,04:58,47,"baroque pop","Ceremonials (Deluxe Edition)",2011-01-01,48,4,0,39,0,0,-6,A Minor,4,3I4wuL82QeU3IR518TuV33,GBUM71107358
1845,"No Light, No Light","Florence + The Machine",132,8B,76,2026-04-05,04:34,53,"baroque pop","Ceremonials (Deluxe Edition)",2011-01-01,43,1,0,16,0,40,-6,C Major,4,5nkYDYUSb1bvLJ4nP8CnQ1,GBUM71107581
1846,"Spectrum (Say My Name)","Florence + The Machine",123,10A,87,2026-04-05,05:11,54,"baroque pop","Ceremonials (Deluxe Edition)",2011-01-01,57,8,0,11,0,10,-6,B Minor,4,7k5Yq1u7BjrhlmX13cyf0m,GBUM71107576
1847,"Dream Girl Evil","Florence + The Machine",83,8B,71,2026-04-05,03:47,60,"baroque pop","Dance Fever",2022-05-13,55,1,0,26,0,10,-7,C Major,4,7GtOjSSp5Qyi3gNbNDZgja,GBUM72108019
1848,"What Kind Of Man","Florence + The Machine",115,10A,64,2026-04-05,03:36,38,"baroque pop","How Big, How Blue, How Beautiful",2015-06-01,31,2,0,22,0,10,-5,B Minor,4,2ZE1EiHnmtdiv9KAJTGeRq,GBUM71500289
1849,"Make Up Your Mind","Florence + The Machine",133,5A,79,2026-04-05,04:01,54,"baroque pop","How Big, How Blue, How Beautiful (Deluxe)",2015-05-29,62,1,0,51,0,30,-7,C Minor,4,3AiXzUyFAFZVBGVAADPN5a,GBUM71500293
1850,"Elevator (feat. Timbaland)","Flo Rida,Timbaland",120,11A,87,2026-04-05,03:49,56,"","Mail on Sunday",2008-03-17,81,11,0,47,0,20,-6,F#/G♭ Minor,4,44AtutBMMWw14r9CkZ0wna,USAT20800943
1851,"Roll (feat. Sean Kingston)","Flo Rida,Sean Kingston",85,3A,61,2026-04-05,03:59,47,"","Mail on Sunday",2008-03-17,77,13,0,56,20,0,-7,A#/B♭ Minor,4,02cO8JBZT4Rx5BJ1qbe2uh,USAT20801438
1852,"Low (feat. T-Pain)","Flo Rida,T-Pain",128,3A,61,2026-04-05,03:51,87,"","Mail on Sunday",2008-03-17,92,9,0,30,0,10,-6,A#/B♭ Minor,4,0CAfXk7DXMnon4gLudAp7J,USAT20705841
1853,"In the Ayer (feat. will.I.am)","Flo Rida,will.i.am",126,4A,75,2026-04-05,03:40,62,"","Mail on Sunday",2008-03-17,83,0,0,65,0,20,-6,F Minor,4,6RpiAj9Ofv0Uqp6n2OuRoh,USAT20801524
1854,"Shone (feat. Pleasure P)","Flo Rida,Pleasure P",150,9B,73,2026-04-05,04:13,12,"","R.O.O.T.S. (Route of Overcoming the Struggle)",2009-03-23,64,1,0,30,20,10,-7,G Major,4,2BYe7jRQzZfNupiDIQLQ1b,USAT20900241
1855,"Caffeine","Foreign Air",95,3B,63,2026-04-05,03:05,0,"","Caffeine",2016-12-16,63,5,0,42,0,10,-6,C♯/D♭ Major,4,61b8dII0C3ybIRdQY6dl3d,TCACU1677482
1856,"In the Shadows","Foreign Air",116,8B,76,2026-04-05,03:53,52,"","For the Light",2016-09-23,60,15,86,15,0,10,-8,C Major,4,20TYc2OwFNxPVFRT2LYmZH,TCACL1669361
1857,"Monsters","Foreign Air",90,8A,67,2026-04-05,03:44,0,"","Good Morning Stranger",2020-10-16,55,1,0,17,0,10,-5,A Minor,4,1YsPiKqxgsQjp1KR4Anhlp,QM6P42020691
1858,"Illusion","Foreign Air",84,1A,59,2026-04-05,03:03,20,"","Good Morning Stranger",2020-10-16,56,0,0,56,0,20,-5,G#/A♭ Minor,4,5lZJxYTRlmSP7DTvcHRfbE,QM4TW2094995
1859,"Blue Days","Foreign Air",133,6B,59,2026-04-05,03:43,45,"","Hello Sunshine",2022-09-09,49,32,0,30,0,0,-5,A#/B♭ Major,4,7M9o8UDCmllnx7k4xlMckn,CAN112200736
1860,"Running Through You","Foreign Air",98,3A,61,2026-04-05,03:00,36,"","Hello Sunshine",2022-09-09,57,1,0,35,0,10,-6,A#/B♭ Minor,4,3IKQE65L4pPqfRMA0tYOfY,CAN112200737
1861,"Your Touch","Foreign Air",162,9A,75,2026-04-05,03:45,51,"","Hello Sunshine",2022-09-09,56,1,1,28,0,0,-6,E Minor,4,5dS9u36myZ35YBrhgqAIle,CAN112100392
1862,"The Madness","Foreign Air",100,9A,66,2026-04-05,03:08,45,"","The Madness",2021-10-22,48,8,0,7,0,10,-6,E Minor,4,3oXoI6uRSGpcKCviBCXl1L,CAN112100671
1863,"Feels Like Nothing","Foreign Air",128,6A,35,2026-04-05,02:41,6,"","Smile",2025-05-02,40,3,0,38,0,30,-9,G Minor,4,0fN8Symx2jOXpOAqrW6otf,CAN112500288
1864,"What's Wrong?","Foreign Air",176,6B,72,2026-04-05,03:21,5,"","Smile",2025-05-02,31,2,1,30,0,0,-8,A#/B♭ Major,4,4wFXTN7ADsBxIyJfzvaHGf,CAN112402441
1865,"The Therapist","Foreign Air",92,9A,85,2026-04-05,03:01,0,"","The Therapist",2019-03-22,60,8,0,37,0,0,-4,E Minor,4,00aEvruq9NQRUzYMn1rEPs,TCAED1921148
1866,"Wake Me Up","Foreign Air",178,3A,92,2026-04-05,03:42,0,"","Wake Me Up",2019-02-01,23,1,47,31,0,10,-5,A#/B♭ Minor,3,0ionYKqaYZPg9FSwPlqqmr,SE5VF1900302
1867,"Same Old Song And Dance - 1998 Digital Remaster","Frank Sinatra",103,5A,32,2026-04-05,02:52,30,"christmas, big band, adult standards, swing music, jazz, vocal jazz","Come Dance With Me! (Remastered)",1959-00-00,58,51,0,69,0,30,-11,C Minor,4,2oBLwM6nzRhYQ31Ye8rDO4,USCA29800098
1868,"My Way Of Life","Frank Sinatra",89,3A,33,2026-04-05,03:07,67,"christmas, big band, adult standards, swing music, jazz, vocal jazz","Cycles",1968-11,32,54,0,70,0,60,-14,A#/B♭ Minor,4,0Sc8AsDTBeZFWg8K9tMARE,USRH10801027
1869,"The Best Is Yet To Come - 2008 Remastered","Frank Sinatra,Count Basie",109,4B,34,2026-04-05,02:55,48,"christmas, big band, adult standards, swing music, jazz, vocal jazz","Nothing But The Best (2008 Remastered)",2008-05-13,67,48,0,51,0,0,-10,G#/A♭ Major,3,0mF3Ysmjl4QluLh4sZVnzf,USRH10723023
1870,"Luck Be A Lady - 2008 Remastered","Frank Sinatra",152,4B,57,2026-04-05,05:14,48,"christmas, big band, adult standards, swing music, jazz, vocal jazz","Nothing But The Best (2008 Remastered)",2008-05-13,41,55,0,52,0,10,-8,G#/A♭ Major,4,46VnIazlvGD1jyy1IygMqz,USRH10723025
1871,"Summer Wind - 2008 Remastered","Frank Sinatra",89,6A,41,2026-04-05,02:55,49,"christmas, big band, adult standards, swing music, jazz, vocal jazz","Nothing But The Best (2008 Remastered)",2008-05-13,42,37,0,56,0,10,-9,G Minor,4,2vXVfpRRCin0m7b26He4aw,USRH10723030
1872,"My Way - 2008 Remastered","Frank Sinatra",151,10B,43,2026-04-05,04:36,73,"christmas, big band, adult standards, swing music, jazz, vocal jazz","Nothing But The Best (2008 Remastered)",2008-05-13,28,35,0,24,0,10,-9,D Major,4,2YkIDPL5lGhRhomCq4S2RO,USRH10723041
1873,"Theme From New York, New York - 2008 Remastered","Frank Sinatra",108,9B,50,2026-04-05,03:24,69,"christmas, big band, adult standards, swing music, jazz, vocal jazz","Nothing But The Best (2008 Remastered)",2008-05-13,36,59,0,55,0,20,-7,G Major,4,0K2WjMLZYr09LKwurGRYRE,USRH10723042
1874,"Learnin' The Blues","Frank Sinatra",127,11B,42,2026-04-05,03:01,34,"christmas, big band, adult standards, swing music, jazz, vocal jazz","Platinum",2023-10-27,48,65,0,58,0,0,-6,A Major,4,0o4RY6TciAfnJh9fhEime2,USCA20902783
1875,"Witchcraft","Frank Sinatra",116,8B,35,2026-04-05,02:53,39,"christmas, big band, adult standards, swing music, jazz, vocal jazz","Platinum",2023-10-27,50,61,0,38,0,10,-7,C Major,4,7HH8xXMzlPp5BRVqySUVbl,USCA29901320
1876,"Strangers In The Night","Frank Sinatra",90,7B,47,2026-04-05,02:37,74,"christmas, big band, adult standards, swing music, jazz, vocal jazz","Strangers In The Night (Expanded Edition)",1966-05,26,59,0,54,0,20,-8,F Major,4,74VR3AkGPhbYXnxcOYa16x,USRH10800935
1877,"Absolute","The Fray",141,5B,84,2026-04-05,03:47,43,"","The Fray",2009-02-02,41,3,0,50,0,20,-6,D#/E♭ Major,4,6sSDEFMeyf16WRDLRCXwTc,USSM10804487
1878,"Say When","The Fray",153,11A,68,2026-04-05,05:01,52,"","The Fray",2009-02-02,47,15,0,30,0,10,-6,F#/G♭ Minor,4,3lqrCvTI9YRt62FR5JSTom,USSM10805069
1879,"Our Last Days","The Fray",127,5A,81,2026-04-05,03:39,38,"","Helios",2014-02-24,56,0,0,34,0,0,-5,C Minor,4,6xphDvC3ctr99cgNFKErB4,USSM11307083
1880,"Wherever This Goes","The Fray",87,1B,65,2026-04-05,03:38,34,"","Helios",2014-02-24,55,4,0,39,0,0,-5,B Major,4,2QDpeww0UVRnXZlGIISkC4,USSM11307085
1881,"Over My Head (Cable Car)","The Fray",116,4B,73,2026-04-05,03:56,74,"","How To Save A Life",2005-09-13,59,2,0,71,0,0,-4,G#/A♭ Major,4,1N62wozuHCvczCkY4QidpP,USSM10502369
1882,"How to Save a Life","The Fray",122,6B,74,2026-04-05,04:22,85,"","How To Save A Life",2005-09-13,64,27,0,36,0,10,-4,A#/B♭ Major,4,5fVZC9GiM4e8vu99W0Xf6J,USSM10601178
1883,"All at Once","The Fray",134,1B,86,2026-04-05,03:47,53,"","How To Save A Life",2005-09-13,50,2,0,51,0,0,-3,B Major,4,40NUp6VJswDOlGp63Pxybe,USSM10503840
1884,"Heaven Forbid","The Fray",98,1A,76,2026-04-05,04:00,46,"","How To Save A Life",2005-09-13,54,6,0,31,0,10,-5,G#/A♭ Minor,4,2x8aFYMNPezraBxfjxnQEP,USSM10503842
1885,"Look After You","The Fray",78,11A,59,2026-04-05,04:26,81,"","How To Save A Life",2005-09-13,45,6,0,28,0,10,-3,F#/G♭ Minor,4,5l6hpyTGBK0LAAxgPnqTQL,USSM10503843
1886,"Trust Me","The Fray",107,12B,53,2026-04-05,03:22,44,"","How To Save A Life",2005-09-13,54,25,0,22,0,20,-6,E Major,4,66CtVHzbUyFKbaNaPA8KBl,USSM10503848
1887,"Million Miles","Fuel",94,3A,80,2026-04-05,03:51,46,"post-grunge","Natural Selection",2003-09-23,39,0,7,18,0,10,-6,A#/B♭ Minor,4,4VoJ4CJ76W0R5kwPAo4r5h,USSM10309430
1888,"Falls On Me","Fuel",164,8A,80,2026-04-05,04:14,56,"post-grunge","Natural Selection",2003-09-23,32,0,11,18,0,10,-7,A Minor,4,7CIzpZaeeNCtJDi1nqEDXb,USSM10308960
1889,"These Things","Fuel",120,1A,62,2026-04-05,04:57,26,"post-grunge","Natural Selection",2003-09-23,39,0,23,29,0,10,-7,G#/A♭ Minor,4,7xgRurvaLwTMdgCXrivL1X,USSM10309431
1890,"Running Away","Fuel",208,6A,75,2026-04-05,04:54,31,"post-grunge","Natural Selection",2003-09-23,19,0,11,12,0,10,-8,G Minor,4,3S4FiY3cAqQyXH2joxbjSt,USSM10309437
1891,"Most Of All","Fuel",127,10B,75,2026-04-05,04:14,30,"post-grunge","Natural Selection",2003-09-23,61,0,14,48,0,0,-7,D Major,4,2h5bz3snLAvbXJhMIrTmSY,USSM10309432
1892,"Hemorrhage (In My Hands)","Fuel",152,3B,82,2026-04-05,03:56,73,"post-grunge","Something Like Human",2000-09-19,30,0,0,37,0,0,-4,C♯/D♭ Major,4,1sjrDQXqAa9V07FjKIlAQ4,USSM10011620
1893,"Shimmer","Fuel",115,9A,80,2026-04-05,03:34,70,"post-grunge","Sunburn",1997-00-00,48,0,0,43,0,10,-6,E Minor,4,74KI6d8jEM2zwOAo3luayU,USSM19702935
1894,"Sunburn","Fuel",94,9A,79,2026-04-05,04:23,55,"post-grunge","Sunburn",1997-00-00,50,0,0,55,0,0,-7,E Minor,4,35EXxM1zE4eg2G6f3PSle4,USSM19702941
1895,"Never Call Again","Gavin Adcock",142,9B,55,2026-04-05,02:55,65,"country, red dirt","Own Worst Enemy",2025-08-15,70,44,0,50,0,20,-5,G Major,4,3oBcE3f0ci42Qmgraj1SId,USWB12500605
1896,"Last One To Know","Gavin Adcock",102,4B,66,2026-04-05,02:57,78,"country, red dirt","Own Worst Enemy",2025-08-15,78,30,0,58,0,10,-6,G#/A♭ Major,4,4JAmBKnHyq2avqNvJ81Mao,USWB12501646
1897,"If I Can't Have You","Gavin Adcock",128,4A,52,2026-04-05,02:54,44,"country, red dirt","Own Worst Enemy",2025-08-15,52,2,0,56,0,10,-5,F Minor,3,1o73AfxNYXf2MSzl7LEtxG,USWB12502017
1898,"Invisible Touch - 2007 Remaster","Genesis",131,8B,93,2026-04-05,03:28,76,"progressive rock, art rock","Invisible Touch (2007 Remaster)",1986-06-09,62,19,0,85,0,10,-7,C Major,4,0xpBr84T3FTm9j4D1MdPtk,GBAAA0700779
1899,"In Too Deep - 2007 Remaster","Genesis",104,4B,42,2026-04-05,05:02,70,"progressive rock, art rock","Invisible Touch (2007 Remaster)",1986-06-09,67,50,0,30,0,10,-10,G#/A♭ Major,4,4P0uyibZjcXZLVeNOHBd8Q,GBAAA0700782
1900,"I Don't Wanna Talk (I Just Wanna Dance)","Glass Animals",132,9B,62,2026-04-05,03:15,64,"","Dreamland (+ Bonus Levels)",2021-09-09,70,2,0,81,0,30,-6,G Major,4,6IbCvfmmICEEAyDwQ9zcbt,GBUM72105458
1901,"Holiest","Glass Animals,Tei Shi",132,4A,63,2026-04-05,03:21,50,"art pop","Gooey",2014-04-04,51,4,0,50,0,10,-8,F Minor,4,5Ut5dDKfBUCMsWQbc3Lgyi,GB2DY1400006
1902,"Take A Slice","Glass Animals",152,11B,66,2026-04-05,03:49,77,"","How To Be A Human Being",2016-08-26,62,2,0,63,10,20,-7,A Major,4,37adYGaYaAWTGhBaOzX4Fh,GB2DY1600027
1903,"A Tear in Space (Airlock)","Glass Animals",93,8A,59,2026-04-05,03:23,68,"","I Love You So F***ing Much",2024-07-19,71,31,0,50,0,0,-7,A Minor,4,6l6XVeeoTe3ggya4fLY8l8,GBUM72400788
1904,"Black Mambo","Glass Animals",80,5A,41,2026-04-05,04:08,43,"","ZABA (Deluxe)",2014-06-06,68,30,0,30,0,10,-11,C Minor,4,7bfjVe06NIMNzE9G2cO5fO,GBUM71303835
1905,"Pools","Glass Animals",105,8B,62,2026-04-05,04:48,40,"","ZABA (Deluxe)",2014-06-06,68,16,0,21,0,10,-9,C Major,4,0pQjNxCnSkcIOzdJtI8DBR,GB2DY1400009
1906,"Gooey","Glass Animals",183,10A,38,2026-04-05,04:49,44,"","ZABA (Deluxe)",2014-06-06,49,76,0,11,0,0,-14,B Minor,4,68ClfNyV71AjdTfGIyu4Gx,GBUM71400655
1907,"Goldie Montana","Goldie Boutilier",125,10B,77,2026-04-05,04:05,52,"","Goldie Boutilier Presents... Goldie Montana",2025-09-05,68,9,0,60,0,10,-8,D Major,4,6AdDi9540EEHZEfEMqWqUL,CANBU2510332
1908,"Black Balloon","The Goo Goo Dolls",105,3B,63,2026-04-05,04:09,69,"","Dizzy up the Girl",1998-00-00,34,6,0,33,0,20,-9,C♯/D♭ Major,4,5zmaypMaWb21FUGBxbw8hT,USWB19800785
1909,"Stay with You","The Goo Goo Dolls",140,8B,88,2026-04-05,03:56,50,"","Let Love In",2006-00-00,44,0,0,38,0,10,-3,C Major,4,3yJ2eboERY4HroE22RG7c2,USWB10601330
1910,"Let Love In","The Goo Goo Dolls",119,10B,91,2026-04-05,05:01,55,"","Let Love In",2006-00-00,53,2,0,17,0,10,-3,D Major,4,1wt8PzNPhWi5o0voZjzhMs,USWB10601331
1911,"Better Days","The Goo Goo Dolls",113,9B,60,2026-04-05,03:33,63,"","Let Love In",2006-00-00,49,0,0,33,0,10,-5,G Major,4,2hiB8QxWic092OablwpoVC,USWB10504115
1912,"Slow It Down","The Goo Goo Dolls",104,3B,84,2026-04-05,03:11,30,"","Magnetic (Deluxe Version)",2013-06-07,56,1,0,48,0,20,-4,C♯/D♭ Major,4,3YQObV9iW6T7xiHx0yB0CG,USWB11300950
1913,"Keep the Car Running","The Goo Goo Dolls",218,8B,95,2026-04-05,04:05,22,"","Magnetic (Deluxe Version)",2013-06-07,33,0,0,45,0,10,-3,C Major,4,56hrxrPNeaiI8GlJMKKVUB,USWB11300958
1914,"Nothing Lasts Forever","The Goo Goo Dolls",116,8A,64,2026-04-05,03:25,44,"","Nothing Lasts Forever",2025-07-11,62,0,0,42,0,10,-6,A Minor,4,6ECALfGd5yXKI8NibYIHnA,USWB12502038
1915,"Notbroken","The Goo Goo Dolls",125,12B,68,2026-04-05,04:09,38,"","Something for the Rest of Us (Deluxe)",2010-08-27,38,1,0,14,0,10,-7,E Major,4,3CDIoiQo2cujFDjnqvBPHQ,USWB11001423
1916,"Still Your Song","The Goo Goo Dolls",142,2B,69,2026-04-05,04:20,28,"","Something for the Rest of Us (Deluxe)",2010-08-27,38,0,0,34,0,0,-5,F#/G♭ Major,4,0t4vLBXOSUU54NPZMMbEOX,USWB11001427
1917,"Felt Good About You","Gracie Abrams",192,8B,57,2026-04-05,02:44,58,"","The Secret of Us (Deluxe)",2024-10-18,56,81,0,36,30,10,-9,C Major,4,5bjB0xPlN7fR1roEedzQvg,USUG12401763
1918,"Risk","Gracie Abrams",113,2A,48,2026-04-05,03:11,59,"","The Secret of Us (Deluxe)",2024-10-18,71,52,0,49,0,10,-6,D#/E♭ Minor,4,6KJUSJHXRrTjSMpi9PzjEy,USUG12401764
1919,"I Love You, I'm Sorry","Gracie Abrams",116,6B,40,2026-04-05,02:37,59,"","The Secret of Us (Deluxe)",2024-10-18,50,64,0,34,0,10,-8,A#/B♭ Major,3,5W4FHsvv4PwqC5gYzXyrLI,USUG12401766
1920,"Tough Love","Gracie Abrams",90,8B,71,2026-04-05,02:49,57,"","The Secret of Us (Deluxe)",2024-10-18,55,34,0,67,0,10,-4,C Major,4,2eqpaZGKGBdhcKzRKyKnyC,USUG12401769
1921,"That’s So True","Gracie Abrams",109,3B,81,2026-04-05,02:46,90,"","The Secret of Us (Deluxe)",2024-10-18,55,21,0,37,0,10,-4,C♯/D♭ Major,4,7ne4VBA60CxGM75vw0EYad,USUG12406903
1922,"Bills","grandson",105,11B,86,2026-04-05,02:42,41,"","Bills",2016-09-15,59,0,0,62,0,20,-5,A Major,4,5G1lwu6P8F6ZhTk3mPLjtz,USRC11601781
1923,"Overdose","grandson",144,9A,74,2026-04-05,03:53,0,"","Overdose",2018-02-09,56,1,0,20,0,20,-6,E Minor,4,4AdO6GkoywqsVuPrQIqy7k,TCADM1831469
1924,"Riptide","grandson",160,9B,89,2026-04-05,03:12,39,"","Riptide",2020-07-31,49,0,0,37,0,0,-4,G Major,4,2oAZlBN2CmNieXmJ1bQDYL,USAT22003150
1925,"She's a Rebel","Green Day",159,9B,93,2026-04-05,02:00,55,"punk, pop punk","American Idiot (20th Anniversary Deluxe Edition)",2024-10-25,47,0,0,76,0,30,-7,G Major,4,17vGKC6lZlgpDizEWR4VXs,USRE11200341
1926,"What You Waiting For?","Gwen Stefani",136,7B,95,2026-04-05,03:41,67,"","Love. Angel. Music. Baby. (Deluxe Version)",2004-11-12,68,5,0,73,0,30,-3,F Major,4,7bZsx7Zif6FIhrcZrh0LVm,USIR10400692
1927,"Rich Girl","Gwen Stefani,Eve",98,6A,75,2026-04-05,03:56,74,"","Love. Angel. Music. Baby. (Deluxe Version)",2004-11-12,86,3,0,76,0,20,-3,G Minor,4,2Y2q7PkD7lvuWr8YaZfWuv,USIR10400846
1928,"Hollaback Girl","Gwen Stefani",110,3A,92,2026-04-05,03:19,75,"","Love. Angel. Music. Baby. (Deluxe Version)",2004-11-12,93,35,0,90,0,0,-2,A#/B♭ Minor,4,0LzrhCZFXW94Y8nwtTuRlw,USIR10400847
1929,"The Sweet Escape","Gwen Stefani,Akon",120,3B,77,2026-04-05,04:06,81,"","The Sweet Escape",2006-01-01,76,19,0,73,0,10,-4,C♯/D♭ Major,4,66ZcOcouenzZEnzTJvoFmH,USUM70618684
1930,"Cheap Thrills (feat. Sean Paul)","Sia,Sean Paul",90,11A,80,2026-04-05,03:44,71,"dancehall","Cheap Thrills (feat. Sean Paul)",2016-02-11,59,6,0,73,20,0,-5,F#/G♭ Minor,4,6b3b7lILUJqXcp6w9wNQSm,USRC11600201
1931,"Starboy","The Weeknd,Daft Punk",186,9B,59,2026-04-05,03:50,92,"french house, electronic, electro","Starboy",2016-11-25,68,14,0,49,20,10,-7,G Major,4,7MXVkk9YMctZqd1Srtv4MB,USUG11600976
1932,"Work","Rihanna,Drake",92,1B,53,2026-04-05,03:39,82,"rap","ANTI (Deluxe)",2016-01-28,72,7,0,55,0,0,-6,B Major,4,72TFWvU3wUYdUuxejTTIzt,QM5FT1600116
1933,"Sorry","Beyoncé",130,10B,60,2026-04-05,03:52,68,"","Lemonade",2016-04-23,78,0,0,36,0,20,-7,D Major,4,0lnIJmgcUpEpe4AZACjayW,USSM11603178
1934,"Hands To Myself","Selena Gomez",111,4A,51,2026-04-05,03:20,68,"","Revival (Deluxe)",2015-10-09,81,1,0,44,10,30,-7,F Minor,4,1LoriJC05IrHIDwj3q0KC1,USUM71513592
1935,"Needed Me","Rihanna",111,4A,32,2026-04-05,03:11,84,"","ANTI (Deluxe)",2016-01-28,70,11,0,30,20,0,-8,F Minor,4,4pAl7FkDMNBsjykPXo91B3,QM5FT1600118
1936,"Quick Musical Doodles","Two Feet",170,11A,35,2026-04-05,02:24,63,"","First Steps",2016-07-29,69,24,69,43,20,30,-7,F#/G♭ Minor,4,7tZdkPtebOG29TzPPHlsem,DEVF11600018
1937,"You're so Cold","Two Feet",93,9A,33,2026-04-05,03:16,48,"","First Steps",2016-07-29,89,16,78,35,0,10,-8,E Minor,4,6ytwjgwBRxYTUxYJbbkCtf,DEVF11600019
1938,"Dangerous Woman","Ariana Grande",134,9A,60,2026-04-05,03:55,81,"pop","Dangerous Woman",2016-04-01,66,5,0,29,0,30,-5,E Minor,3,3nef5W8jTkXrOKgCu4kmq7,USUM71601826
1939,"Counting Cards","Rainbow Kitten Surprise",110,8A,59,2026-04-05,03:49,50,"","RKS",2015-04-25,76,11,0,32,0,10,-8,A Minor,4,5LloeYscvI3tytpRQn5MIP,QMAAK1557429
1940,"Cleopatra","The Lumineers",151,4B,78,2026-04-05,03:21,76,"folk pop, indie folk","Cleopatra",2016-04-08,54,23,0,49,0,0,-7,G#/A♭ Major,4,2AXY5WABx7NjWw1zb4qCdc,USDMG1673803
1941,"Double Down","Slothrust",75,5A,64,2026-04-05,03:11,3,"","The Pact",2018-09-14,64,1,0,79,10,0,-5,C Minor,4,6Y7vgyXBoedIKgvmZSYXMw,US3R21816901
1942,"First Class","Rainbow Kitten Surprise",90,3B,34,2026-04-05,05:43,65,"","Seven + Mary",2013-11-13,55,58,0,22,0,0,-10,C♯/D♭ Major,4,0uQxV7ysuBPhbfUkW1WOCp,TCABT1491600
1943,"She Says","Howie Day",93,8B,49,2026-04-05,04:34,40,"","Australia",2000-11-01,44,49,0,24,0,10,-10,C Major,4,2MtlU2e5PmuKSrX5mhSjOO,QM7YK1500164
1944,"Twenty Twelve","Matt Maeson",130,10A,42,2026-04-05,02:54,38,"","Who Killed Matt Maeson",2017-03-31,48,28,0,31,0,10,-10,B Minor,3,23nUC1KryLUoO3Jlqk4Aqn,USAT21700420
1945,"Candy Land","Jonah Kagen",92,3B,62,2026-04-05,04:08,48,"folk pop","Sunflowers and Leather",2025-09-05,53,51,0,59,0,0,-7,C♯/D♭ Major,4,2KkwCBlsNPZEoqIpsJsEr0,USAR12500178
1946,"Shameful Company","Rainbow Kitten Surprise",130,8B,46,2026-04-05,03:41,38,"","Seven + Mary",2013-00-00,70,37,0,27,10,10,-12,C Major,4,3fgSziUuqpB6BTW5zDowgq,USAT21800304
1947,"Myth","Beach House",142,5B,71,2026-04-05,04:18,67,"dream pop","Bloom",2012-05-15,45,3,9,41,0,10,-6,D#/E♭ Major,4,2NfxtzCIrpCmJX5Z2KMdD5,USSUB1296501
1948,"Fossa","Daughter",176,9B,80,2026-04-05,06:46,30,"","Not to Disappear",2016-01-15,27,33,91,14,0,20,-8,G Major,4,7zOyGaIud15z9FrBthUfeL,GBAFL1500142
1949,"Part Goddess Part Gangster","Madalen Duke",78,12A,50,2026-04-05,03:26,21,"","Talking to Myself",2020-11-06,57,34,0,44,0,0,-9,C♯/D♭ Minor,4,2B4SFtzZrClPAGbURr6YSi,QZNJV2026509
1950,"Heartbreak","Jamie N Commons",110,10B,67,2026-04-05,03:11,20,"southern gothic","Fever Dreams",2019-08-09,65,1,1,17,0,10,-8,D Major,4,2yBjXLhfcStNrYEFAs2YSp,USUM71905798
1951,"Closer","Ne-Yo",126,9A,75,2026-04-05,03:54,75,"","Year Of The Gentleman (Bonus Track Edition)",2008-01-01,71,3,0,59,0,10,-6,E Minor,4,2XbfY2O2v3xwedUJ0J2kkr,USUM70809378
1952,"Closer","Elderbrook",120,7A,47,2026-04-05,04:04,48,"","Closer",2016-09-02,76,54,65,22,0,0,-10,D Minor,4,5nDUfkhmCfZWQ7A6MJDjrm,GBKPL1670098
1953,"We Don't Go In There","Taking Back Sunday",145,8B,80,2026-04-05,04:01,20,"emo, pop punk, screamo, post-hardcore, punk","Tidal Wave",2016-09-16,44,0,2,28,0,10,-5,C Major,4,6OoZtcStmGgD1YQGqpxXid,USHR21681010
1954,"Better Homes And Gardens","Taking Back Sunday",172,2B,89,2026-04-05,03:54,35,"emo, pop punk, screamo, post-hardcore, punk","Happiness Is",2014-03-18,22,1,0,48,10,0,-4,F#/G♭ Major,4,4GENwH9HjfqB6n1jiNR56D,USHR21481008
1955,"Nothing At All","Taking Back Sunday",142,4B,36,2026-04-05,03:59,20,"emo, pop punk, screamo, post-hardcore, punk","Happiness Is",2014-03-18,40,67,7,24,0,30,-9,G#/A♭ Major,4,0IKqfoRn3Lp8gGnM8IcrcD,USHR21481011
1956,"The Zone","The Weeknd,Drake",140,2A,38,2026-04-05,06:58,54,"rap","Trilogy",2012-11-13,65,13,0,27,0,10,-10,D#/E♭ Minor,4,6HrLsSVEk6C1X2EKmOEBxA,USUM72111952
1957,"High For This","The Weeknd",75,9A,40,2026-04-05,04:09,52,"","Trilogy",2012-11-13,46,58,0,8,0,0,-11,E Minor,4,36LdTnEWBDLDDA3hEsSLvi,USUM72104128
1958,"House Of Balloons / Glass Table Girls","The Weeknd",89,8B,50,2026-04-05,06:47,55,"","Trilogy",2012-11-13,66,0,0,20,0,20,-8,C Major,4,5d6lYplVOV4xJ37EVCpHqB,USUM72104130
1959,"Seven Minutes in Heaven","Mindless Self Indulgence",115,10A,95,2026-04-05,02:13,78,"","MSI B-SIDES vol.1",2024-06-15,61,1,0,58,10,30,-4,B Minor,4,2t7B8DDBgLbMcYVMTo8vd5,QZNWX2434220
1960,"the valley","Miguel",89,6A,35,2026-04-05,03:05,42,"r&b","Wildheart (Deluxe Version)",2015-06-26,64,47,0,32,0,40,-9,G Minor,4,2Tm3pYAWjEKVjoiKsUhKDx,USRC11501285
1961,"Bang Bang Bang Bang","Sohodolls",94,3A,58,2026-04-05,03:01,68,"","Ribbed Music For The Numb Generation",2007-09-24,73,53,0,35,0,10,-7,A#/B♭ Minor,4,2qLSXZuIHMsKydCEFDchc3,GBHGV0700025
1962,"Mirrors","Natalia Kills",130,12A,79,2026-04-05,03:16,38,"","Perfectionist (Deluxe Version)",2011-01-01,54,4,0,36,0,10,-3,C♯/D♭ Minor,4,65zwQUVGnP8l8G79x046Rc,USUM71019359
1963,"Too Close","Next",100,9B,40,2026-04-05,04:19,69,"r&b","Rated Next",1997-09-30,85,1,0,75,0,20,-10,G Major,4,5IFCyWplye09HytIP80RCF,USAR19700121
1964,"Buttons","The Pussycat Dolls",211,10B,82,2026-04-05,03:45,73,"","PCD",2005-01-01,57,18,0,41,20,20,-4,D Major,4,3BxWKCI06eQ5Od8TY2JBeA,USUM70500444
1965,"Slow Motion","JUVENILE,Soulja Slim",173,5A,73,2026-04-05,04:08,69,"southern hip hop, crunk, new orleans bounce, bounce","Juve The Great",2003-01-01,71,55,0,89,30,0,-5,C Minor,4,6ihObRBTB8xdSH2mlERtOX,USCM50300192
1966,"Ching-A-Ling","Ghetto Superstar",102,12A,46,2026-04-05,03:45,6,"","Hip Hop Money Maker",2011-09-28,80,5,0,7,0,10,-14,C♯/D♭ Minor,4,0RAjvvwP8xpm7gRkLtjmZk,GBQRF1035814
1967,"Talk Dirty (feat. 2 Chainz)","Jason Derulo,2 Chainz",100,2B,65,2026-04-05,02:57,70,"southern hip hop, rap","Talk Dirty",2013-09-16,76,3,0,76,20,30,-7,F#/G♭ Major,4,6g6A7qNhTfUgOSH7ROOxTD,USWB11302648
1968,"Funeral","Miguel",96,11B,31,2026-04-05,02:14,38,"r&b","Art Dealer Chic 4",2021-04-09,76,4,2,15,0,10,-10,A Major,4,1nEmf9nzeRDWQEb6tb6EKZ,USRC11903399
1969,"LUCID DREAMS (feat. Masego)","Leon Thomas,Masego",155,6A,64,2026-04-05,03:46,67,"","MUTT",2024-09-27,73,11,7,56,0,10,-7,G Minor,4,6Px7oJcPvMWLhwRHmao0Fe,USUM72409194
1970,"Skin","Rihanna",127,6A,57,2026-04-05,05:03,63,"","Loud",2010-01-01,64,14,0,12,0,10,-7,G Minor,4,1mjMXiWYKSJ5XmJCC0O9HJ,USUM71026640
1971,"Get Ur Freak On","Missy Elliott",178,8B,75,2026-04-05,03:31,73,"hip hop","Miss E... So Addictive",2001-05-14,80,53,11,74,20,10,-9,C Major,4,6zsk6uF3MxfIeHPlubKBvR,USEW20100036
1972,"Bathroom","Montell Fish",120,7A,42,2026-04-05,03:28,77,"christian lo-fi","Her Love Still Haunts Me Like a Ghost",2022-10-28,71,69,0,16,0,10,-4,D Minor,4,3sLTYBYs6lJsFK84t2X7wt,QZVBE2200015
1973,"Tear You Apart","She Wants Revenge",153,12A,72,2026-04-05,04:44,70,"darkwave, gothic rock","She Wants Revenge",2005-01-01,58,0,0,60,0,60,-7,C♯/D♭ Minor,4,1XYHqSfJK9ud9nuRjQcbXi,USUM70503877
1974,"Bad","Dylan",139,1A,79,2026-04-05,02:32,47,"","Bad",2025-06-18,59,0,0,71,0,10,-4,G#/A♭ Minor,4,4HaPoW6VbjC0iWBsuAmw5z,GBUM72407052
1975,"I WANNA BE YOUR SLAVE","Måneskin",133,3B,61,2026-04-05,02:53,86,"","Teatro d'ira - Vol. I",2021-03-19,75,0,0,96,0,10,-4,C♯/D♭ Major,4,4pt5fDVTg5GhEvEtlz9dKk,ITB002100115
1976,"Dirty Pretty","In This Moment",130,7B,94,2026-04-05,04:07,48,"metal","Black Widow",2014-11-14,53,0,0,36,20,70,-3,F Major,4,1kYR2wTYZUsZ2Gcx7yPYSZ,USAT21404353
1977,"All Wound Up","She Wants Revenge",120,8B,75,2026-04-05,03:44,64,"darkwave, gothic rock","Up and Down",2009-09-22,75,0,0,70,0,40,-4,C Major,4,2mtvGJk3rIPzjESvBUxgD1,USI4R0911561
1978,"Prove Me Wrong","Mindless Self Indulgence",144,10A,89,2026-04-05,03:59,51,"","MSI B-SIDES vol.1",2024-06-15,76,33,0,79,0,0,-5,B Minor,4,1m3VVYtEre9cOkIwf7wwbV,US2421090004
1979,"Cravin'","Stileto,Kendyle Paige",76,11A,53,2026-04-05,02:52,67,"dark r&b","Cravin'",2020-05-08,37,41,0,22,0,10,-6,F#/G♭ Minor,4,41qoLqCcn0X07B6XW9b28v,QZFZ52032465
1980,"On My Knees","RÜFÜS DU SOL",120,3B,57,2026-04-05,04:21,77,"","Surrender",2021-10-21,68,3,6,29,0,10,-8,C♯/D♭ Major,4,2ouFrmMwYik8nQX2n9SeZu,USRE12100620
1981,"In The Dark","DEV",125,4B,82,2026-04-05,03:46,57,"","The Night The Sun Came Up",2012-01-01,74,0,0,44,0,30,-4,G#/A♭ Major,4,1pbHy9VBpSyZh56xuujZz0,USUM71105330
1982,"Girls Your Age","Transviolet",139,5A,40,2026-04-05,03:28,39,"","Transviolet",2015-09-18,43,45,0,11,0,0,-10,C Minor,4,3wchQBokK9IDtoYrw14gpK,USSM11505710
1983,"Pretty Head","Transviolet",114,1A,43,2026-04-05,03:09,34,"","Kaleidoscopes",2017-06-30,67,6,0,24,0,10,-9,G#/A♭ Minor,4,2q0NhHMDVnnvCkJupLr6MI,USSM11705149
1984,"Stoned on You","Jaymes Young",154,4A,51,2026-04-05,03:24,26,"","Feel Something (Deluxe)",2022-01-28,69,56,18,77,0,10,-9,F Minor,4,1rsbPv0SEVECm2nAmYWbkP,USAT21700625
1985,"Crave","Tove Lo",60,1A,38,2026-04-05,03:34,38,"","Queen Of The Clouds (Blueprint Edition)",2015-09-25,67,11,0,53,0,0,-8,G#/A♭ Minor,4,1L0EOspQBQnJEHvGxUj6yj,SEUM71401552
1986,"Bloodstream","Transviolet",120,7B,61,2026-04-05,03:30,38,"","Transviolet",2015-09-18,62,2,0,16,0,10,-7,F Major,4,5heAk2X8BG2BUHGfR08pn3,USSM11506293
1987,"Black Magic","Magic Wands",116,1B,78,2026-04-05,02:33,44,"","Aloha Moon",2012-04-24,61,1,0,70,0,30,-5,B Major,4,1b5d8HYUNnZs5ILTfkXuK5,USN2F0810103
1988,"High Enough","K.Flay",89,8B,62,2026-04-05,03:51,72,"","Every Where Is Some Where",2017-04-07,61,3,9,54,0,10,-5,C Major,4,1qwno7xb5mJe71xtMS6jl2,USUM71701789
1989,"8 Mile","Eminem",90,11B,94,2026-04-05,05:59,66,"rap, hip hop","8 Mile (Music From And Inspired By The Motion Picture)",2002-10-29,74,13,0,49,20,10,-4,A Major,4,5NmL2zxnlt9GiTB2TQbvFM,USIR10211622
1990,"Sing For The Moment","Eminem",164,4A,82,2026-04-05,05:39,78,"rap, hip hop","The Eminem Show",2002-05-26,67,0,0,19,10,0,-4,F Minor,4,3CpoeW0cZSDzIRv5z34F87,USIR10211061
1991,"Stan","Eminem,Dido",80,11A,77,2026-04-05,06:44,82,"rap, hip hop, ","The Marshall Mathers LP",2000-05-23,78,4,0,51,20,50,-4,F#/G♭ Minor,4,3UmaczJpikHgJFyBTAJVoz,USIR10001280
1992,"The Way I Am","Eminem",87,9A,87,2026-04-05,04:50,76,"rap, hip hop","The Marshall Mathers LP",2000-05-23,79,14,0,32,20,30,-3,E Minor,4,23wfXwnsPZYe5A1xXRHb3J,USIR10000589
1993,"Marshall Mathers","Eminem",96,10A,76,2026-04-05,05:21,62,"rap, hip hop","The Marshall Mathers LP",2000-05-23,73,4,0,27,10,0,-3,B Minor,4,3X4Oz9LjhhtgyOhVNlfoYa,USIR10000585
1994,"Rap God","Eminem",148,9B,84,2026-04-05,06:03,76,"rap, hip hop","The Marshall Mathers LP2 (Deluxe)",2013-11-05,71,40,0,63,30,80,-3,G Major,4,6or1bKJiZ06IlK0vFvY75k,USUM71314079
1995,"Godzilla (feat. Juice WRLD)","Eminem,Juice WRLD",166,3A,75,2026-04-05,03:30,82,"rap, hip hop, melodic rap, emo rap","Music To Be Murdered By",2020-01-17,81,14,0,83,30,20,-5,A#/B♭ Minor,4,7FIWs0pqAYbP91WWM0vlTQ,USUM72000788
1996,"Love The Way You Lie","Eminem,Rihanna",87,6B,93,2026-04-05,04:23,48,"rap, hip hop, ","Recovery (Deluxe Edition)",2010-06-21,75,24,0,64,20,50,-5,A#/B♭ Major,4,4SiWJ0xSFdmTb0i379Uwny,USUM71015397
1997,"Rock Bottom","Eminem",92,2B,64,2026-04-05,03:34,59,"rap, hip hop","The Slim Shady LP",1999-02-23,86,10,1,35,10,20,-3,F#/G♭ Major,4,3guazByz82uD2zHf8q7As1,USIR19902070
1998,"Lyin' Eyes - 2013 Remaster","Eagles",133,9B,67,2026-04-06,06:21,74,"classic rock, yacht rock, soft rock","One of These Nights (2013 Remaster)",1975-06-10,67,20,3,87,0,10,-10,G Major,4,5lQKRR3MdJLtAwNBiT8Cq0,USEE11300348
1999,"Ick","Lay Bankz",138,10B,77,2026-04-26,01:55,67,"jersey club","Now You See Me",2023-08-09,90,27,0,52,10,10,-3,D Major,4,4EynEPKoSaPPaQbSXd2wer,QZVFR2301519
2000,"Afterlife","XYLØ",77,8A,58,2026-04-26,03:28,45,"","America EP",2016-02-26,57,11,0,30,0,10,-8,A Minor,4,6VLtWgW0USISy1aFuouqxA,USQX91503436
2001,"labour","Paris Paloma",84,10A,57,2026-04-26,03:57,73,"","labour",2023-03-23,65,40,0,44,10,30,-10,B Minor,4,2Ggr9IfS70wYQacW8nZKPG,CAN112300498
2002,"Stressed Out X Haunting X Alphabet Boy - Slowed","noturgf",80,11A,72,2026-04-26,01:13,56,"","Stressed Out X Haunting X Alphabet Boy",2025-12-12,74,4,2,64,0,10,-7,F#/G♭ Minor,4,6dMRJ71M8AtrA6ZcJNvUA3,GX38U2513911
2003,"Great Romances Of The 20th Century - Acoustic Version","Taking Back Sunday",138,6B,42,2026-04-26,03:47,18,"emo, pop punk, screamo, post-hardcore, punk","Taking Back Sunday (Deluxe Edition)",2011-06-28,71,32,0,39,0,0,-8,A#/B♭ Major,4,0gdltrwYaqbYr9voYk1bGB,USWB11100897
2004,"I Don't Think I'm Ever Gonna Figure It Out - Remixed / Remastered","Elliott Smith",117,5B,47,2026-04-26,01:57,40,"singer-songwriter","Either/Or: Expanded Edition",1997-02-25,60,90,78,51,0,10,-9,D#/E♭ Major,4,5aRWbpGuItECDLfjw0n1Ba,USKRS1662019
2005,"I'm The Dumb One","Pardyalone",152,5B,59,2026-04-26,02:28,24,"","I Left You In Minnesota",2023-07-26,52,1,0,34,0,20,-6,D#/E♭ Major,4,7cm7e5nHq6UjUt23XFdoDV,QMRSZ2301375
2006,"He's Not Into You","ENNY",88,3B,67,2026-04-26,02:49,32,"uk r&b, alternative r&b","He's Not Into You",2020-04-24,73,9,0,72,20,0,-8,C♯/D♭ Major,4,1AtHuXnhghydN8dHGfRuYD,GBLFP2002287
2007,"Beautiful Is Boring","BONES UK",92,2B,93,2026-04-26,03:51,58,"","Bones UK",2019-07-12,54,0,0,50,0,30,-3,F#/G♭ Major,4,0qCW7ZKFznGcQRoHLBsBWf,USHM81716700
2008,"Grab Dat","WHOISJK",100,4B,69,2026-04-26,02:00,33,"freestyle","Grab Dat",2025-10-17,79,4,1,33,30,30,-6,G#/A♭ Major,4,1GxOTiaaBfbaC16pUmf2Bs,GXHUT2514203
2009,"Hatef--k","The Bravery",112,10A,94,2026-04-26,02:55,50,"","Stir The Blood",2009-01-01,44,1,0,49,0,40,-4,B Minor,4,3hNfsR5FLiX6NzyqZVncQi,USUM70901987
2010,"Not In Your Mouth None Of Your Business","Peaches",149,4B,85,2026-04-26,02:04,18,"electroclash, riot grrrl, queercore","Not In Your Mouth None Of Your Business",2025-10-14,72,0,18,60,10,0,-7,G#/A♭ Major,5,3qTm10AQ8jcWHidd50HzIh,QT65X2574363
2011,"No Lube So Rude","Peaches",155,9B,75,2026-04-26,02:48,27,"electroclash, riot grrrl, queercore","No Lube So Rude",2026-01-13,72,1,8,65,10,0,-6,G Major,4,6zgvKcL58XPES10HwspEkT,USKRS2686003
2012,"ROBBERY (feat. Doechii)","A$AP Rocky,Doechii",98,3B,49,2026-04-26,03:55,64,"rap, ","Don't Be Dumb",2026-01-16,47,71,0,54,10,0,-9,C♯/D♭ Major,4,5FYaSV8TLF7qvonB1BDOw0,USRC12502334
2013,"Where's My Phone?","Mitski",133,5B,66,2026-04-26,03:09,52,"","Where's My Phone?",2026-01-16,41,2,0,32,0,0,-7,D#/E♭ Major,4,4BUDJShvKNRbrgylxri5tI,USJ5G2545002
2014,"Anti-Social","YoungBoy Never Broke Again",71,4A,66,2026-04-26,03:18,64,"","Slime Cry",2026-01-16,46,10,0,35,30,10,-6,F Minor,3,1WBZnIC6NoSixIgbN7OYWx,USUG12600466
2015,"Bruce Wayne","YoungBoy Never Broke Again",133,4B,77,2026-04-26,02:56,75,"","Slime Cry",2026-01-16,76,18,0,56,30,10,-5,G#/A♭ Major,4,0Sy9PzIKNGbnoY3WWPBZAR,USUG12600478
2016,"Fuck I.C.E. I.C.E. Baby","No$hu",116,9B,62,2026-04-26,02:55,41,"","Fuck I.C.E. I.C.E. Baby",2025-06-09,98,7,0,72,20,10,-9,G Major,4,1aXwiWmAuSa5ny6kx1ozuw,QZTB22579856
2017,"THREAT LEVEL ORANGE","Earth to Eve",95,3B,54,2026-04-26,02:33,57,"","THREAT LEVEL ORANGE",2025-07-21,81,20,0,55,20,20,-8,C♯/D♭ Major,4,1UPHGJN6cTrItIx5U0pcVU,QMDA62557629
2018,"fuck ice","Chrissa Sparkles",130,9B,70,2026-04-26,01:36,47,"","fuck ice",2025-06-12,82,11,0,60,10,10,-7,G Major,4,3RQCQy7XtUsUwqb40jFy7h,QZTB42510634
2019,"Taco (Trump Always Chickens Out)","Pearlmania500,Casa Di,Steve Terrell",116,3A,93,2026-04-26,01:20,22,"","Taco (Trump Always Chickens Out)",2025-06-05,83,4,0,81,10,20,-2,A#/B♭ Minor,4,5eBMM0debafQpFEKrvxkaH,QZTAZ2553839
2020,"I'M NOT LAZY","Gavin Prophet",98,9B,94,2026-04-26,02:30,43,"","RADICAL",2026-01-02,55,1,0,48,0,50,-5,G Major,4,6BkloFqsvlQUsBu5jNagMS,QZFZ72481371
2021,"Oligarchy","Space Monkey Mafia",93,5A,71,2026-04-26,04:22,20,"ska punk, ska","Oligarchy",2018-11-02,59,4,0,67,0,10,-11,C Minor,4,2SQChOwlIVkupeg0AXc1jS,usl4q1815891
2022,"Revisionist History Blues","Moon Walker",180,9A,86,2026-04-26,03:08,32,"","Revisionist History Blues",2025-04-16,46,14,0,73,0,30,-6,E Minor,4,596XvD58Iu7gGQ3YIQ6O3K,QZK6H2535391
2023,"No Kings In The USA","Ole! No Kings",97,5A,45,2026-04-26,02:36,34,"","No Kings In The USA",2025-05-16,74,10,0,88,0,30,-12,C Minor,4,5MfArL8YCCLNjYji8sRF5j,QZPLR2584350
2024,"NO KINGS","Earth to Eve",120,6A,66,2026-04-26,02:45,50,"","NO KINGS",2025-10-18,69,28,0,48,10,0,-9,G Minor,4,54IY8QXJzJlPZls6LATojI,QMFMF2539218
2025,"Have You Heard the News Today?","Earth to Eve",65,11B,37,2026-04-26,03:33,48,"","Have You Heard the News Today?",2025-09-12,34,24,0,26,0,30,-8,A Major,4,19EpaM0DOctkiqiVCdiRIY,QMFME2512090
2026,"Make Me Buy A Gun","The Devil Said Jump",155,10B,35,2026-04-26,04:02,37,"","Make Me Buy A Gun",2025-07-04,39,12,0,55,0,10,-13,D Major,3,4nFURZBRIa9mOYkXi37yC1,QZTB62585662
2027,"Talkin' WWIII Blues","Sam Hodgson",179,8B,27,2026-04-26,03:00,41,"","Talkin' WWIII Blues",2025-07-04,46,86,0,61,0,20,-10,C Major,4,1u05AQ4xRxvoVhRHsB5uQ6,QZWV32539926
2028,"Streets of Minneapolis - Radio Mix","Bruce Springsteen",110,10B,80,2026-04-26,04:30,59,"","Streets of Minneapolis (Radio Mix)",2026-01-28,61,14,0,77,0,60,-3,D Major,4,6AtgHxdvghUjcjdPX1VhWN,USSM12600334
2029,"FUCK ICE","Brick + Mortar",105,7B,95,2026-04-26,01:39,38,"","FUCK ICE",2026-02-10,73,12,0,87,10,30,-4,F Major,4,683APargCzumJWTjmM10b7,QT65Y2622758
2030,"Losing My Religion","BELLSAINT",121,6A,64,2026-04-26,03:52,50,"","Losing My Religion",2016-08-26,30,1,4,6,0,10,-7,G Minor,4,5yd5rpfgN97nIDZJmRGcVQ,TCACQ1687816
2031,"Smalltown Boy - Remaster","Bronski Beat",134,6B,73,2026-04-26,05:03,55,"synthpop, hi-nrg","The Age Of Consent (Remastered & Expanded)",2018-10-26,68,55,1,92,0,30,-7,A#/B♭ Major,4,4yiQrnlmBH3hss1QavSCuj,GBAAP1812339
2032,"Girls & Boys","Blur",120,6A,88,2026-04-26,04:19,74,"britpop, madchester, alternative rock","Blur: The Best Of",2000-10-23,69,1,0,90,0,0,-8,G Minor,4,5CeL9C3bsoe4yzYS1Qz8cw,GBAYE9400144
2033,"No broke boys x Hollaback girl","studiojenna",119,3B,63,2026-04-26,01:42,39,"","No broke boys x Hollaback girl",2025-08-20,96,0,1,97,0,0,-13,C♯/D♭ Major,4,5VigBW5MQzmVai6nUNUzWi,GXBDT2545772
2034,"The Great Divide","Noah Kahan",81,1B,68,2026-04-26,05:17,86,"","The Great Divide",2026-01-30,55,1,0,34,0,10,-5,B Major,4,77zqs8ucHCSk5jh9TYec4b,USUM72600177
2035,"Boy","Book Of Love",123,9B,47,2026-04-26,02:59,52,"new wave, synthpop","Book Of Love",1986-04-16,71,0,16,19,0,0,-13,G Major,4,4FQhTIpf3bnxGsCr0dHhtr,USRE10100038
2036,"Fuck Him All Night","Azealia Banks",116,1B,58,2026-04-26,02:55,44,"ballroom vogue, hip house","Fuck Him All Night",2021-07-07,86,3,0,87,10,0,-9,B Major,4,2zYb7W6urtAAn5cyJNJCzN,TCAFQ2189561
2037,"professional heartbreaker","Artemas",112,7A,84,2026-04-26,02:55,59,"","professional heartbreaker",2026-01-30,54,12,11,39,0,60,-5,D Minor,4,1cXe8OVF7fL9OyRWMFHytH,QZJ842600832
2038,"Foxglove Through The Clearcut - Acoustic","Death Cab for Cutie",115,10B,28,2026-04-26,05:05,29,"","Asphalt Meadows (Acoustic)",2023-03-10,63,80,69,19,0,10,-14,D Major,3,6Zu6diJy73z6IMOMtYQiSy,USAT22223172
2039,"Eyes on Fire (Skeler Remix) - Re-Recorded","Skeler,Blue Foundation",72,2B,66,2026-04-26,03:21,54,"witch house, drift phonk, ","N i g h t D r i v e スケラー",2023-03-10,49,18,2,18,0,0,-7,F#/G♭ Major,4,1dB3aEI23yg7Fz0IxO2pbL,QMBZ92117623
2040,"Lemon Pound Cake","Afroman",117,3B,45,2026-04-26,03:08,63,"","Lemon Pound Cake",2023-01-09,91,11,0,39,20,10,-8,C♯/D♭ Major,4,21nC1okP6wB2jxXt2IMkoM,US6YC2203626
2041,"Stayin' Alive In The Hood","Touch Of Funk",107,12A,79,2026-04-26,02:34,58,"","A Splash Of Funk",2025-12-04,84,18,0,96,10,10,-6,C♯/D♭ Minor,4,2IoApSy2FawipJ5KbQ33aC,QT6FG2533418
2042,"Had Enough","Breaking Benjamin",164,5A,95,2026-04-26,03:48,36,"alternative metal, post-grunge, rock","Phobia (Clean Version)",2006-01-01,31,0,0,23,0,10,-3,C Minor,4,7qc9PaK7JeTgMkLwaXgW0q,USHR10622227
2043,"I Will Not Bow","Breaking Benjamin",108,4B,96,2026-04-26,03:36,74,"alternative metal, post-grunge, rock","Dear Agony",2009-01-01,53,0,0,55,0,30,-4,G#/A♭ Major,4,2yXyz4NLTZx9CLdXfLTp5E,USHR10924529
2044,"Getting Away With Murder","Papa Roach",104,3B,97,2026-04-26,03:11,65,"nu metal, rap metal, alternative metal, rap rock, rock","Getting Away With Murder",2004-01-01,56,0,0,35,0,20,-4,C♯/D♭ Major,4,1x0AirtLjfVquI0A9iBVep,USDW10400810
2045,"Like A Villain","Bad Omens",155,9B,92,2026-04-26,03:30,75,"metalcore","THE DEATH OF PEACE OF MIND",2022-02-25,46,0,0,40,20,40,-5,G Major,4,7h2EZbGSzzIGgAFzJXHz99,USYFZ2264206
2046,"Better Than Yours (feat. Youngboy Never Broke Again)","Coi Leray,YoungBoy Never Broke Again",133,10B,73,2026-04-26,02:40,69,"","Better Than Yours (feat. Youngboy Never Broke Again)",2026-03-20,84,8,0,70,20,10,-4,D Major,4,7Cu72sNXv5n9vbHcXbSmgp,USSM12600596
2047,"DANCE...","Slayyyter",113,10A,79,2026-04-26,04:47,73,"hyperpop","WOR$T GIRL IN AMERICA",2026-03-27,61,2,7,21,0,0,-7,B Minor,4,6Xp2Zm2sJLdODReZWBBifO,USQX92505473
2048,"Sick Of Love","Lykke Li",120,7B,66,2026-04-26,03:36,64,"","Sick Of Love",2026-04-08,59,15,0,9,0,60,-6,F Major,4,6aPG5Atb3L3l8pZYzLrpEi,USA2P2566628
2049,"Down The Road","Inpatient,Ren,Chris Webby",189,4B,74,2026-04-26,04:39,69,"","Down The Road",2026-04-08,52,38,0,41,40,30,-7,G#/A♭ Major,3,4QH8NM4lZPzfk8RW5m3aeb,USLD91793943
2050,"drop dead","Olivia Rodrigo",130,4B,74,2026-04-26,03:44,94,"","drop dead",2026-04-17,58,22,0,68,0,20,-6,G#/A♭ Major,4,6gkbtMtioHgtyGjrMel6ei,USUG12601721
2051,"Don't Be a Dick","Bowling For Soup",175,9A,96,2026-04-26,03:20,41,"pop punk, punk","Drunk Dynasty",2016-01-01,51,0,0,59,10,20,-4,E Minor,4,3a0qOPEi99VIViuGuRjMKZ,USZCN1600039
2052,"First Light","Lana Del Rey",88,9B,72,2026-04-26,03:24,79,"","First Light",2026-04-16,43,0,0,18,0,0,-6,G Major,4,2vd3HbaEqhEJpvVNHEago8,GBUM72602150
2053,"Don't Speak","Culture Wars",154,1A,90,2026-04-26,03:43,64,"","Don't Speak",2026-04-10,40,3,0,47,0,10,-2,G#/A♭ Minor,4,2YB7LLj8xZcd4pDs0UBM6i,QM4TX2683818
2054,"Your Chaos","NOMARKMORE",124,2B,45,2026-04-26,03:45,63,"","Exhibition Number Zero",2025-12-01,74,11,0,65,0,30,-7,F#/G♭ Major,4,5N7Cdi5Te9E3rejjuyRwll,QT6ET2567792
2055,"High Horse","Black Pistol Fire",80,3B,69,2026-04-26,02:48,47,"blues rock, modern blues, garage rock","Flagrant Act of Bliss",2026-01-23,63,4,0,69,0,30,-5,C♯/D♭ Major,4,5UiwpYH8hfVR6CAvzzrP7B,QZWH32500584
2056,"Dopamine Kisses","MISSIO",138,1A,89,2026-04-26,03:28,48,"","Dopamine Kisses",2026-04-10,41,0,0,35,0,20,-5,G#/A♭ Minor,4,3LWXJOMDhmDxpdhZjBA0OS,CAN112502402
2057,"The Big Fuss","Modern Alibi",90,5A,55,2026-04-26,03:00,52,"","The Big Fuss",2026-04-10,40,1,0,54,0,20,-7,C Minor,4,7Fi1l9OS51Q9ZeN2WfqHxP,QT65Z2691501
2058,"Save Me Some Sunshine","Rafferty",178,10B,76,2026-04-26,03:37,59,"","Save Me Some Sunshine",2016-11-30,50,8,3,54,0,0,-4,D Major,4,68vTrjlrczwHWioLZ5p0Rt,TCACT1652450
2059,"This Land (Theme from Borderlands 4)","Des Rocs,Borderlands Music",86,11B,84,2026-04-26,03:08,46,"soundtrack","This Land (Theme from Borderlands 4)",2025-09-12,57,0,68,70,0,30,-4,A Major,4,6EaGrhJCfIATcV95W7vWjC,USFYZ2557601
2060,"SUGAR","Elba Rose",164,4A,54,2026-04-26,02:57,28,"","SUGAR",2026-03-20,70,13,3,47,0,30,-11,F Minor,4,2XTFxS6tjPzRslHheCtAJf,GX7WH2400003
2061,"White Flower","Rafferty",143,10A,83,2026-04-26,03:44,55,"","White Flower - EP",2018-01-17,50,8,0,60,10,30,-4,B Minor,4,68bLpWhZivilbacdheOIQz,TCADK1748276
2062,"Taste It","Modern Alibi",145,7A,88,2026-04-26,02:50,58,"","American Radio",2025-04-04,57,0,0,59,0,0,-6,D Minor,4,3yP1J5mOJ8MvifFoNjA3Lx,TCAHX2419532
2063,"Typical Ways","Culture Wars",123,4A,74,2026-04-26,02:39,61,"","Don't Speak",2026-04-10,72,11,0,97,0,0,-4,F Minor,4,7fq0XZP4zQ54Hhq1szMit2,QZHN72552171
2064,"Quiet Coyote","Black Pistol Fire",77,3A,52,2026-04-26,03:11,38,"blues rock, modern blues, garage rock","Flagrant Act of Bliss",2026-01-23,66,48,0,39,0,10,-6,A#/B♭ Minor,4,4HOaYxIICiwmOZZnVs6gCd,QZWH32500599
2065,"Doors","Noah Kahan",164,10A,64,2026-04-26,03:51,84,"","The Great Divide",2026-04-24,60,5,0,67,0,0,-9,B Minor,4,3iU2qsthCTo5EeTE03l3Si,USUM72512347
2066,"Dead Sea","The Lumineers",94,8B,32,2026-04-26,04:07,66,"folk pop, indie folk","The Lumineers",2012-04-03,71,81,0,47,0,10,-11,C Major,4,1ipIRGBLxYh0ijp3JioP3p,USDMG1260804
2067,"Open Hands","Ingrid Michaelson,Trent Dabbs",139,7B,11,2026-04-26,04:06,37,"acoustic pop","Lights Out",2014-04-15,41,86,0,15,0,10,-12,F Major,4,36anKm9f497atmP2zAScFo,USVT31400009
2068,"9 Crimes","Damien Rice",74,8B,17,2026-04-26,03:39,55,"singer-songwriter","9",2006-11-07,33,91,0,10,0,0,-13,C Major,4,08YEGpKt2LHJ0URCXKHEie,IEABD0600100
2069,"Corner of Your Heart","Ingrid Michaelson",114,7B,29,2026-04-26,03:07,23,"","Girls and Boys",2007-01-01,50,93,2,36,0,30,-12,F Major,4,0x14EC3DVUApEgFN554nsQ,uscgh0789386
2070,"Samson","Regina Spektor",89,1B,19,2026-04-26,03:09,47,"anti-folk","Begin to Hope (Special Edition)",2006-06-13,49,86,0,18,0,10,-10,B Major,4,2bbhyUWJ5VjdfI3P4PRLu2,USWB10601621
2071,"Young And Beautiful","Lana Del Rey",114,10A,42,2026-04-26,03:56,89,"","Young And Beautiful",2013-01-01,32,26,0,15,0,10,-9,B Minor,4,2nMeu6UenVvwUktBCpLMK9,GBUM71301823
2072,"White Dress","Lana Del Rey",123,8B,26,2026-04-26,05:33,57,"","Chemtrails Over The Country Club",2021-03-19,49,93,0,16,0,0,-13,C Major,4,4Hl9rOqYomojCmxYfr25im,GBUM72006075
2073,"Please Forgive Me (Classic Version)","Bryan Adams",67,11B,39,2026-04-26,05:12,69,"","Classic",2022-04-01,55,54,0,12,0,10,-8,A Major,4,0POfS30Fom0Tu9hbEWZXVg,US23A1544710
2074,"Slipped Away","Avril Lavigne",161,9B,62,2026-04-26,03:34,53,"","Under My Skin",2004-00-00,45,0,0,10,0,10,-4,G Major,3,5AZhrTm9YUCOiA3Vl2hQji,USAR10400492
2075,"So Long, Jimmy","James Blunt",94,8A,60,2026-04-26,04:24,42,"","Back to Bedlam",2005-08-08,77,7,0,84,0,10,-8,A Minor,4,3txmNlS2EynAr9N4X37KTc,USAT20401593
2076,"Billy","James Blunt",79,1B,51,2026-04-26,03:37,46,"","Back to Bedlam",2005-08-08,68,61,0,66,0,10,-7,B Major,4,6G8WUgzLob8uKBfV80s3Ns,USAT20401594
2077,"Losing Keys","Jack Johnson",73,8B,8,2026-04-26,04:28,55,"surf rock","Sleep Through The Static",2008-00-00,69,53,0,18,20,20,-17,C Major,4,15TRZ6Lpfts7Oowxh7Ic8a,USUM70766318
2078,"Dissolve","Absofacto,NITESHIFT",85,11A,58,2026-04-26,03:44,61,"","Thousand Peaces",2017-11-03,69,23,0,87,0,0,-11,F#/G♭ Minor,4,7pBrj5rt4SSxXwFKOyZfHR,USAT21704522
2079,"Doing Good","Milky Chance",98,8A,73,2026-04-26,04:10,40,"","Blossom (Deluxe)",2017-03-17,71,29,11,73,0,10,-8,A Minor,4,4KAs4IcxluXDFGuV4XCEJa,DEVP21600010
2080,"Last One To Know","Gavin Adcock",102,4B,66,2026-04-26,02:57,73,"country, red dirt","Last One To Know",2025-06-27,78,30,0,58,0,10,-6,G#/A♭ Major,4,7Eb9i3xmiLuY5MiY6AhzzL,USWB12501646
2081,"Electric Love","BØRNS",120,11A,80,2026-04-26,03:38,81,"","Dopamine",2015-10-16,61,1,0,52,0,20,-8,F#/G♭ Minor,4,2GiJYvgVaD2HtM8GqD9EgQ,USUM71416307
2082,"3 Nights","Dominic Fike",152,6A,52,2026-04-26,02:57,75,"","Don't Forget About Me, Demos",2018-10-16,82,22,0,88,0,10,-7,G Minor,4,1tNJrcVe6gwLEiZCtprs1u,USQX91802455
2083,"Eyes on Fire","Blue Foundation",145,2A,38,2026-04-26,05:02,43,"","Eyes on Fire",2007-00-00,54,67,0,37,0,10,-10,D#/E♭ Minor,4,4w3zR0z2oqv8ijhOkTnRvT,DKABA0700900
2084,"Eyes on Fire","zedarius,Angel",150,3B,62,2026-04-26,03:06,2,"smooth jazz","Eyes on Fire",2015-08-21,48,0,0,10,0,10,-8,C♯/D♭ Major,4,6TIvok6zWuUrhmArXIzGDm,USE831500699
2085,"Eyes On Fire","Hahlweg,wayfie",144,2A,21,2026-04-26,04:10,39,"","Eyes On Fire",2021-11-25,45,61,8,4,0,10,-16,D#/E♭ Minor,4,4NN1IuNZq0SIgMkX7GteiH,USA2P2145289
2086,"I Follow Rivers","Marika Hackman",86,9B,18,2026-04-26,02:46,53,"southern gothic, ambient folk","Deaf Heat EP",2014-04-14,28,79,2,4,0,10,-15,G Major,3,3Cs4g3w33H9YEptmg34DQc,GBK3W1000258
2087,"Misery Is a Butterfly","Ex:Re",144,7A,48,2026-04-26,05:08,33,"art pop","Misery Is a Butterfly",2021-03-31,63,10,4,28,0,0,-9,D Minor,4,05EdW6Mba6PNtnutYAnvAA,GBAFL2100055
2088,"Arsonist's Lullabye","Hozier",65,11A,37,2026-04-26,04:26,55,"","From Eden EP",2014-03-09,46,67,7,18,0,10,-11,F#/G♭ Minor,4,1UWhx0pFZccP4jdCIZsj7U,USSM11401476
2089,"Hey Now","London Grammar",120,7B,28,2026-04-26,03:27,48,"","If You Wait",2013-09-10,65,40,8,4,0,10,-12,F Major,4,51ZPtAuqT0V5lNONYZTrxy,USSM11303139
2090,"Mr. Sandman","SYML",97,8A,37,2026-04-26,03:26,64,"","Mr. Sandman",2017-05-12,34,92,26,4,0,0,-11,A Minor,4,6sPpUfwcYBgW3kTXStNsVM,CAN111700076
2091,"Twice","Little Dragon",136,7A,20,2026-04-26,03:06,53,"trip hop","Little Dragon",2007-08-27,39,98,1,23,0,0,-12,D Minor,4,49Su9fsYwmnnuJSyxj48kL,GBEWK0700033
2092,"Blackbird Song - From  The Walking Dead ","Lee DeWyze",74,8A,27,2026-04-26,04:14,44,"","Blackbird Song",2014-01-01,29,43,63,19,0,10,-10,A Minor,4,41FUDbrnvoc7RH0APur9jy,USVG21403526
2093,"Flatlands","Chelsea Wolfe",83,5B,27,2026-04-26,04:00,48,"neofolk, southern gothic, doom metal","Unknown Rooms: A Collection of Acoustic Songs",2012-10-16,21,60,30,18,0,0,-15,D#/E♭ Major,4,3ftu1dfu3Mq0044Dcl925n,USA2P1231895
2094,"Container (from The Affair)","Southern Creek Players",82,3A,31,2026-04-26,01:08,28,"","Television and Movie Themes",2015-06-03,46,86,0,7,30,10,-18,A#/B♭ Minor,3,2AuiwVEHroJQcAVpM3Vpdw,USQY51571106
2095,"Daniel - Cenzo Townshend Radio Edit","Bat For Lashes",135,1A,70,2026-04-26,03:37,22,"art pop, dream pop","Daniel (Cenzo Townshend Radio Edit)",2009-04-24,55,1,1,56,0,60,-8,G#/A♭ Minor,4,7xYgcibwCo9MUhmgmBK3Pm,GBBND0801827
2096,"Anything You Can Do","Bernadette Peters,Tom Wopat",82,6B,56,2026-04-26,03:17,48,"musicals","Annie Get Your Gun: The New Broadway Cast Recording",1999-01-01,56,77,0,50,10,30,-6,A#/B♭ Major,4,1sOoOXwA5QftTmj6V0fqlJ,USAR29901028
2097,"I’m So Over You","Lil Wayne,Shanell",111,1B,92,2026-04-26,02:58,23,"rap, hip hop, ","Rebirth (Deluxe)",2009-01-01,61,0,0,43,0,30,-4,B Major,4,4Q6C7OchGjPIHKO7MdHOqp,USCM50901201
2098,"Grenade","Bruno Mars",110,7A,56,2026-04-26,03:42,80,"","Doo-Wops & Hooligans",2010-05-11,70,15,0,25,0,10,-7,D Minor,4,2tJulUYLDKOg9XrtVkMgcJ,USAT21001883
2099,"HAHAHA","Lil Dicky",158,3B,49,2026-04-26,04:03,42,"","Penith (The DAVE Soundtrack)",2024-01-19,87,0,0,14,10,10,-7,C♯/D♭ Major,4,73cnzXHK8i4WC5Pw0ZIZ2F,QMRSZ2302742
2100,"Not Now","The Fray",154,6B,68,2026-04-26,03:01,43,"","The Fray Is Back",2024-09-27,42,1,0,33,0,10,-5,A#/B♭ Major,4,1neNR4rU8stCfLVBKiDVaJ,QZWH32400330
2101,"Safe With Me","Ike Dweck",87,4B,46,2026-04-26,03:51,68,"folk pop","Safe With Me",2024-07-19,64,60,0,24,0,10,-8,G#/A♭ Major,4,0mLB2wh3dZfk0G627hk9A4,QZNWW2469300
2102,"Smoke On the Highway","X Ambassadors",78,9B,67,2026-04-26,04:13,22,"","Townies",2024-10-18,33,68,0,27,0,0,-6,G Major,4,7JvNsKLxsUTGj7hR0Hkw2Z,USA2P2352163
2103,"Capricorn - Live Acoustic","Elderbrook",104,8B,20,2026-04-26,02:51,27,"","Old Friend / Capricorn (Live Acoustic)",2019-03-15,76,59,0,34,0,0,-12,C Major,4,5bzEntzYD3NlqNXBnpo2yv,GBAYE1900205
2104,"Ships In The Night","Mat Kearney",178,11B,89,2026-04-26,04:15,50,"","Young Love",2011-01-01,45,11,0,13,0,0,-4,A Major,4,0RUXHlYhA057fCOe2vqIqu,USUM71110029
2105,"Heart Like A Truck","Lainey Wilson",140,11B,63,2026-04-26,03:19,75,"country","Bell Bottom Country",2022-11-28,59,15,0,39,0,10,-5,A Major,4,5DIBVDJOHh7djepAjKHWCO,QMRSZ2200986
2106,"Cringe - Stripped","Matt Maeson",126,7B,28,2026-04-26,03:43,57,"","Bank On The Funeral (Stripped)",2019-10-18,75,88,0,28,0,10,-9,F Major,4,1FCwkiooaMCY8YpQdSJ0Gc,USAT21701342
2107,"Call Me - Acoustic","Thomas Law",120,7A,13,2026-04-26,02:46,30,"","Call Me (Acoustic)",2020-07-17,78,89,0,31,0,0,-19,D Minor,4,584LjCd9R3vjIdkMA05wX3,UK42F2000446
2108,"You Again","Jonah Kagen",120,3B,64,2026-04-26,03:14,58,"folk pop","Sunflowers and Leather",2025-09-05,55,48,0,51,0,10,-6,C♯/D♭ Major,4,5B4bDsnAtPF1gb30IFQhgw,USSM12501525
2109,"Hallucinogenics - Stripped","Matt Maeson",122,8B,31,2026-04-26,03:07,56,"","Bank On The Funeral (Stripped)",2019-10-18,59,90,0,32,0,10,-9,C Major,4,2AfgUQ2BSxGynkc5eoHIrE,USAT21804162
2110,"Dirty Love - Live at The Salt Shed, December 2023","Mt. Joy",121,6A,69,2026-04-26,04:25,33,"","Live at The Salt Shed",2024-06-28,40,16,39,27,0,40,-7,G Minor,4,0TqS8O4yonu7nCv3vaBUEo,USDMG2474007
2111,"God Needs The Devil (alt version)","Jonah Kagen",82,6A,51,2026-04-26,03:10,39,"folk pop","Black Dress",2024-11-22,46,73,0,38,0,0,-7,G Minor,4,17zHIF5uBZ0DEFpdw1WkzY,USAR12400498
2112,"Charlie Boy","The Lumineers",127,9B,19,2026-04-26,04:21,61,"folk pop, indie folk","The Lumineers",2012-04-03,41,96,2,27,0,10,-13,G Major,4,5AUOnTgFkxgEwItISM14vi,USDMG1260809
2113,"Cold Love","Rainbow Kitten Surprise",115,7B,26,2026-04-26,03:57,40,"","RKS",2015-00-00,64,77,0,21,0,10,-11,F Major,4,6wu6VGQ2raV6kDzxh84wLb,USAT21800293
2114,"Homing","Yoke Lore",130,8B,47,2026-04-26,03:37,35,"","Absolutes",2018-07-27,51,81,7,21,0,10,-9,C Major,4,3royvp9WhpT2oNRtInEGgU,QZ2P21800005
2115,"Sanctified","Matt Maeson",112,11B,47,2026-04-26,03:31,45,"","Never Had to Leave",2022-08-26,65,54,0,32,0,10,-9,A Major,4,7ySzpV1ZDSLe6C9KhcKr1C,USAT22207429
2116,"Against Me","H.E.R.",47,11A,34,2026-04-26,04:30,45,"r&b","I Used To Know Her",2019-08-30,48,38,0,8,30,10,-12,F#/G♭ Minor,3,7oyZBFN3b4fwWocws5NBcY,USRC11802599
2117,"First Fuck","6LACK,Jhené Aiko",88,5B,32,2026-04-26,03:25,56,"r&b","First Fuck",2017-02-24,35,92,0,43,0,10,-10,D#/E♭ Major,4,1u4orOe6gYxeE9xKpv11Qi,USUM71701332
2118,"CALYPSO","Bryson Tiller",98,3B,73,2026-04-26,03:08,55,"trap soul, r&b","Bryson Tiller",2024-04-05,75,3,0,32,10,10,-4,C♯/D♭ Major,4,2g4jtlKn4tSIzHFn4Z3IYg,USRC12400568
2119,"Play with Me","Rendezvous At Two",107,2B,44,2026-04-26,04:12,0,"","Play with Me",2017-11-01,72,33,0,26,20,10,-12,F#/G♭ Major,4,4N6MG4gb91V8etOIqIuqKc,NLS6R1702021
2120,"P*$$Y Fairy (OTW)","Jhené Aiko",128,7A,52,2026-04-26,03:01,65,"r&b","P*$$Y Fairy (OTW)",2020-01-17,57,54,0,35,20,10,-7,D Minor,4,48KXAIruJ07kJVCWOGohMV,USUM72000367
2121,"Pony","Ginuwine",142,1A,61,2026-04-26,04:11,75,"r&b","R&B: From Doo-Wop To Hip-Hop",1999-10-08,75,0,4,97,0,10,-9,G#/A♭ Minor,4,6mz1fBdKATx6qP4oP1I65G,USSM19605851
2122,"Lick (with Megan Thee Stallion)","Shenseea,Megan Thee Stallion",128,11A,48,2026-04-26,02:46,47,"dancehall, soca, afrobeats, ","ALPHA",2022-03-11,73,13,0,60,60,0,-7,F#/G♭ Minor,4,12WiFGJuVhlDTHkYU8cmUA,USUM72200693
2123,"Be Good","Shenseea",160,4A,65,2026-04-26,02:37,44,"dancehall, soca, afrobeats","Be Good",2021-08-20,78,18,0,43,0,10,-5,F Minor,4,1jZQeKeIvYZfuH9nXIRag4,USUM72112850
2124,"Wild Side (feat. Cardi B)","Normani,Cardi B",110,11A,57,2026-04-26,03:30,58,"","DOPAMINE",2024-06-14,74,2,0,33,10,10,-7,F#/G♭ Minor,4,6IPX1GkCDeX3oQr8ryB1Mq,USRC12101473
2125,"He Be Like","KenTheMan",125,11A,42,2026-04-26,03:13,30,"","He Be Like",2019-03-31,91,3,0,62,10,0,-11,F#/G♭ Minor,4,2j6Hg83V0ylPTX16tlgeaX,TCAEE1915187
2126,"Ask the Lonely","Journey",128,8B,90,2026-04-26,03:53,55,"aor, classic rock","Only the Young (Steve Perry & Bryce Miller Remix)",2023-10-27,52,18,0,77,0,0,-4,C Major,4,5KUfM9sjoGogDnrBulbVcW,USSM19932794
2127,"Not About You","Haiku Hands",126,9B,90,2026-04-26,03:21,36,"","Haiku Hands",2020-09-10,88,10,0,90,0,10,-6,G Major,4,6DHjOFbyv8ARCOp4nc7fN5,GBKPL1782812
2128,"Rät","Penelope Scott",144,4A,45,2026-04-26,03:14,0,"","Public Void",2020-09-25,59,31,0,30,20,10,-13,F Minor,4,25z6kpmIwkCUqk2IORrJ5v,QZK6F2019397
2129,"The Bidding","Tally Hall",175,8A,61,2026-04-26,02:40,68,"","Marvin's Marvelous Mechanical Museum",2005-10-24,54,25,0,52,20,10,-5,A Minor,4,0HBrtXJohbIW4IhPZ50GmH,TCAAY1150083
2130,"Dead Inside","Younger Hunger",120,11A,87,2026-04-26,03:20,57,"","Dead Inside",2018-10-12,70,5,0,77,0,20,-4,F#/G♭ Minor,4,2mle4atoY4qjRBpVgAUhdG,QM2PV1837707
2131,"No One Told Us","50 Cent,Leon Thomas",168,1A,79,2026-04-26,01:50,66,"old school hip hop, east coast hip hop, ","No One Told Us",2026-03-10,42,1,0,44,0,30,-5,G#/A♭ Minor,4,34VOEgQNftYHw57IgFJn0g,QT65Z2675984
2132,"the fruits","Paris Paloma",78,6A,6,2026-04-26,03:29,67,"","the fruits",2022-04-29,40,91,0,8,0,20,-22,G Minor,4,58VTP6KnZs12PcAj5rMJ4W,QZHN32249247
2133,"Since U Been Gone","Kelly Clarkson",131,8B,74,2026-04-26,03:08,79,"christmas","Breakaway",2004-01-17,66,0,3,40,0,10,-5,C Major,4,3xrn9i8zhNZsTtcoWgQEAd,GBCTA0400231
2134,"Eyes on Fire - Zeds Dead Remix","Blue Foundation,Zeds Dead",145,1B,73,2026-04-26,05:20,60,"dubstep, edm","Eyes on Fire (Zeds Dead Remix) [Zed Dead Remix]",2007-00-00,61,1,0,32,10,10,-6,B Major,4,3Oiauiojgokw9vWQvFmEoI,DKAZA1500279
2135,"Eyes On Fire - Live at The Royal Danish Theatre (2024)","Blue Foundation",145,2A,47,2026-04-26,06:09,8,"","Eyes on Fire (Live at The Royal Danish Theatre, Copenhagen, 2024)",2024-11-08,18,79,68,13,0,70,-12,D#/E♭ Minor,4,5YS3jHpClR6Vf5UlU3uEcf,QMDA62491854
2136,"Eyes On Fire","ORGAN,ONEIL,Della",100,2B,68,2026-04-26,02:55,35,"slap house, g-house, deep house","Eyes On Fire",2024-06-28,72,55,52,36,0,10,-8,F#/G♭ Major,4,6a0Ai5Qt9XSazbMEtx9UpC,CH7812412559
2137,"Eyes On Fire","Gold Souls",145,3B,80,2026-04-26,03:18,39,"","Eyes On Fire",2023-02-17,52,1,4,55,0,10,-6,C♯/D♭ Major,4,21vTvsVghirB8KYB9GGNdV,QZFZ62327510
2138,"I Follow Rivers - The Lost Sessions","Lykke Li",121,8A,12,2026-04-26,03:22,25,"","Wounded Rhymes (Anniversary Edition)",2021-07-16,44,97,0,10,0,0,-13,A Minor,3,7sgqIfFdquRypSqRMLVF7n,SE22U1100110
2139,"Where's My Love","SYML",104,5A,36,2026-04-26,03:22,79,"","SYML",2019-05-03,60,87,3,37,0,10,-10,C Minor,4,1B62o4CbdL9ckGvwsz2cgn,CAN111700009
2140,"In for the Kill","Billie Marten",75,8A,24,2026-04-26,03:55,33,"","Ribbon",2014-06-23,56,97,0,24,0,30,-11,A Minor,4,2saxFg8k6y1RjgqWaq20J4,GB2MH1410004
2141,"When Did You Get Hot?","Sabrina Carpenter",89,7B,67,2026-04-26,02:25,87,"pop","Man’s Best Friend",2025-08-29,70,23,0,57,10,30,-5,F Major,4,0je57Uq5eTk1wrPzn9sWbl,USUM72504446
2142,"Run the Road","Santigold",184,1A,79,2026-04-26,04:22,64,"","I Don't Want: The Gold Fire Sessions",2018-07-27,66,27,0,56,10,30,-5,G#/A♭ Minor,4,43kUtI55YuzmKZ6BBQLd4F,GBKPL1814781
2143,"Money On My Mind","Sam Smith",134,10B,84,2026-04-26,03:12,67,"soft pop","In The Lonely Hour",2014-05-26,67,20,0,74,10,20,-5,D Major,4,5XX9oGZfgKMXdHnEp4t2JB,GBUM71308252
2144,"Lay Me Down","Sam Smith",119,12B,33,2026-04-26,04:13,76,"soft pop","In The Lonely Hour",2014-05-26,42,77,0,17,0,10,-9,E Major,4,74sb4Gib0cL3TQeCjYF8vh,GBUM71308839
2145,"You Are Dreaming","Shout Out Louds",130,12B,90,2026-04-26,03:29,0,"swedish pop","Our Ill Wills",2007-09-11,57,1,0,30,0,20,-4,E Major,4,2r2rSlvRnFdrLZaFkFIQZz,SEVUM0700203
2146,"Me, Myself & I","Vitamin C",116,7A,87,2026-04-26,03:57,27,"","Vitamin C",1999-08-31,86,9,6,87,0,0,-6,D Minor,4,6norRlDJBcp8NvkYKRsyVe,USEE19900255
2147,"You'll Find A Way","Santigold",164,12A,83,2026-04-26,03:00,46,"","Santigold",2008-04-29,60,0,0,68,0,50,-3,C♯/D♭ Minor,4,1ZUj6t3goYbtWrCKFnwzIf,USCJ80600134
2148,"N.Y.C.","Kevin Rudolf,Nas",106,11B,91,2026-04-26,03:08,26,"old school hip hop, east coast hip hop, hip hop","In The City",2008-01-01,72,2,0,89,0,0,-4,A Major,4,2WGXzG8bHjqPxEpf3o0vKv,USCM50800958
2149,"Post Sex Clarity","Lola Young",148,4B,46,2026-04-26,04:21,68,"","I’m Only F**king Myself",2025-09-19,52,13,0,52,0,10,-7,G#/A♭ Major,4,1n4Y7LSSZ38HgEdpPpivpg,GBUM72502983
2150,"Anthems For A Seventeen Year-Old Girl","Maggie Rogers,Sylvan Esso",92,12B,59,2026-04-26,03:36,50,"","Anthems For A Seventeen Year-Old Girl",2025-04-24,73,43,0,73,0,10,-7,E Major,4,2lB6Q5nBX3d22RWX59jNj9,CAAA12591501
2151,"Windsurfing Nation","Broken Social Scene",169,10A,90,2026-04-26,04:35,26,"baroque pop, indie rock, indie","Broken Social Scene",2005-10-11,48,0,0,33,20,10,-8,B Minor,4,39f5NyqGQqmHEdZ30bvnu7,CAAA10501407
2152,"Satellite Mind","Metric",157,11A,94,2026-04-26,03:42,48,"","Fantasies",2009-05-02,50,0,5,82,0,20,-6,F#/G♭ Minor,4,5lVXRLV1LgQgd7kUGt3Mae,CARB70901903
2153,"Let's Talk Turkey","Ima Robot",119,12B,73,2026-04-26,03:07,22,"","Ima Robot",2003-01-01,59,1,0,73,0,10,-5,E Major,4,00E4esb89Dd6giQAYAoQkE,USVI20301121
2154,"Dirty Life","Ima Robot",110,7A,88,2026-04-26,03:42,20,"","Ima Robot",2003-01-01,58,1,0,65,0,10,-6,D Minor,4,46bY1xJ6ZtfmsweuiMp5jX,USVI20301120
2155,"Blue Ice","Shout Out Louds",154,8B,60,2026-04-26,04:14,0,"swedish pop","Optica (Bonus Track Version)",2013-02-26,69,7,39,53,0,10,-10,C Major,4,4GJscfhIlEUBESRGSRFCBu,USMRG1346003
2156,"Tonight I Have to Leave It","Shout Out Louds",136,11B,95,2026-04-26,03:33,0,"swedish pop","Our Ill Wills",2007-09-11,58,3,0,48,0,10,-3,A Major,4,14Ay2pKTvK5NhGZEYJlphk,SEVUM0700101
2157,"Normandie","Shout Out Louds",180,7B,92,2026-04-26,03:22,0,"swedish pop","Our Ill Wills",2007-09-11,67,8,0,90,10,0,-5,F Major,4,5iLcVXvQ039a4F479r5TNl,SEVUM0700207
2158,"Parents Livingroom","Shout Out Louds",108,7B,73,2026-04-26,03:52,0,"swedish pop","Our Ill Wills",2007-09-11,56,1,0,27,0,10,-6,F Major,4,0ziXIKp26x06iMVMLuHUot,SEVUM0700202
2159,"Please Please Please","Shout Out Louds",171,12A,75,2026-04-26,03:30,38,"swedish pop","Howl Howl Gaff Gaff",2005-01-01,17,0,0,23,0,0,-5,C♯/D♭ Minor,4,2fyg5cVv3Ka1sNSclneb8f,USCA20500122
2160,"Lose My Mind","Pacific Air",117,8B,74,2026-04-26,03:06,4,"","Stop Talking",2013-01-01,70,0,17,67,0,0,-5,C Major,4,0UFl069hESqqjDBsQgR5Qv,USUM71304773
2161,"Float","Pacific Air",120,8A,65,2026-04-26,03:18,8,"","Stop Talking",2013-01-01,72,7,0,61,0,10,-7,A Minor,4,5FytD7jX6YRc7faUkEsTyN,USUM71210971
2162,"Roses","Pacific Air",110,9A,69,2026-04-26,03:57,4,"","Stop Talking",2013-01-01,70,1,0,64,0,10,-6,E Minor,4,5Uxh9YwF8VoeyDv7GbWv11,USUM71212160
2163,"Move","Pacific Air",194,1B,83,2026-04-26,03:55,4,"","Stop Talking",2013-01-01,38,0,4,44,0,0,-7,B Major,4,6rNgSeA7eDk1F0jHQqFCFp,USCM51300404
2164,"Sunshine","Pacific Air",148,8B,67,2026-04-26,04:12,4,"","Stop Talking",2013-01-01,48,1,33,24,0,10,-9,C Major,4,2JIc4fTfyq2QW69fOuls0J,USUM71304774
2165,"Intermission","Pacific Air",114,10A,53,2026-04-26,02:37,2,"","Stop Talking",2013-01-01,51,39,12,28,0,10,-7,B Minor,3,67vJiX5PxpzTfApAMF7pkA,USUM71212159
2166,"Suits","Pacific Air",118,12A,77,2026-04-26,03:48,3,"","Stop Talking",2013-01-01,63,0,14,22,0,0,-7,C♯/D♭ Minor,4,5hPXhM3Li29Kh0ir31kNLc,USUM71304776
2167,"Play Nice","Pacific Air",109,4B,72,2026-04-26,04:05,3,"","Stop Talking",2013-01-01,62,2,6,45,0,0,-7,G#/A♭ Major,4,6ES64nmI72PWxi2kOiDXJe,USUM71304777
2168,"Duet In B Minor","Pacific Air",75,10A,79,2026-04-26,03:21,3,"","Stop Talking",2013-01-01,52,1,38,68,0,10,-6,B Minor,4,59VNCcXFnub27xbrnU1NZG,USUM71304779
2169,"So Strange","Pacific Air",92,7A,51,2026-04-26,04:10,2,"","Stop Talking",2013-01-01,41,1,4,13,0,10,-10,D Minor,4,6XIWYo8qJRsPTzpro5iLQE,USUM71212161
2170,"Where I'm Going","Sir Sly",160,7B,75,2026-04-26,03:19,30,"","You Haunt Me",2014-09-16,54,16,0,35,0,0,-6,F Major,4,4W9F8xE3NnQkzQOLurt9Mc,USUM71305810
2171,"Ghost","Sir Sly",85,9A,78,2026-04-26,03:37,40,"","You Haunt Me",2014-09-16,32,34,69,31,0,10,-5,E Minor,4,06k2bYET2TMAkekjmV5fja,USUM71305812
2172,"Inferno","Sir Sly,Lizzy Plapinger",84,8B,82,2026-04-26,02:49,24,"","You Haunt Me",2014-09-16,59,51,5,60,10,20,-5,C Major,4,7HBsFgw7zdjyPJ5GgCQGlb,USUM71409931
2173,"Leave You","Sir Sly",99,9B,86,2026-04-26,03:13,26,"","You Haunt Me",2014-09-16,63,42,2,53,0,0,-3,G Major,4,7mnDTg67eiP6WOC3FQsXKL,USUM71409932
2174,"Found You Out","Sir Sly",127,10B,86,2026-04-26,03:37,25,"","You Haunt Me",2014-09-16,59,2,2,40,0,10,-5,D Major,4,7a2utEMamL25CDBoCz5aGr,USUM71305813
2175,"Cardiac Arrest","Bad Suns",94,3B,87,2026-04-26,03:02,62,"","Language & Perspective",2014-07-01,62,6,0,78,0,0,-4,C♯/D♭ Major,4,5aejtAMTPonqopEygQgOkq,USVR91316301
2176,"Atonement","The Kickdrums",158,9B,84,2026-04-26,04:17,21,"","Thinking Out Loud",2013-10-08,54,0,5,52,10,0,-4,G Major,4,4f2G6J5S3bwN5edQURn04G,USHR21278001
2177,"Thinking Out Loud","The Kickdrums",175,8A,84,2026-04-26,03:32,4,"","Thinking Out Loud",2013-10-08,21,11,0,4,0,10,-5,A Minor,5,6xwaaV0a5rJvQv0akiXGyy,USHR21278008
2178,"I Just Want The Truth, Baby","Born Cages",82,1B,80,2026-04-26,02:49,21,"","I'm Glad I'm Not Me",2015-06-02,58,2,0,47,0,10,-4,B Major,4,3WCbCKjf8oKWVbi6vuhxTn,USRZR1439111
2179,"Fire Alarm","Castlecomer",145,11B,92,2026-04-26,03:57,47,"","Castlecomer",2018-10-05,51,0,2,52,0,30,-5,A Major,4,7IhXIYTj3JnqoyXWut3jFF,USDY41599500
2180,"Lately","The Helio Sequence",117,11B,83,2026-04-26,04:10,39,"","Keep Your Eyes Ahead",2008-01-29,44,0,0,16,0,20,-5,A Major,4,4DYT43PagBfyRsxXoR58XY,USSUB0770901
2181,"1940 - AmpLive Remix","The Submarines,Amp Live",87,4A,93,2026-04-26,03:14,46,"","Honeysuckle Remixes",2010-12-14,63,0,10,68,0,10,-3,F Minor,4,51T88D2jWZjltP0BmAS0eq,CAN110900001
2182,"Shoelaces","The Submarines",90,11B,86,2026-04-26,03:10,21,"","Love Notes/Letter Bombs (Bonus Track Version)",2011-04-05,65,7,0,58,0,40,-5,A Major,4,35QfNjOZqkoiTO4d8ZdS7r,CAN111000381
2183,"Tigers","The Submarines",140,2B,67,2026-04-26,04:59,25,"","Love Notes/Letter Bombs (Bonus Track Version)",2011-04-05,62,6,0,16,0,10,-6,F#/G♭ Major,4,5vMg5IrjwwEHr5S16lPxsN,CAN111000386
2184,"You, Me and the Bourgeoisie","The Submarines",127,12A,73,2026-04-26,03:24,36,"","Honeysuckle Weeks",2008-05-13,73,6,0,65,0,0,-5,C♯/D♭ Minor,4,46tMEl4m47ef5XYcWuWLbw,CAN110800020
2185,"Brightest Hour","The Submarines",100,11B,48,2026-04-26,02:33,33,"","Honeysuckle Weeks",2008-05-13,66,47,71,48,0,0,-10,A Major,4,0mO7Xu9F8K1NBeuGbxkwB6,CAN110800027
2186,"Future Self","Faded Paper Figures",196,3B,42,2026-04-26,04:20,7,"","Dynamo",2008-01-01,67,39,33,88,0,10,-14,C♯/D♭ Major,4,17G36U3SUiXTEYVFpSqJpa,usnuk0800005
2187,"Soft Shock - Acoustic Version","Yeah Yeah Yeahs",113,9B,48,2026-04-26,03:25,34,"indie rock","It's Blitz! (Deluxe Edition)",2009-03-06,51,75,0,55,0,10,-9,G Major,4,17RY9RzduTCpxZpwN0HtEW,USUM70954426
2188,"100 Summers","Rainbow Kitten Surprise",167,2B,71,2026-04-26,03:58,61,"","bones",2025-09-26,51,41,0,42,0,10,-6,F#/G♭ Major,4,5jpT2b5gkbfaGIfMsXoKK6,USAT22504347
2189,"Murder","Rainbow Kitten Surprise",141,3B,57,2026-04-26,03:17,50,"","bones",2025-09-26,59,52,0,16,0,20,-5,C♯/D♭ Major,4,7vBs57yYONIjmlLFXjTazJ,USAT22504351
2190,"King","Rainbow Kitten Surprise",154,9B,93,2026-04-26,02:36,47,"","bones",2025-09-26,55,44,1,56,0,10,-4,G Major,4,3aMmkUThZiT8ynSTh5Xntk,USAT22504352
2191,"Stars","Rainbow Kitten Surprise",156,6B,70,2026-04-26,03:07,47,"","bones",2025-09-26,66,58,0,30,0,10,-4,A#/B♭ Major,4,3CpTESaweBfLB3VM2gwyOM,USAT22504353
2192,"Texas Hold‘em","Rainbow Kitten Surprise",184,2B,64,2026-04-26,04:05,47,"","bones",2025-09-26,55,53,0,44,0,10,-6,F#/G♭ Major,4,5UEmz6KnGST4pSznrAPuJx,USAT22504354
2193,"Tropics","Rainbow Kitten Surprise",169,4B,73,2026-04-26,04:53,57,"","bones",2025-09-26,51,33,0,46,0,10,-4,G#/A♭ Major,4,50kY9njISacBSyPLyR8cwk,USAT22504355